START,n_1,C_max,Npred_0,CboundMax,Lambda_max,Jitter,JitterRatio,Status
7PRD2,108,43.84470566,105,78.50323911,-5.824859e-01,73.359476,-0.472448,EXPECTED
5PR9D2,138,48.55565776,135,85.11539980,-5.612973e-01,80.423876,-0.454588,EXPECTED
5PR5,150,50.21293210,150,88.25349937,-5.639407e-01,83.536701,-0.455376,EXPECTED
5PR6,192,55.28251517,180,94.28118475,-5.338250e-01,89.130812,-0.437544,EXPECTED
5PR13D2,198,55.93153638,195,96.97943876,-5.503706e-01,91.668860,-0.447785,EXPECTED
5PR15D2,231,29.61991054,225,91.25549041,-1.125216e+00,58.606551,-1.051684,EXPECTED
5PR8,240,30.03740301,240,93.26550353,-1.133007e+00,59.916611,-1.055268,EXPECTED
5PR9,282,31.83111540,270,96.37661321,-1.107819e+00,62.356962,-1.035097,EXPECTED
5PR10,312,32.98208562,300,99.53810490,-1.104576e+00,64.593639,-1.030380,EXPECTED
7PR3D2,315,33.09209196,315,102.53569961,-1.130917e+00,50.875475,-1.364972,EXPECTED
5PR11,334,22.51290643,330,76.81030985,-1.227250e+00,51.661165,-1.051029,EXPECTED
5PR23D2,356,23.00987406,345,77.62996329,-1.216030e+00,52.418956,-1.041991,EXPECTED
5PR12,370,23.31301187,360,78.11358542,-1.209152e+00,53.150906,-1.031037,EXPECTED
5PR25D2,386,23.64799918,375,79.10280030,-1.207470e+00,53.858850,-1.029632,EXPECTED
5PR13,399,23.91177257,390,80.69983296,-1.216366e+00,54.544425,-1.041134,EXPECTED
7PR2,420,24.32311798,420,83.29325508,-1.230940e+00,47.560058,-1.239909,EXPECTED
5PR29D2,446,18.60694566,435,68.00274247,-1.296013e+00,48.093739,-1.027073,EXPECTED
5PR15,464,18.84909116,450,68.95117888,-1.296934e+00,48.612713,-1.030638,EXPECTED
5PR31D2,465,18.86231175,465,69.32471709,-1.301636e+00,49.117827,-1.027375,EXPECTED
5PR16,489,19.17267660,480,69.72490249,-1.291071e+00,49.609856,-1.018996,EXPECTED
5PR33D2,506,19.38487945,495,71.13376097,-1.300069e+00,50.089509,-1.033128,EXPECTED
5PR17,522,19.57920182,510,71.43145057,-1.294270e+00,50.557438,-1.025611,EXPECTED
5PR18,552,15.94435557,540,62.33555323,-1.363427e+00,46.039440,-1.007640,EXPECTED
5PR37D2,567,16.08006244,555,62.95267396,-1.364803e+00,46.429671,-1.009540,EXPECTED
5PR19,582,16.21277838,570,63.63692777,-1.367394e+00,46.811331,-1.013091,EXPECTED
5PR39D2,597,16.34264175,585,64.32374545,-1.370151e+00,47.184815,-1.016876,EXPECTED
5PR20,612,16.46978127,600,64.13461960,-1.359457e+00,47.550490,-1.002405,EXPECTED
5PR41D2,618,16.51990156,615,64.75678559,-1.366073e+00,47.908700,-1.006850,EXPECTED
7PR3,644,16.73245072,630,66.41719766,-1.378606e+00,48.259764,-1.029527,EXPECTED
5PR43D2,645,16.74047986,645,65.60458561,-1.365816e+00,44.812359,-1.090416,EXPECTED
5PR22,667,14.09542613,660,59.50162890,-1.440153e+00,45.123671,-1.006261,EXPECTED
5PR45D2,687,14.22379710,675,59.07761041,-1.423936e+00,45.429174,-0.987335,EXPECTED
5PR23,696,14.28053406,690,59.76461388,-1.431516e+00,45.729093,-0.994642,EXPECTED
5PR47D2,714,14.39216763,705,59.93107693,-1.426511e+00,46.023646,-0.989468,EXPECTED
5PR24,733,14.50744380,720,60.11368816,-1.421576e+00,46.313032,-0.984739,EXPECTED
7PR7D2,747,14.59077284,735,61.85523132,-1.444407e+00,46.597444,-1.014314,EXPECTED
5PR25,763,12.58662691,750,60.77431521,-1.574532e+00,44.095109,-1.092813,EXPECTED
5PR51D2,771,12.62621735,765,56.16157275,-1.492457e+00,44.353782,-0.981548,EXPECTED
5PR26,792,12.72850565,780,56.61725418,-1.492470e+00,44.608256,-0.983871,EXPECTED
5PR53D2,804,12.78592525,795,56.39550990,-1.484045e+00,44.858675,-0.972155,EXPECTED
5PR27,816,25.68524105,810,56.56874164,-7.895400e-01,45.105175,-0.684700,EXPECTED
5PR55D2,825,25.76935659,825,57.58731231,-8.041162e-01,45.347885,-0.701641,EXPECTED
7PR4,846,12.98131464,840,58.48065372,-1.505185e+00,45.586928,-0.998079,EXPECTED
5PR57D2,858,26.07124374,855,65.79985209,-9.257847e-01,43.718769,-0.908731,EXPECTED
5PR29,882,22.99906454,870,66.69525550,-1.064680e+00,43.940169,-0.994447,EXPECTED
5PR59D2,885,11.51104992,885,66.42848435,-1.752819e+00,44.158390,-1.243647,EXPECTED
5PR30,913,11.61697202,900,67.80480245,-1.764166e+00,44.373526,-1.266247,EXPECTED
5PR61D2,924,11.65782714,915,67.12077839,-1.750516e+00,44.585670,-1.243964,EXPECTED
5PR31,944,11.73105712,930,67.87229998,-1.755388e+00,44.794910,-1.253295,EXPECTED
7PR9D2,950,11.75276774,945,67.72414374,-1.751354e+00,45.001330,-1.243772,EXPECTED
5PR32,960,11.78869318,960,67.82825225,-1.749838e+00,43.584461,-1.285769,EXPECTED
5PR65D2,987,10.56366110,975,62.71170838,-1.781128e+00,43.778271,-1.191186,EXPECTED
5PR33,1003,10.61299477,990,62.35114252,-1.770703e+00,43.969583,-1.176680,EXPECTED
5PR67D2,1017,10.65561263,1005,63.46567236,-1.784412e+00,44.158467,-1.195921,EXPECTED
5PR34,1026,21.36549105,1020,62.89055693,-1.079619e+00,44.344986,-0.936409,EXPECTED
5PR69D2,1045,10.73936361,1035,63.72460371,-1.780655e+00,44.529203,-1.189899,EXPECTED
7PR5,1056,21.54348180,1050,63.41686355,-1.079657e+00,44.711178,-0.936530,EXPECTED
5PR71D2,1066,10.80092514,1065,63.67530712,-1.774165e+00,43.630163,-1.211877,EXPECTED
5PR36,1092,19.57629765,1080,59.54375037,-1.112392e+00,43.802835,-0.912440,EXPECTED
5PR73D2,1100,19.61717033,1095,59.55877131,-1.110558e+00,43.973490,-0.908311,EXPECTED
5PR37,1113,19.68304815,1110,59.90043032,-1.112926e+00,44.142178,-0.911087,EXPECTED
5PR75D2,1126,9.87413474,1125,59.42310143,-1.794764e+00,44.308945,-1.118261,EXPECTED
5PR38,1152,9.93839876,1140,59.78392159,-1.794331e+00,44.473839,-1.120783,EXPECTED
11PRD2,1230,18.40725247,1155,60.08873767,-1.183078e+00,44.578718,-0.935009,EXPECTED
7PR6,1290,27.98178431,1260,57.37200904,-7.180028e-01,44.809742,-0.655889,EXPECTED
7PR13D2,1440,24.40974387,1365,54.70334485,-8.069425e-01,32.940282,-0.919652,EXPECTED
7PR7,1491,16.42929405,1470,53.13905791,-1.173846e+00,31.517435,-1.164745,EXPECTED
7PR15D2,1614,23.38283640,1575,51.28041382,-7.853066e-01,30.257188,-0.922015,EXPECTED
7PR8,1710,14.77782345,1680,49.34876273,-1.205785e+00,29.131834,-1.186707,EXPECTED
7PR17D2,1875,20.04592285,1785,48.18990858,-8.771238e-01,28.119772,-1.000861,EXPECTED
7PR9,1890,13.39222281,1890,46.88961330,-1.253122e+00,27.203886,-1.231346,EXPECTED
7PR19D2,1995,19.24522412,1995,45.80570288,-8.671457e-01,26.370429,-1.007207,EXPECTED
7PR10,2145,12.38792158,2145,45.16769038,-1.293660e+00,25.608214,-1.280049,EXPECTED
7PR21D2,2256,11.92384488,2205,44.50278516,-1.317012e+00,24.908044,-1.307969,EXPECTED
11PR,2364,17.24101110,2310,45.10898754,-9.617906e-01,24.262278,-1.148613,EXPECTED
7PR23D2,2457,16.62122952,2415,44.27897853,-9.798293e-01,23.664509,-1.168744,EXPECTED
7PR12,2571,10.72255521,2520,43.61773983,-1.403114e+00,23.109326,-1.423459,EXPECTED
7PR25D2,2685,20.77930325,2625,43.38968719,-7.362643e-01,22.592122,-1.000808,EXPECTED
7PR13,2730,20.03220614,2730,43.95734476,-7.858784e-01,22.108946,-1.082147,EXPECTED
7PR27D2,2847,14.59995034,2835,43.01333775,-1.080492e+00,21.656394,-1.312009,EXPECTED
7PR14,3030,13.77028985,2940,42.85981630,-1.135421e+00,21.231511,-1.370111,EXPECTED
7PR29D2,3099,9.23183775,3045,43.03946389,-1.539459e+00,20.831719,-1.622892,EXPECTED
7PR15,3195,13.47192129,3150,42.61154635,-1.151518e+00,20.454761,-1.424589,EXPECTED
7PR31D2,3345,16.99531036,3255,42.80475147,-9.237117e-01,20.098649,-1.284138,EXPECTED
7PR16,3360,17.01405606,3360,52.54460870,-1.127623e+00,19.761625,-1.797957,EXPECTED
11PR3D2,3549,16.70529030,3465,54.60466433,-1.184394e+00,19.442129,-1.949343,EXPECTED
7PR17,3645,12.22876949,3570,53.39243476,-1.473878e+00,19.138769,-2.150800,EXPECTED
7PR35D2,3705,15.88854026,3675,52.03445701,-1.186308e+00,18.850304,-1.917524,EXPECTED
7PR18,3855,11.68802306,3780,51.27859892,-1.478709e+00,18.575617,-2.131320,EXPECTED
7PR37D2,3885,15.17960282,3885,50.80004214,-1.207945e+00,18.313705,-1.945015,EXPECTED
7PR19,4050,11.18878050,3990,50.36893143,-1.504463e+00,18.063661,-2.169004,EXPECTED
7PR39D2,4194,10.98617752,4095,49.98419615,-1.515069e+00,17.824665,-2.187868,EXPECTED
7PR20,4251,17.89859314,4290,48.87850783,-1.004616e+00,17.930362,-1.727791,EXPECTED
7PR41D2,4305,10.77163058,4305,49.04349972,-1.515792e+00,17.697494,-2.162559,EXPECTED
7PR21,4482,17.24183303,4410,48.21661276,-1.028365e+00,17.474521,-1.772568,EXPECTED
7PR43D2,4515,13.81754647,4515,47.83817376,-1.241885e+00,17.260801,-1.970976,EXPECTED
11PR2,4620,13.56235717,4620,48.01044304,-1.264120e+00,17.055749,-2.019735,EXPECTED
7PR45D2,4761,13.03829665,4725,46.53350084,-1.272282e+00,16.858830,-1.986805,EXPECTED
7PR23,4923,9.63712670,4830,46.41893761,-1.572085e+00,16.669554,-2.206526,EXPECTED
7PR47D2,4980,15.75528733,4935,45.70720128,-1.065080e+00,16.487468,-1.816647,EXPECTED
7PR24,5055,12.64853125,5040,45.04093262,-1.270031e+00,16.312157,-1.985783,EXPECTED
7PR49D2,5235,12.22117675,5145,44.58000836,-1.294115e+00,16.143238,-2.004482,EXPECTED
7PR25,5270,9.18015324,5250,44.13564935,-1.570224e+00,15.980357,-2.187404,EXPECTED
7PR51D2,5457,14.80801570,5355,44.27027794,-1.095145e+00,15.823186,-1.861968,EXPECTED
7PR26,5460,20.73387038,5460,44.06121031,-7.538112e-01,15.671421,-1.488527,EXPECTED
7PR53D2,5610,11.46410875,5565,43.05879509,-1.323345e+00,15.524781,-2.035113,EXPECTED
7PR27,5700,14.38302583,5670,42.50646516,-1.083607e+00,15.383002,-1.828215,EXPECTED
11PR5D2,5859,13.93858597,5775,43.07131570,-1.128196e+00,15.245841,-1.910864,EXPECTED
7PR28,5910,8.37986918,5880,41.77032103,-1.606354e+00,15.113071,-2.209376,EXPECTED
7PR57D2,6027,11.01959229,5985,41.91665785,-1.336009e+00,14.984478,-2.061938,EXPECTED
7PR29,6132,13.58226058,6090,41.39264394,-1.114339e+00,14.859864,-1.871510,EXPECTED
7PR59D2,6279,13.18524664,6195,40.89830744,-1.131990e+00,14.739043,-1.880248,EXPECTED
7PR30,6315,18.48348879,6300,40.43025663,-7.827006e-01,14.621840,-1.500958,EXPECTED
7PR61D2,6435,10.42769561,6405,40.26303903,-1.350969e+00,14.508093,-2.056462,EXPECTED
7PR31,6564,10.30036924,6510,40.10969758,-1.359438e+00,14.397648,-2.070430,EXPECTED
7PR63D2,6630,12.69323572,6615,39.52535392,-1.135873e+00,14.290360,-1.877638,EXPECTED
7PR32,6741,15.04281552,6720,39.24055806,-9.588104e-01,14.186094,-1.705737,EXPECTED
7PR65D2,6870,14.86777153,6825,39.73176812,-9.829552e-01,14.084722,-1.765317,EXPECTED
11PR3,7020,14.48084675,6930,39.63297730,-1.006835e+00,13.986123,-1.798363,EXPECTED
7PR67D2,7074,9.67061063,7035,38.56174921,-1.383169e+00,13.890184,-2.079968,EXPECTED
7PR34,7203,9.56295955,7140,38.73963166,-1.398966e+00,13.796797,-2.114742,EXPECTED
7PR69D2,7275,9.44133787,7245,38.32981792,-1.401130e+00,13.705860,-2.107747,EXPECTED
7PR35,7350,9.32396654,7350,37.68490404,-1.396671e+00,13.617277,-2.082717,EXPECTED
7PR71D2,7524,13.85580090,7455,37.57092516,-9.975265e-01,13.530958,-1.752657,EXPECTED
7PR36,7590,13.68460158,7560,37.21786201,-1.000518e+00,13.446816,-1.750099,EXPECTED
7PR73D2,7665,11.26797823,7665,37.11190399,-1.191973e+00,13.364769,-1.933735,EXPECTED
7PR37,7848,8.93614168,7770,37.01475699,-1.421213e+00,13.284739,-2.113599,EXPECTED
7PR75D2,7890,11.03027885,7875,36.55897362,-1.198283e+00,13.206653,-1.933018,EXPECTED
7PR38,8070,8.74879724,7980,36.84670474,-1.437850e+00,13.130440,-2.139906,EXPECTED
11PR7D2,8169,8.65556242,8085,37.08404472,-1.454985e+00,13.056034,-2.177421,EXPECTED
7PR39,8280,10.70910986,8190,36.71350400,-1.232050e+00,12.983372,-2.002900,EXPECTED
7PR79D2,8370,12.71445433,8295,35.85972405,-1.036875e+00,12.912392,-1.792485,EXPECTED
7PR40,8445,12.57625309,8400,35.55899483,-1.039383e+00,12.843038,-1.789510,EXPECTED
7PR81D2,8595,10.38788860,8580,35.50982725,-1.229169e+00,12.877898,-1.950779,EXPECTED
7PR41,8694,12.34079189,8610,35.66193618,-1.061174e+00,12.809463,-1.820618,EXPECTED
7PR83D2,8715,12.34735758,8715,35.36537558,-1.052291e+00,12.742566,-1.806388,EXPECTED
7PR42,8895,12.10055083,8820,35.08080383,-1.064403e+00,12.677157,-1.812729,EXPECTED
7PR85D2,8931,10.09275241,8925,35.46772819,-1.256806e+00,12.613188,-2.011781,EXPECTED
7PR43,9036,7.99743312,9030,34.93777890,-1.474448e+00,12.550610,-2.146537,EXPECTED
7PR87D2,9180,11.75458664,9135,34.87552406,-1.087542e+00,12.489381,-1.851248,EXPECTED
11PR4,9240,11.77137712,9240,35.33580723,-1.099226e+00,12.429457,-1.895854,EXPECTED
7PR89D2,9357,15.55544959,9345,34.33174726,-7.916595e-01,12.370797,-1.517792,EXPECTED
7PR45,9465,11.56145443,9450,34.07558829,-1.080905e+00,12.313363,-1.828431,EXPECTED
7PR91D2,9576,9.54933733,9555,34.68790462,-1.289919e+00,12.257118,-2.050936,EXPECTED
7PR46,9705,13.11017242,9660,34.16928342,-9.579386e-01,12.202024,-1.725870,EXPECTED
7PR93D2,9810,14.85316521,9765,33.90843206,-8.254507e-01,12.148049,-1.568587,EXPECTED
7PR47,9879,11.15687054,9870,33.65785830,-1.104191e+00,12.095159,-1.860330,EXPECTED
7PR95D2,10053,9.13201823,9975,33.82296564,-1.309353e+00,12.043322,-2.050177,EXPECTED
7PR48,10101,10.96975308,10080,33.18443397,-1.106939e+00,11.992508,-1.852380,EXPECTED
7PR97D2,10257,10.77454031,10185,33.13454878,-1.123391e+00,11.942688,-1.872276,EXPECTED
7PR49,10290,10.78203631,10290,32.90932330,-1.115875e+00,11.893833,-1.860400,EXPECTED
11PR9D2,10395,12.47538316,10395,33.71443167,-9.941686e-01,11.845917,-1.792943,EXPECTED
7PR50,10530,10.61249571,10500,32.64415421,-1.123634e+00,11.798914,-1.867262,EXPECTED
7PR101D2,10620,8.76959842,10605,32.60047992,-1.313036e+00,11.752798,-2.027677,EXPECTED
7PR51,10785,13.79650456,10710,32.95171934,-8.706282e-01,11.707546,-1.636143,EXPECTED
7PR103D2,10860,10.36282859,10815,32.34751944,-1.138312e+00,11.663134,-1.884973,EXPECTED
7PR52,10920,13.69652847,10920,32.90968261,-8.766245e-01,11.619541,-1.653521,EXPECTED
7PR105D2,11082,8.50327565,11025,32.02123256,-1.325948e+00,11.576743,-2.031483,EXPECTED
7PR53,11187,10.12533778,11130,32.06870930,-1.152840e+00,11.534722,-1.902375,EXPECTED
7PR107D2,11265,10.04293229,11235,31.86728186,-1.154711e+00,11.493456,-1.898850,EXPECTED
7PR54,11361,8.30449100,11340,31.67253072,-1.338653e+00,11.452927,-2.040355,EXPECTED
7PR109D2,11493,9.89581443,11445,31.63912324,-1.162283e+00,11.413115,-1.905116,EXPECTED
11PR5,11574,8.18171969,11550,32.38851437,-1.375902e+00,11.374003,-2.128256,EXPECTED
7PR111D2,11700,9.74968176,11655,31.58230878,-1.175362e+00,11.335573,-1.926028,EXPECTED
7PR56,11820,11.29484190,11760,31.23389338,-1.017158e+00,11.297809,-1.764860,EXPECTED
7PR113D2,11880,12.80485823,11865,31.20474721,-8.907456e-01,11.260694,-1.633992,EXPECTED
7PR57,11970,11.12118155,11970,31.52207951,-1.041837e+00,11.224212,-1.817580,EXPECTED
7PR115D2,12156,9.47838219,12075,31.32542346,-1.195416e+00,11.188349,-1.952660,EXPECTED
7PR58,12180,12.53125765,12180,31.13561546,-9.101262e-01,11.153090,-1.668090,EXPECTED
7PR117D2,12351,10.90090564,12285,31.49200205,-1.060888e+00,11.118420,-1.851980,EXPECTED
7PR59,12435,12.36762183,12390,30.77473436,-9.116121e-01,11.084325,-1.660644,EXPECTED
7PR119D2,12495,13.80771788,12495,31.09398200,-8.117866e-01,11.050793,-1.564256,EXPECTED
7PR60,12600,12.19022463,12600,30.43624067,-9.149997e-01,11.017811,-1.656047,EXPECTED
11PR11D2,12705,13.62169708,12705,31.28215087,-8.313838e-01,10.985365,-1.607635,EXPECTED
7PR61,12891,10.53796287,12810,30.39486124,-1.059289e+00,11.004338,-1.804461,EXPECTED
7PR123D2,13008,14.95729811,12915,30.50595834,-7.127227e-01,10.972192,-1.417097,EXPECTED
7PR62,13110,11.88652390,13020,30.48991602,-9.419907e-01,10.940565,-1.700405,EXPECTED
7PR125D2,13218,8.85712871,13125,30.10910585,-1.223605e+00,10.909443,-1.948035,EXPECTED
7PR63,13320,8.79935862,13230,30.02097619,-1.227218e+00,10.878817,-1.950728,EXPECTED
7PR127D2,13389,8.73789591,13335,30.00171727,-1.233585e+00,10.848675,-1.960039,EXPECTED
7PR64,13527,8.68671084,13440,29.84849787,-1.234340e+00,10.819006,-1.955983,EXPECTED
7PR129D2,13545,13.03370957,13545,29.97019420,-8.326643e-01,10.789802,-1.569675,EXPECTED
7PR65,13704,10.00218041,13650,30.44906917,-1.113252e+00,10.761050,-1.900083,EXPECTED
7PR131D2,13794,12.77702074,13755,29.66433030,-8.422970e-01,10.732743,-1.573438,EXPECTED
11PR6,13956,11.29693493,13860,30.45681040,-9.917782e-01,10.704871,-1.789828,EXPECTED
7PR133D2,13965,11.29846120,13965,29.93517440,-9.743677e-01,10.677424,-1.745432,EXPECTED
7PR67,14115,8.36316621,14070,29.48940064,-1.260194e+00,10.650393,-1.983611,EXPECTED
7PR135D2,14250,9.70241293,14175,29.28175685,-1.104590e+00,10.623771,-1.842975,EXPECTED
7PR68,14334,8.26397210,14280,29.76849995,-1.281545e+00,10.597549,-2.029198,EXPECTED
7PR137D2,14475,9.58893603,14385,29.19218138,-1.113291e+00,10.571719,-1.854310,EXPECTED
7PR69,14520,13.70735812,14490,29.45740496,-7.650125e-01,10.546272,-1.493423,EXPECTED
7PR139D2,14637,12.26575817,14595,29.04311386,-8.619699e-01,10.521202,-1.594623,EXPECTED
7PR70,14760,12.10779607,14700,28.90881257,-8.702969e-01,10.496501,-1.600630,EXPECTED
7PR141D2,14805,12.11547627,14805,29.02491574,-8.736710e-01,10.472161,-1.614704,EXPECTED
7PR71,14952,10.71328527,14910,28.88884961,-9.919711e-01,10.448176,-1.739592,EXPECTED
13PRD2,15330,13.08207002,15015,30.48898646,-8.461229e-01,10.205894,-1.705575,EXPECTED
11PR7,16932,12.07750341,16170,28.92233739,-8.732697e-01,10.028133,-1.679758,EXPECTED
11PR15D2,17985,13.79453276,17325,28.37445072,-7.212168e-01,9.845172,-1.480921,EXPECTED
11PR8,19425,13.00028266,18480,27.81345770,-7.605489e-01,9.686479,-1.529263,EXPECTED
11PR17D2,20235,12.61740031,19635,27.94026877,-7.949921e-01,9.548284,-1.604777,EXPECTED
11PR9,21540,13.93753729,20790,26.86740138,-6.563280e-01,8.703067,-1.485668,EXPECTED
11PR19D2,22890,13.30932282,21945,27.06858325,-7.099090e-01,8.427545,-1.632653,EXPECTED
11PR10,23925,13.73789462,23205,26.55963169,-6.592344e-01,8.175729,-1.568268,EXPECTED
11PR21D2,25305,11.37299736,24255,25.81255315,-8.196190e-01,7.944572,-1.817537,EXPECTED
11PR11,26145,11.97030631,25935,25.78671405,-7.674303e-01,7.756242,-1.781328,EXPECTED
11PR23D2,26880,11.69729931,26565,25.71103085,-7.875621e-01,7.557399,-1.854306,EXPECTED
11PR12,28665,13.46426068,27720,25.00421789,-6.190057e-01,7.372943,-1.565177,EXPECTED
11PR25D2,29295,10.88960824,28875,24.76504144,-8.216241e-01,7.221326,-1.921452,EXPECTED
13PR,31065,11.88832946,30030,26.92379354,-8.174532e-01,7.059878,-2.129706,EXPECTED
11PR27D2,32280,12.97807726,31395,27.24066631,-7.414494e-01,6.908883,-2.064384,EXPECTED
11PR14,32340,12.93944458,32340,26.87069547,-7.307559e-01,6.767324,-2.058606,EXPECTED
11PR29D2,33600,12.53353251,33495,26.22979832,-7.384885e-01,6.649932,-2.059610,EXPECTED
11PR15,34785,10.83320137,34650,26.01615596,-8.761021e-01,8.789909,-1.727316,EXPECTED
11PR31D2,36765,11.66658489,35805,25.27824254,-7.732153e-01,8.771330,-1.551835,EXPECTED
11PR16,37485,11.47413346,36960,24.77341373,-7.696758e-01,8.756614,-1.518770,EXPECTED
11PR33D2,38850,10.54673217,38115,24.44502330,-8.406106e-01,8.750763,-1.588238,EXPECTED
11PR17,39480,12.24169616,39270,24.22762531,-6.826457e-01,8.742471,-1.371000,EXPECTED
11PR35D2,41496,11.74734353,41055,23.61208356,-6.981315e-01,8.737264,-1.357947,EXPECTED
11PR18,42315,14.43819499,42315,23.36604014,-4.814066e-01,8.734925,-1.022086,EXPECTED
11PR37D2,42735,11.45538937,42735,23.23690136,-7.072813e-01,8.739038,-1.348147,EXPECTED
11PR19,43890,11.79138810,43890,23.43587831,-6.868987e-01,8.741539,-1.332087,EXPECTED
13PR3D2,45045,10.43819702,45045,23.64234935,-8.175677e-01,8.746398,-1.509667,EXPECTED
11PR20,46230,10.21990379,46410,23.12773412,-8.166953e-01,8.756350,-1.474111,EXPECTED
11PR41D2,47430,11.06590314,47355,22.86910101,-7.259181e-01,8.765228,-1.346593,EXPECTED
11PR21,49140,11.25979922,48510,22.54847428,-6.944286e-01,8.776083,-1.286300,EXPECTED
11PR43D2,49665,11.66685471,49665,22.70212896,-6.657068e-01,8.788803,-1.255606,EXPECTED
11PR22,51870,12.74200027,51870,22.72322492,-5.784839e-01,8.805179,-1.133563,EXPECTED
11PR45D2,53025,11.54557764,51975,22.34569550,-6.603312e-01,8.821114,-1.224349,EXPECTED
11PR23,54180,10.86546184,53130,22.72896180,-7.380508e-01,8.838647,-1.342230,EXPECTED
11PR47D2,55419,10.67709130,54285,22.43023534,-7.423094e-01,8.857699,-1.326885,EXPECTED
11PR24,55965,11.51436973,55965,22.21479416,-6.571627e-01,8.879289,-1.205099,EXPECTED
11PR49D2,56595,12.77483122,56595,22.11997442,-5.490041e-01,8.900985,-1.049900,EXPECTED
11PR25,58170,11.14496153,58695,22.08319859,-6.838296e-01,8.924007,-1.225709,EXPECTED
11PR51D2,58905,12.79194283,58905,22.64642298,-5.711864e-01,8.948884,-1.101197,EXPECTED
13PR2,60840,10.30957733,60060,22.83644976,-7.952846e-01,8.974230,-1.395872,EXPECTED
11PR53D2,61845,10.17813681,61215,22.12359943,-7.764029e-01,9.000748,-1.327163,EXPECTED
11PR27,63000,11.69032738,62790,22.15247379,-6.391874e-01,9.028392,-1.158805,EXPECTED
11PR55D2,64050,11.11653712,64155,21.87387328,-6.768591e-01,9.057120,-1.187722,EXPECTED
11PR28,65625,11.31274254,64680,21.83030258,-6.573693e-01,9.086754,-1.157461,EXPECTED
11PR57D2,66165,11.23720564,65835,22.34797161,-6.875054e-01,7.493389,-1.482742,EXPECTED
11PR29,67410,10.66388931,66990,22.11080096,-7.292030e-01,7.400794,-1.546714,EXPECTED
11PR59D2,68145,9.39248455,68145,21.89707652,-8.464433e-01,7.321053,-1.708032,EXPECTED
11PR30,70389,10.68421744,69615,22.14559728,-7.288711e-01,7.233654,-1.584452,EXPECTED
11PR61D2,71400,12.05711387,70455,21.84116655,-5.941417e-01,7.148827,-1.368624,EXPECTED
11PR31,71610,11.27547226,71610,21.98011372,-6.675084e-01,7.075671,-1.512880,EXPECTED
11PR63D2,73185,10.34694479,72765,21.63228501,-7.374956e-01,6.995385,-1.613255,EXPECTED
11PR32,73920,10.62606183,73920,21.61483851,-7.100704e-01,6.917352,-1.588581,EXPECTED
13PR5D2,75075,10.84894085,75075,22.44713484,-7.270955e-01,6.841477,-1.695276,EXPECTED
11PR33,76860,10.28051377,76230,21.57376142,-7.412276e-01,6.775928,-1.666672,EXPECTED
11PR67D2,77760,10.18765457,77805,21.92494937,-7.664486e-01,6.703876,-1.750822,EXPECTED
11PR34,79170,10.38561614,78540,22.16846380,-7.582489e-01,6.633730,-1.776202,EXPECTED
11PR69D2,79800,11.34760555,79695,21.97356521,-6.608334e-01,6.565411,-1.618476,EXPECTED
11PR35,81375,11.16100638,80850,21.51162510,-6.561674e-01,6.506301,-1.590861,EXPECTED
11PR71D2,82365,10.71835662,82005,21.63796102,-7.024914e-01,6.441234,-1.695266,EXPECTED
11PR36,83250,9.96325330,83160,21.48919428,-7.686466e-01,6.377794,-1.807199,EXPECTED
11PR73D2,84840,10.46001713,84630,21.62177218,-7.261407e-01,6.315917,-1.767242,EXPECTED
11PR37,86190,10.33180233,85470,21.73529366,-7.437106e-01,6.262309,-1.820972,EXPECTED
11PR75D2,86940,9.93724985,86625,21.46089872,-7.699423e-01,6.203223,-1.857687,EXPECTED
11PR38,87990,10.47095528,87780,22.00450468,-7.426419e-01,6.145538,-1.876736,EXPECTED
11PR77D2,89250,11.28564698,88935,21.44447207,-6.419352e-01,6.095514,-1.666607,EXPECTED
13PR3,90090,12.14368031,90090,22.29424152,-6.075195e-01,6.040333,-1.680464,EXPECTED
11PR79D2,91905,11.33083638,91245,21.55658127,-6.431533e-01,5.986411,-1.708160,EXPECTED
11PR40,92430,10.97128003,92820,21.87162089,-6.899090e-01,5.933703,-1.837022,EXPECTED
11PR81D2,93765,9.93176690,94185,21.69132238,-7.811739e-01,5.887945,-1.997226,EXPECTED
11PR41,95160,10.70288063,94710,21.66491359,-7.051811e-01,5.837416,-1.877891,EXPECTED
11PR83D2,95865,10.34874274,95865,21.53721368,-7.329173e-01,5.787984,-1.933051,EXPECTED
11PR42,97650,9.31425456,97020,21.41919024,-8.327413e-01,5.739614,-2.109016,EXPECTED
11PR85D2,99015,10.94264554,98175,22.04375022,-7.003615e-01,5.697579,-1.948390,EXPECTED
11PR43,99330,10.62587876,99330,21.64840129,-7.116392e-01,5.651116,-1.950504,EXPECTED
11PR87D2,101115,10.18296945,100485,21.76708773,-7.596824e-01,5.605616,-2.066520,EXPECTED
11PR44,101640,10.70136986,101745,21.57470070,-7.011496e-01,5.566049,-1.953510,EXPECTED
11PR89D2,103110,10.02534808,103740,21.79623275,-7.766205e-01,5.522285,-2.131524,EXPECTED
11PR45,104475,10.46429006,103950,21.42506996,-7.165932e-01,5.479398,-2.000362,EXPECTED
13PR7D2,105105,10.95871977,105105,22.28107140,-7.096020e-01,5.437363,-2.082324,EXPECTED
11PR46,106260,11.12850829,106260,21.87768345,-6.759570e-01,5.400776,-1.990302,EXPECTED
11PR93D2,107640,10.20285449,107415,21.75967606,-7.573910e-01,5.360276,-2.156012,EXPECTED
11PR47,108570,10.67043753,108570,21.64871204,-7.074689e-01,5.320553,-2.063371,EXPECTED
11PR95D2,109725,11.36761564,109725,21.99707178,-6.601408e-01,5.281586,-2.012550,EXPECTED
11PR48,111300,9.92439757,111930,21.52233594,-7.740952e-01,5.247644,-2.210123,EXPECTED
11PR97D2,112035,10.39823469,112035,21.55605175,-7.290206e-01,5.210042,-2.141598,EXPECTED
11PR49,113190,9.79218796,113190,21.46345891,-7.847670e-01,5.173133,-2.256132,EXPECTED
11PR99D2,114660,9.68490676,114345,21.47020467,-7.960975e-01,5.136897,-2.294245,EXPECTED
11PR50,115500,9.87803127,116025,21.92591908,-7.973562e-01,5.105313,-2.359873,EXPECTED
11PR101D2,116655,9.80353639,116655,21.58115187,-7.890772e-01,5.070297,-2.322865,EXPECTED
11PR51,118755,9.90280817,117810,22.12037956,-8.036810e-01,5.035902,-2.426094,EXPECTED
11PR103D2,119595,9.59728133,118965,21.59600171,-8.110283e-01,5.005906,-2.396913,EXPECTED
13PR4,120120,11.28771373,120120,22.36660395,-6.838541e-01,4.972636,-2.227971,EXPECTED
11PR105D2,122115,10.40401113,121275,21.52248820,-7.269069e-01,4.939940,-2.250731,EXPECTED
11PR53,122850,10.35078090,122430,21.71644705,-7.410079e-01,4.907801,-2.315837,EXPECTED
11PR107D2,124215,10.73039317,123585,23.78922962,-7.961527e-01,4.879755,-2.676125,EXPECTED
11PR54,124950,11.39800762,125580,24.12322176,-7.497364e-01,4.848629,-2.624497,EXPECTED
11PR109D2,126840,9.84600660,126945,23.91625079,-8.874922e-01,4.818020,-2.920337,EXPECTED
11PR55,128100,10.92540073,127050,23.73250485,-7.757552e-01,4.787913,-2.674882,EXPECTED
11PR111D2,128415,10.20657621,128205,23.90634696,-8.511117e-01,4.761627,-2.877120,EXPECTED
11PR56,129360,11.07407120,129675,23.90198411,-7.693550e-01,4.732436,-2.710636,EXPECTED
11PR113D2,130515,9.15845387,130515,23.54860418,-9.443892e-01,4.703713,-3.059317,EXPECTED
11PR57,131670,10.68035369,131670,23.92624847,-8.065702e-01,4.678624,-2.831152,EXPECTED
11PR115D2,132825,11.72858746,132825,23.73241965,-7.048128e-01,4.650752,-2.581052,EXPECTED
11PR58,134895,9.79934407,133980,23.55554219,-8.770457e-01,4.623314,-2.975398,EXPECTED
13PR9D2,136080,11.49726575,135135,23.97532830,-7.349161e-01,4.596302,-2.714805,EXPECTED
11PR59,136290,10.81966894,136290,23.20181930,-7.628650e-01,4.572695,-2.707845,EXPECTED
11PR119D2,137445,11.84716553,137445,23.58893309,-6.886890e-01,4.546456,-2.582620,EXPECTED
11PR60,139230,10.84899870,139230,23.28025724,-7.635329e-01,4.520613,-2.749905,EXPECTED
11PR121D2,140595,10.32836143,139755,22.79974617,-7.918558e-01,4.495157,-2.774405,EXPECTED
11PR61,140910,10.95286843,140910,22.87909290,-7.366221e-01,4.472901,-2.666329,EXPECTED
11PR123D2,142485,9.79285408,142065,22.89084963,-8.490843e-01,4.448150,-2.944594,EXPECTED
11PR62,143745,9.08537078,143220,22.89629513,-9.243096e-01,4.423761,-3.121987,EXPECTED
11PR125D2,144690,9.45470177,144690,22.49610387,-8.668300e-01,4.399726,-2.964140,EXPECTED
11PR63,146370,10.20128002,145530,22.42078166,-7.874751e-01,4.378703,-2.790667,EXPECTED
11PR127D2,147315,9.73104881,146685,22.42992258,-8.350742e-01,4.355313,-2.915720,EXPECTED
11PR64,148890,11.07886654,147840,22.28151811,-6.987182e-01,4.332254,-2.585871,EXPECTED
11PR129D2,148995,10.86713189,148995,22.43826594,-7.250250e-01,4.312079,-2.683423,EXPECTED
13PR5,150150,13.24916913,150150,22.99950818,-5.515380e-01,4.289626,-2.273004,EXPECTED
11PR131D2,151515,10.31509824,151515,22.15559959,-7.644816e-01,4.267483,-2.774587,EXPECTED
11PR66,153510,9.99999464,152460,22.00624131,-7.887416e-01,4.245645,-2.827897,EXPECTED
11PR133D2,154245,9.75992632,153615,22.49011727,-8.347911e-01,4.226530,-3.011972,EXPECTED
11PR67,154875,9.73262872,155610,22.20082236,-8.246453e-01,4.205248,-2.964913,EXPECTED
11PR135D2,156240,10.44813980,156975,22.01961494,-7.455097e-01,4.184251,-2.765483,EXPECTED
11PR68,157080,9.61525164,157080,22.37134822,-8.444305e-01,4.163535,-3.063766,EXPECTED
11PR137D2,158340,10.13422053,158340,21.84537586,-7.680714e-01,4.145396,-2.825099,EXPECTED
11PR69,159390,10.27763537,159390,22.07071875,-7.642816e-01,4.125192,-2.858796,EXPECTED
11PR139D2,160860,8.85017154,160545,21.62887531,-8.935924e-01,4.105252,-3.112770,EXPECTED
11PR70,162225,9.74122062,162435,21.90241251,-8.102304e-01,4.087789,-2.975005,EXPECTED
11PR141D2,163485,9.49324483,162855,21.64489088,-8.241890e-01,4.068332,-2.986887,EXPECTED
11PR71,164010,10.22450419,164010,21.51824970,-7.441142e-01,4.049123,-2.789183,EXPECTED
13PR11D2,166110,9.36423515,165165,22.17556708,-8.620934e-01,4.030159,-3.178865,EXPECTED
11PR72,166320,10.28948712,166320,21.26263235,-7.258285e-01,4.013544,-2.734029,EXPECTED
11PR145D2,167475,10.23509057,167475,21.55826579,-7.449372e-01,3.995027,-2.834318,EXPECTED
11PR73,169260,9.95785602,169575,21.28477859,-7.596304e-01,3.976739,-2.848294,EXPECTED
11PR147D2,170625,10.25563810,169785,21.09527579,-7.212215e-01,3.958678,-2.738196,EXPECTED
11PR74,171465,10.57718618,170940,21.30697782,-7.003352e-01,3.942850,-2.721329,EXPECTED
11PR149D2,173145,11.58121885,172095,21.05295599,-5.976563e-01,3.925203,-2.413057,EXPECTED
11PR75,173250,9.94742423,173250,20.93383167,-7.440529e-01,3.907769,-2.811427,EXPECTED
11PR151D2,174930,9.50651003,174405,20.94226171,-7.897924e-01,3.890545,-2.939370,EXPECTED
11PR76,175560,11.26532730,175560,21.37761628,-6.406148e-01,3.875447,-2.609322,EXPECTED
11PR153D2,177345,10.81983889,176715,21.40391282,-6.821924e-01,3.858608,-2.742977,EXPECTED
11PR77,177870,11.32314067,177870,20.72526287,-6.045049e-01,3.841967,-2.447216,EXPECTED
11PR155D2,179025,10.90840722,179025,20.99692709,-6.548423e-01,3.827377,-2.635883,EXPECTED
13PR6,180180,9.62920304,180180,21.48096878,-8.023669e-01,3.811102,-3.109800,EXPECTED
11PR157D2,181335,9.92464234,181545,20.93881876,-7.465840e-01,3.795015,-2.902275,EXPECTED
11PR79,183540,10.51124487,182490,20.64805238,-6.751754e-01,3.779112,-2.682325,EXPECTED
11PR159D2,184275,11.33379213,183645,20.66043747,-6.004319e-01,3.765166,-2.477087,EXPECTED
11PR80,185640,10.58566275,185640,20.84097913,-6.774207e-01,3.749604,-2.735040,EXPECTED
11PR161D2,185955,11.59315328,185955,20.83100111,-5.860276e-01,3.734217,-2.473838,EXPECTED
11PR81,187110,10.34446942,187110,20.33574659,-6.759282e-01,3.719003,-2.686547,EXPECTED
11PR163D2,189210,10.58754199,188370,20.55208256,-6.632843e-01,3.705658,-2.689007,EXPECTED
11PR82,189525,9.90112639,189420,20.48703439,-7.271437e-01,3.690761,-2.868218,EXPECTED
11PR165D2,191565,9.81264799,190575,20.19966887,-7.219940e-01,3.676029,-2.825609,EXPECTED
11PR83,192045,11.11651871,191730,20.26947468,-6.006839e-01,3.663104,-2.498689,EXPECTED
11PR167D2,193830,10.04630793,192885,20.16486220,-6.967364e-01,3.648673,-2.773215,EXPECTED
11PR84,194460,10.01826980,194040,20.06788379,-6.947103e-01,3.634399,-2.765138,EXPECTED
13PR13D2,195510,10.62581249,195195,20.87675815,-6.753503e-01,3.620279,-2.831535,EXPECTED
11PR85,196350,10.91239810,196350,20.60495717,-6.356321e-01,3.607888,-2.686491,EXPECTED
11PR171D2,197505,10.86334566,197505,20.49247736,-6.346635e-01,3.594050,-2.679187,EXPECTED
11PR86,199710,9.47516389,198660,20.12588162,-7.533326e-01,3.580358,-2.974763,EXPECTED
11PR173D2,200655,10.55632038,199815,19.90894491,-6.344444e-01,3.566811,-2.622125,EXPECTED
11PR87,201495,10.04029297,200970,20.15938667,-6.970637e-01,3.554920,-2.846504,EXPECTED
11PR175D2,202125,9.38256109,202125,19.77437637,-7.455342e-01,3.541638,-2.934183,EXPECTED
11PR88,203490,10.11882846,203490,19.87994804,-6.753137e-01,3.528493,-2.766371,EXPECTED
11PR177D2,204750,10.53694916,204435,19.85640469,-6.336386e-01,3.515483,-2.650974,EXPECTED
11PR89,206115,10.95162322,205590,19.75889789,-5.901162e-01,3.504062,-2.513447,EXPECTED
11PR179D2,207480,10.57835190,207480,19.96127088,-6.349843e-01,3.491301,-2.687514,EXPECTED
11PR90,207900,11.95756427,208845,19.98673374,-5.137047e-01,3.478669,-2.308115,EXPECTED
11PR181D2,209430,11.11391652,209055,19.58818691,-5.667286e-01,3.467578,-2.443859,EXPECTED
13PR7,210210,10.46518335,210210,20.35451980,-6.652491e-01,3.455184,-2.862174,EXPECTED
11PR183D2,211575,10.10084524,211365,19.62133453,-6.639984e-01,3.442913,-2.765242,EXPECTED
11PR92,212835,9.28795257,212520,19.87090402,-7.605384e-01,3.430764,-3.084721,EXPECTED
11PR185D2,214725,8.91968237,213675,19.65405637,-7.900234e-01,3.420095,-3.138619,EXPECTED
11PR93,215460,9.79784408,214830,19.67612190,-6.972434e-01,3.408170,-2.898411,EXPECTED
11PR187D2,216510,9.75684307,215985,19.94098872,-7.148085e-01,3.396360,-2.998547,EXPECTED
11PR94,217140,9.73242116,217140,19.48675614,-6.942724e-01,3.384665,-2.881920,EXPECTED
11PR189D2,219240,9.80527203,218295,19.24152595,-6.741506e-01,3.374394,-2.796429,EXPECTED
11PR95,219765,11.26764057,219450,19.76163004,-5.618072e-01,3.362910,-2.525786,EXPECTED
11PR191D2,221235,9.87633962,220605,19.22308933,-6.659702e-01,3.351536,-2.788796,EXPECTED
11PR96,221760,10.73880476,221760,19.13783064,-5.778032e-01,3.341508,-2.513544,EXPECTED
11PR193D2,222915,10.10498760,223860,19.15174395,-6.393647e-01,3.330373,-2.716439,EXPECTED
11PR97,224070,10.50247480,224070,19.17040429,-6.017567e-01,3.319305,-2.611369,EXPECTED
13PR15D2,225225,11.90819171,225225,19.89049811,-5.130156e-01,3.308341,-2.412782,EXPECTED
11PR98,226380,10.98824603,226380,19.00265761,-5.477527e-01,3.298709,-2.429560,EXPECTED
11PR197D2,227850,9.92529267,227535,19.02062235,-6.504375e-01,3.287936,-2.766273,EXPECTED
11PR99,228690,10.75414033,228690,18.93877631,-5.659206e-01,3.277263,-2.497400,EXPECTED
11PR199D2,229950,10.13240890,229845,18.95304913,-6.262257e-01,3.267807,-2.699254,EXPECTED
11PR100,231840,10.49105132,232050,19.29000222,-6.090643e-01,3.257394,-2.701224,EXPECTED
11PR201D2,232155,9.34591786,232155,18.98763437,-7.088483e-01,3.246875,-2.969537,EXPECTED
11PR101,233415,9.72516626,233415,19.17927464,-6.791133e-01,3.236697,-2.920912,EXPECTED
11PR203D2,234465,10.38954213,234465,19.12619156,-6.102589e-01,3.226488,-2.707789,EXPECTED
11PR102,236145,9.21359790,235620,19.37245144,-7.431716e-01,3.217516,-3.157359,EXPECTED
11PR205D2,237510,9.30674450,236775,18.95914901,-7.115473e-01,3.207404,-3.009413,EXPECTED
11PR103,238875,10.09011453,237930,18.77996907,-6.212346e-01,3.197529,-2.717678,EXPECTED
11PR207D2,239085,10.91115443,239085,19.10298468,-5.600590e-01,3.188712,-2.569009,EXPECTED
13PR8,240240,10.59549518,240240,19.48203458,-6.090638e-01,3.179000,-2.795388,EXPECTED
11PR209D2,242130,10.25064337,241395,19.15017913,-6.249716e-01,3.169300,-2.808045,EXPECTED
11PR105,243075,10.21620300,242550,18.56754820,-5.974403e-01,3.159684,-2.643095,EXPECTED
11PR211D2,244530,10.57420094,243705,18.58239779,-5.637976e-01,3.151233,-2.541290,EXPECTED
11PR106,245385,10.40784487,244860,18.69508860,-5.857010e-01,3.141773,-2.637760,EXPECTED
11PR213D2,246015,11.05914356,246015,18.61747719,-5.208432e-01,3.132395,-2.412957,EXPECTED
11PR107,247170,9.93988515,247170,18.54149129,-6.234555e-01,3.123096,-2.754192,EXPECTED
11PR215D2,249375,10.26820917,248325,18.65198961,-5.969002e-01,3.114811,-2.691586,EXPECTED
11PR108,249795,10.65276025,249480,18.39737562,-5.463890e-01,3.105661,-2.493709,EXPECTED
11PR217D2,250635,10.22356797,250635,18.69251461,-6.034275e-01,3.097659,-2.733983,EXPECTED
11PR109,252525,10.02547728,252525,18.42812512,-6.087485e-01,3.088612,-2.720526,EXPECTED
11PR219D2,252945,10.80143593,253890,18.44447558,-5.350858e-01,3.079722,-2.481730,EXPECTED
11PR110,254100,9.45091839,254100,18.28744771,-6.601030e-01,3.070931,-2.877476,EXPECTED
17PRD2,265650,10.87185479,255255,19.79612695,-5.993090e-01,3.058247,-2.918101,EXPECTED
13PR9,283185,10.54656861,270270,18.78413914,-5.772123e-01,2.964199,-2.779021,EXPECTED
13PR19D2,296010,10.38850992,285285,19.08580547,-6.082445e-01,2.869016,-3.031456,EXPECTED
13PR10,303765,12.19807720,300300,18.21179886,-4.007913e-01,2.779269,-2.163778,EXPECTED
13PR21D2,319515,11.36635320,315315,17.96119029,-4.575558e-01,2.702274,-2.440477,EXPECTED
13PR11,338520,10.92777037,330330,17.73299659,-4.841198e-01,2.625822,-2.591656,EXPECTED
13PR23D2,345345,11.05093746,345345,18.00839898,-4.883230e-01,2.560672,-2.717045,EXPECTED
13PR12,373065,11.01740785,373065,17.53129845,-4.645112e-01,2.498917,-2.606685,EXPECTED
13PR25D2,377685,10.43629296,375375,17.14343391,-4.963258e-01,2.441240,-2.747432,EXPECTED
13PR13,390390,10.97163304,390390,16.97504107,-4.364310e-01,2.386289,-2.515793,EXPECTED
13PR27D2,412335,10.56297358,405405,16.81639402,-4.649994e-01,2.335855,-2.677144,EXPECTED
13PR14,431970,11.74838049,420420,16.66920739,-3.498477e-01,2.289604,-2.149204,EXPECTED
13PR29D2,435435,11.08630617,435435,16.90921581,-4.221481e-01,2.245617,-2.593011,EXPECTED
13PR15,460845,10.24906109,451605,16.63927113,-4.845795e-01,2.203300,-2.900290,EXPECTED
13PR31D2,471240,11.22563066,465465,16.62972845,-3.929923e-01,2.164954,-2.496172,EXPECTED
13PR16,492030,11.12347199,480480,16.16102485,-3.735450e-01,2.127348,-2.367997,EXPECTED
13PR33D2,496230,10.81982092,504735,16.15818415,-4.010470e-01,2.092395,-2.551317,EXPECTED
17PR,521430,10.73284017,510510,16.63015115,-4.379092e-01,2.058117,-2.865392,EXPECTED
13PR35D2,525525,11.37275646,533715,15.85515711,-3.322741e-01,2.027227,-2.211100,EXPECTED
13PR18,554400,10.12144554,540540,15.75495512,-4.424984e-01,1.998915,-2.818284,EXPECTED
13PR37D2,555555,11.52697190,555555,15.95802882,-3.252724e-01,1.970153,-2.249093,EXPECTED
13PR19,570570,11.13737834,570570,16.18331141,-3.736737e-01,1.941857,-2.598509,EXPECTED
13PR39D2,596505,10.59687094,585585,15.49939766,-3.802424e-01,1.915451,-2.559463,EXPECTED
13PR20,600600,10.85285956,608685,15.49921518,-3.563608e-01,1.893204,-2.454229,EXPECTED
13PR41D2,615615,10.37794196,615615,15.61061951,-4.082688e-01,1.869421,-2.799090,EXPECTED
13PR21,630630,10.29013200,636405,15.31774342,-3.978265e-01,1.847132,-2.721847,EXPECTED
13PR43D2,645645,10.62248804,645645,15.45909165,-3.752240e-01,1.826130,-2.648554,EXPECTED
13PR22,664125,10.19520426,660660,15.14446104,-3.957174e-01,1.805806,-2.740747,EXPECTED
13PR45D2,680295,10.84518012,680295,15.10445602,-3.312690e-01,1.785771,-2.385119,EXPECTED
13PR23,690690,11.32692821,690690,15.50963375,-3.142784e-01,1.767202,-2.366852,EXPECTED
13PR47D2,705705,11.72912389,705705,15.19149325,-2.586606e-01,1.748204,-1.980529,EXPECTED
13PR24,721875,10.69131893,726495,14.94608406,-3.350172e-01,1.730850,-2.458194,EXPECTED
13PR49D2,735735,10.25215149,746130,15.18015844,-3.925016e-01,1.714236,-2.874754,EXPECTED
13PR25,750750,10.39282448,750750,14.80340718,-3.537418e-01,1.697339,-2.598528,EXPECTED
17PR3D2,765765,10.94064183,765765,15.43624331,-3.442337e-01,1.682718,-2.671631,EXPECTED
13PR26,780780,10.76175167,780780,14.70558288,-3.122289e-01,1.667734,-2.364784,EXPECTED
13PR53D2,795795,10.63756527,795795,14.85980247,-3.342681e-01,1.653513,-2.553495,EXPECTED
13PR27,820050,11.14795166,810810,14.61432460,-2.707464e-01,1.639441,-2.114363,EXPECTED
13PR55D2,825825,10.30668691,825825,14.57075612,-3.462236e-01,1.625588,-2.623093,EXPECTED
13PR28,854700,10.24406606,844305,14.53583950,-3.499187e-01,1.611565,-2.663109,EXPECTED
13PR57D2,868140,10.38655848,855855,15.09066507,-3.735638e-01,1.600255,-2.939598,EXPECTED
13PR29,870870,10.96042168,870870,14.82833561,-3.022492e-01,1.587963,-2.435771,EXPECTED
13PR59D2,899745,11.01813825,885885,14.59035339,-2.808177e-01,1.576177,-2.266379,EXPECTED
13PR30,903210,11.11675159,903210,14.61735441,-2.737564e-01,1.564487,-2.237540,EXPECTED
13PR61D2,915915,10.98493202,915915,14.51138474,-2.784090e-01,1.553193,-2.270454,EXPECTED
13PR31,930930,10.30976530,930930,14.65629705,-3.517785e-01,1.542484,-2.817878,EXPECTED
13PR63D2,945945,9.95371013,945945,14.26912298,-3.601526e-01,1.532147,-2.816579,EXPECTED
13PR32,960960,10.96909422,960960,14.23640917,-2.607210e-01,1.521971,-2.146766,EXPECTED
13PR65D2,987525,10.09303570,975975,14.20432076,-3.417005e-01,1.512263,-2.718631,EXPECTED
13PR33,997815,10.74452235,990990,14.17340545,-2.769713e-01,1.502600,-2.281967,EXPECTED
13PR67D2,1006005,10.95592923,1009470,14.30839714,-2.669658e-01,1.493579,-2.244587,EXPECTED
17PR2,1021020,11.30294015,1021020,14.79662892,-2.693365e-01,1.484324,-2.353724,EXPECTED
13PR69D2,1036035,10.80327064,1036035,14.57278357,-2.993067e-01,1.475678,-2.554428,EXPECTED
13PR35,1061970,9.83547269,1051050,14.05730376,-3.571466e-01,1.467019,-2.877830,EXPECTED
13PR71D2,1068375,10.29028717,1066065,14.17847257,-3.205243e-01,1.459003,-2.664961,EXPECTED
13PR36,1081080,10.68643511,1081080,14.00369585,-2.703461e-01,1.450903,-2.286342,EXPECTED
13PR73D2,1096095,10.86434902,1096095,14.12204746,-2.622505e-01,1.442983,-2.257614,EXPECTED
13PR37,1111110,11.45245886,1119195,14.30076852,-2.221088e-01,1.435311,-1.984455,EXPECTED
13PR75D2,1138830,10.84514268,1138830,14.05113638,-2.589860e-01,1.427752,-2.245484,EXPECTED
13PR38,1142295,10.30379474,1141140,14.50678365,-3.421041e-01,1.420743,-2.958303,EXPECTED
13PR77D2,1156155,10.85088804,1156155,13.88080977,-2.462604e-01,1.413516,-2.143536,EXPECTED
13PR39,1171170,11.41404228,1171170,13.85810495,-1.940259e-01,1.406706,-1.737437,EXPECTED
13PR79D2,1186185,10.86357025,1186185,13.96874453,-2.514073e-01,1.399940,-2.218077,EXPECTED
13PR40,1201200,9.72899693,1201200,13.81406396,-3.505764e-01,1.393374,-2.931781,EXPECTED
13PR81D2,1217370,10.58961309,1217370,13.90876312,-2.726455e-01,1.387076,-2.392911,EXPECTED
13PR41,1241625,10.20747914,1231230,14.03464325,-3.184081e-01,1.380874,-2.771552,EXPECTED
13PR83D2,1256640,10.81189354,1246245,13.87805189,-2.496618e-01,1.374703,-2.230415,EXPECTED
13PR42,1261260,10.50929955,1272810,13.78365576,-2.712230e-01,1.368970,-2.391839,EXPECTED
17PR5D2,1276275,11.00287462,1276275,14.39513447,-2.687337e-01,1.363087,-2.488660,EXPECTED
13PR43,1291290,10.10123072,1291290,13.94319178,-3.223341e-01,1.357457,-2.830264,EXPECTED
13PR87D2,1313235,10.31402945,1306305,14.05403358,-3.094044e-01,1.352053,-2.766167,EXPECTED
13PR44,1321320,10.32467645,1322685,13.82356420,-2.918379e-01,1.346496,-2.598513,EXPECTED
13PR89D2,1345890,10.67180334,1336335,13.75637094,-2.538970e-01,1.341403,-2.299508,EXPECTED
13PR45,1354815,10.38963471,1354815,13.86644449,-2.886632e-01,1.335941,-2.602517,EXPECTED
13PR91D2,1369095,10.32847922,1366365,13.60408327,-2.754649e-01,1.330797,-2.461385,EXPECTED
13PR46,1381380,10.59236990,1381380,14.07515010,-2.842769e-01,1.325748,-2.627030,EXPECTED
13PR93D2,1396395,10.49409080,1396395,13.92411071,-2.828096e-01,1.321520,-2.595511,EXPECTED
13PR47,1415505,10.67700838,1411410,13.78252209,-2.553086e-01,1.316695,-2.358567,EXPECTED
13PR95D2,1433355,10.83500637,1426425,14.14157122,-2.663366e-01,1.312164,-2.519933,EXPECTED
13PR48,1444170,10.58493664,1452990,13.57042915,-2.484612e-01,1.307598,-2.283188,EXPECTED
13PR97D2,1461075,10.95468552,1456455,13.61627251,-2.174983e-01,1.303346,-2.042119,EXPECTED
13PR49,1475565,10.36148340,1471470,13.49366172,-2.641247e-01,1.298929,-2.411355,EXPECTED
13PR99D2,1492260,11.04901102,1492260,13.83493226,-2.248558e-01,1.294778,-2.151659,EXPECTED
13PR50,1514205,10.33611279,1514205,13.62502848,-2.762646e-01,1.290385,-2.548786,EXPECTED
13PR101D2,1516515,10.69596787,1516515,13.55413172,-2.368246e-01,1.286546,-2.221579,EXPECTED
17PR3,1536150,10.55022185,1531530,14.11979733,-2.914310e-01,1.282145,-2.784065,EXPECTED
13PR103D2,1560090,10.63495056,1546545,13.52478785,-2.403783e-01,1.278832,-2.259747,EXPECTED
13PR52,1569645,10.04874859,1561560,13.41016598,-2.885650e-01,1.275088,-2.636224,EXPECTED
13PR105D2,1586025,10.07023088,1576575,13.39707130,-2.854525e-01,1.271269,-2.616945,EXPECTED
13PR53,1591590,10.34384067,1591590,13.58516798,-2.725874e-01,1.267508,-2.557244,EXPECTED
13PR107D2,1606605,10.53390718,1606605,13.46925251,-2.458102e-01,1.264175,-2.321945,EXPECTED
13PR54,1629705,10.59426947,1621620,13.35941649,-2.319083e-01,1.260462,-2.193757,EXPECTED
13PR109D2,1636635,10.28665269,1636635,13.44295337,-2.676079e-01,1.257341,-2.510298,EXPECTED
13PR55,1663935,10.16759387,1651650,13.33536738,-2.712141e-01,1.253984,-2.526167,EXPECTED
13PR111D2,1666665,10.60417875,1666665,13.61624324,-2.500153e-01,1.250561,-2.408571,EXPECTED
13PR56,1681680,10.75976228,1688610,13.32348522,-2.137148e-01,1.246850,-2.056160,EXPECTED
13PR113D2,1708245,10.56356284,1708245,13.43554646,-2.404933e-01,1.244382,-2.307960,EXPECTED
13PR57,1711710,10.80438071,1711710,13.89220747,-2.513764e-01,1.241196,-2.487783,EXPECTED
13PR115D2,1726725,10.82598759,1726725,13.76645678,-2.402855e-01,1.237853,-2.375459,EXPECTED
13PR58,1741740,10.23543801,1741740,13.64736834,-2.876907e-01,1.234955,-2.762797,EXPECTED
13PR117D2,1763580,10.17666295,1763580,13.42138163,-2.767519e-01,1.232318,-2.633021,EXPECTED
13PR59,1779855,10.77240941,1771770,13.42673142,-2.202594e-01,1.229346,-2.159133,EXPECTED
17PR7D2,1789515,10.97216903,1786785,13.91959274,-2.379354e-01,1.226711,-2.402704,EXPECTED
13PR60,1806420,10.68583710,1806420,13.47295791,-2.317653e-01,1.223467,-2.278051,EXPECTED
13PR121D2,1816815,11.07592978,1826055,13.32849048,-1.851296e-01,1.221142,-1.844635,EXPECTED
13PR61,1842225,10.38489243,1831830,13.38069444,-2.534609e-01,1.218666,-2.458263,EXPECTED
13PR123D2,1846845,10.55660846,1846845,13.46008540,-2.429766e-01,1.216095,-2.387541,EXPECTED
13PR62,1865325,10.89935030,1865325,13.54733540,-2.174867e-01,1.213483,-2.182136,EXPECTED
13PR125D2,1876875,10.69813274,1876875,13.17872944,-2.085349e-01,1.211124,-2.048177,EXPECTED
13PR63,1891890,10.67277908,1891890,13.16962908,-2.102169e-01,1.208319,-2.066383,EXPECTED
13PR127D2,1912680,10.78414778,1906905,13.24252271,-2.053558e-01,1.206342,-2.037876,EXPECTED
13PR64,1924230,10.33030621,1921920,13.15176139,-2.414738e-01,1.203707,-2.343972,EXPECTED
13PR129D2,1936935,10.52811868,1936935,13.39280839,-2.406682e-01,1.201670,-2.383924,EXPECTED
13PR65,1953105,9.96742905,1951950,13.13443692,-2.759149e-01,1.199266,-2.640789,EXPECTED
13PR131D2,1966965,10.20554340,1966965,13.20532973,-2.576895e-01,1.197177,-2.505717,EXPECTED
13PR66,1981980,10.45883658,1981980,13.11763296,-2.265101e-01,1.195012,-2.224912,EXPECTED
13PR133D2,1996995,11.70657904,1996995,13.71188144,-1.581117e-01,1.192401,-1.681735,EXPECTED
13PR67,2018940,10.65279377,2018940,13.26972936,-2.196633e-01,1.190792,-2.197643,EXPECTED
13PR135D2,2027025,10.48182823,2040885,13.12759779,-2.250736e-01,1.188629,-2.225900,EXPECTED
17PR4,2042040,10.81620675,2042040,13.76833731,-2.413259e-01,1.186743,-2.487590,EXPECTED
13PR137D2,2070705,10.15883555,2057055,13.15359510,-2.583513e-01,1.184725,-2.527810,EXPECTED
13PR69,2072070,10.83471312,2072070,13.55787485,-2.242124e-01,1.182832,-2.302239,EXPECTED
13PR139D2,2087085,10.72348649,2087085,13.13734483,-2.030226e-01,1.180994,-2.043921,EXPECTED
13PR70,2102100,10.31035748,2102100,13.05521007,-2.360383e-01,1.179120,-2.327882,EXPECTED
13PR141D2,2126670,10.55095231,2117115,13.27548368,-2.297029e-01,1.177198,-2.314421,EXPECTED
13PR71,2134860,10.53748703,2132130,13.18915168,-2.244556e-01,1.175471,-2.255832,EXPECTED
13PR143D2,2158065,10.33386026,2147145,13.03357789,-2.321030e-01,1.173592,-2.300389,EXPECTED
13PR72,2164575,10.07396840,2162160,13.02661633,-2.570400e-01,1.171890,-2.519561,EXPECTED
13PR145D2,2177175,10.40271498,2177175,13.39903714,-2.531160e-01,1.170286,-2.560333,EXPECTED
13PR73,2204475,10.41625088,2204475,13.17606436,-2.350347e-01,1.168451,-2.361942,EXPECTED
13PR147D2,2207205,10.11396618,2207205,13.00617543,-2.515070e-01,1.166763,-2.478832,EXPECTED
13PR74,2222220,10.48968144,2222220,13.29223749,-2.367882e-01,1.165376,-2.404851,EXPECTED
13PR149D2,2250885,10.66038319,2238390,13.35402333,-2.252833e-01,1.163818,-2.314486,EXPECTED
13PR75,2258025,10.91712829,2258025,13.23345124,-1.924149e-01,1.162117,-1.993193,EXPECTED
13PR151D2,2267265,10.34994561,2277660,13.11919878,-2.370954e-01,1.160741,-2.385763,EXPECTED
13PR76,2282280,10.85749883,2282280,13.57652984,-2.234866e-01,1.159303,-2.345402,EXPECTED
17PR9D2,2297295,10.71552633,2297295,13.65065659,-2.420939e-01,1.157821,-2.535047,EXPECTED
13PR77,2323230,10.21392478,2312310,12.96175873,-2.382514e-01,1.155779,-2.377474,EXPECTED
13PR155D2,2327325,10.55626362,2327325,13.30890802,-2.317142e-01,1.154897,-2.383454,EXPECTED
13PR78,2342340,10.28056534,2342340,12.94981582,-2.308263e-01,1.153483,-2.314079,EXPECTED
13PR157D2,2370060,10.03942257,2357355,13.01001475,-2.591998e-01,1.152294,-2.577981,EXPECTED
13PR79,2372370,10.63736143,2372370,13.07120770,-2.060395e-01,1.150833,-2.114856,EXPECTED
13PR159D2,2387385,10.46262301,2387385,13.13329390,-2.273413e-01,1.149650,-2.323030,EXPECTED
13PR80,2402400,10.25160157,2415105,12.95134511,-2.337657e-01,1.148354,-2.350968,EXPECTED
13PR161D2,2417415,10.38872375,2417415,13.40902439,-2.552070e-01,1.147106,-2.632974,EXPECTED
13PR81,2434740,10.55424655,2434740,13.03269766,-2.109331e-01,1.145790,-2.163094,EXPECTED
13PR163D2,2447445,10.54497672,2447445,12.97401653,-2.072990e-01,1.144404,-2.122537,EXPECTED
13PR82,2462460,10.28134516,2462460,13.16771626,-2.474370e-01,1.143495,-2.524166,EXPECTED
13PR165D2,2479785,10.36978384,2477475,12.89979091,-2.183149e-01,1.142231,-2.214970,EXPECTED
13PR83,2492490,10.43652586,2492490,13.02106628,-2.212568e-01,1.141123,-2.264910,EXPECTED
13PR167D2,2507505,10.55002500,2507505,12.95152932,-2.050856e-01,1.140109,-2.106381,EXPECTED
13PR84,2523675,10.80679820,2523675,13.05615091,-1.890840e-01,1.138804,-1.975189,EXPECTED
13PR169D2,2545620,10.46859439,2545620,12.94365796,-2.122262e-01,1.137964,-2.174993,EXPECTED
17PR5,2552550,10.59103319,2552550,13.55729447,-2.469170e-01,1.136897,-2.609085,EXPECTED
13PR171D2,2567565,10.81117942,2567565,13.47205492,-2.200368e-01,1.135831,-2.342668,EXPECTED
13PR86,2582580,11.10228425,2582580,13.11457576,-1.665734e-01,1.134613,-1.773549,EXPECTED
13PR173D2,2611455,10.65380299,2611455,13.21712303,-2.155963e-01,1.133767,-2.260888,EXPECTED
13PR87,2612610,10.38020181,2612610,13.23465058,-2.429381e-01,1.132734,-2.519964,EXPECTED
13PR175D2,2633400,10.50547528,2627625,12.85063152,-2.014964e-01,1.131835,-2.071995,EXPECTED
13PR88,2645370,10.71359894,2645370,13.01391355,-1.945052e-01,1.131021,-2.033839,EXPECTED
13PR177D2,2668575,11.02182748,2657655,13.02121231,-1.667021e-01,1.130095,-1.769218,EXPECTED
13PR89,2672670,10.37220740,2672670,12.95479951,-2.223365e-01,1.129231,-2.287036,EXPECTED
13PR179D2,2687685,10.58517670,2687685,12.89049594,-1.970357e-01,1.128316,-2.043150,EXPECTED
13PR90,2707320,10.17003247,2709630,13.07555258,-2.512989e-01,1.127487,-2.576988,EXPECTED
13PR181D2,2721180,10.66350149,2717715,12.88117487,-1.889401e-01,1.126563,-1.968530,EXPECTED
13PR91,2746590,10.04406127,2732730,12.81971766,-2.440029e-01,1.125684,-2.465751,EXPECTED
13PR183D2,2747745,10.78083962,2747745,12.98909102,-1.863394e-01,1.124923,-1.963024,EXPECTED
13PR92,2762760,10.66177518,2762760,13.29909384,-2.210310e-01,1.124155,-2.346045,EXPECTED
13PR185D2,2787015,10.58117760,2777775,13.09987035,-2.135256e-01,1.123327,-2.242172,EXPECTED
13PR93,2792790,11.07195509,2792790,13.15638160,-1.724916e-01,1.122707,-1.856608,EXPECTED
17PR11D2,2807805,11.39234860,2807805,13.48199691,-1.684133e-01,1.121970,-1.862481,EXPECTED
13PR94,2822820,11.10455699,2822820,13.02283348,-1.593487e-01,1.121237,-1.710857,EXPECTED
13PR189D2,2837835,10.36682687,2847075,12.93220751,-2.211099e-01,1.120384,-2.289733,EXPECTED
13PR95,2852850,10.51984488,2852850,13.38994293,-2.412404e-01,1.119869,-2.562887,EXPECTED
13PR191D2,2877420,9.99497289,2867865,12.83779304,-2.503111e-01,1.119179,-2.540094,EXPECTED
13PR96,2882880,10.19363390,2882880,12.77984364,-2.261058e-01,1.118400,-2.312419,EXPECTED
13PR193D2,2897895,10.03258327,2905980,12.83263461,-2.461534e-01,1.117884,-2.504778,EXPECTED
13PR97,2912910,10.72480555,2912910,12.88024035,-1.831350e-01,1.117191,-1.929334,EXPECTED
13PR195D2,2927925,10.20425930,2927925,12.76876049,-2.241964e-01,1.116555,-2.296798,EXPECTED
13PR98,2942940,10.04575492,2942940,12.76517784,-2.395708e-01,1.116008,-2.436741,EXPECTED
13PR197D2,2957955,10.53460130,2957955,12.81412499,-1.958829e-01,1.115451,-2.043589,EXPECTED
13PR99,2984520,10.75791373,2984520,13.11689661,-1.982596e-01,1.114820,-2.116021,EXPECTED
13PR199D2,2993445,10.31433269,2987985,12.80659631,-2.164259e-01,1.114328,-2.236562,EXPECTED
13PR100,3006465,10.14818062,3003000,12.75118512,-2.283298e-01,1.113741,-2.337172,EXPECTED
13PR201D2,3018015,10.43222363,3028410,12.91760499,-2.136917e-01,1.113013,-2.233021,EXPECTED
13PR101,3033030,10.00821094,3043425,12.85984283,-2.507036e-01,1.112589,-2.563060,EXPECTED
13PR203D2,3060330,10.15035186,3048045,13.12044568,-2.566634e-01,1.112204,-2.670458,EXPECTED
17PR6,3063060,10.92646680,3063060,13.42066469,-2.056077e-01,1.111723,-2.243543,EXPECTED
13PR205D2,3078075,10.56789832,3078075,12.99719743,-2.069128e-01,1.111243,-2.186110,EXPECTED
13PR103,3094245,10.86199624,3093090,12.83279074,-1.667336e-01,1.110683,-1.774399,EXPECTED
13PR207D2,3108105,10.99021093,3108105,13.21593253,-1.844182e-01,1.110309,-2.004597,EXPECTED
13PR104,3123120,10.20469641,3123120,12.72507663,-2.207265e-01,1.109877,-2.270864,EXPECTED
13PR209D2,3138135,11.14465887,3138135,13.32446417,-1.786414e-01,1.109390,-1.964868,EXPECTED
13PR105,3161235,10.95189940,3161235,12.96654219,-1.688595e-01,1.109022,-1.816594,EXPECTED
13PR211D2,3172785,10.62856104,3182025,12.78004598,-1.843402e-01,1.108533,-1.940840,EXPECTED
13PR106,3183180,10.85645360,3183180,12.91373001,-1.735314e-01,1.108226,-1.856369,EXPECTED
13PR213D2,3198195,10.96310060,3198195,12.85836324,-1.594593e-01,1.107834,-1.710782,EXPECTED
13PR107,3213210,10.96399816,3213210,12.80455905,-1.551843e-01,1.107425,-1.662019,EXPECTED
13PR215D2,3228225,10.93459036,3228225,12.95392055,-1.694673e-01,1.107097,-1.823987,EXPECTED
13PR108,3247860,10.60922230,3243240,12.70125850,-1.799774e-01,1.106692,-1.890351,EXPECTED
13PR217D2,3258255,10.63917108,3258255,13.05160600,-2.043686e-01,1.106383,-2.180470,EXPECTED
13PR109,3273270,10.81904053,3273270,12.79135942,-1.674623e-01,1.106084,-1.783155,EXPECTED
13PR219D2,3294060,10.14133978,3288285,12.83711616,-2.357206e-01,1.105744,-2.437975,EXPECTED
13PR110,3303300,10.35196485,3303300,12.69013692,-2.036487e-01,1.105441,-2.115149,EXPECTED
17PR13D2,3318315,10.98396900,3318315,13.37025468,-1.965956e-01,1.105132,-2.159277,EXPECTED
13PR111,3333330,10.05254113,3333330,12.97740544,-2.553844e-01,1.104779,-2.647466,EXPECTED
13PR223D2,3348345,10.34706652,3357585,13.04198974,-2.314711e-01,1.104552,-2.439834,EXPECTED
13PR112,3365670,10.15639189,3377220,12.69376793,-2.230079e-01,1.104311,-2.297701,EXPECTED
13PR225D2,3378375,10.44008520,3378375,12.67690795,-1.941293e-01,1.104085,-2.025952,EXPECTED
13PR113,3401475,10.57887172,3393390,12.76664241,-1.879769e-01,1.103814,-1.982010,EXPECTED
13PR227D2,3416490,10.72410495,3416490,12.81379251,-1.780281e-01,1.103519,-1.893658,EXPECTED
13PR114,3423420,10.93318320,3423420,13.27184443,-1.938423e-01,1.103356,-2.119589,EXPECTED
13PR229D2,3438435,10.13996739,3438435,12.71197952,-2.260600e-01,1.103158,-2.331499,EXPECTED
13PR115,3453450,10.27142602,3453450,13.15216867,-2.472208e-01,1.102923,-2.611916,EXPECTED
13PR231D2,3475395,9.59687381,3468465,12.66199965,-2.771680e-01,1.102748,-2.779534,EXPECTED
13PR116,3483480,9.90011294,3483480,13.03897727,-2.753970e-01,1.102546,-2.846924,EXPECTED
13PR233D2,3498495,10.00280420,3498495,12.70158841,-2.388616e-01,1.102339,-2.448234,EXPECTED
13PR117,3527160,10.29302852,3527160,12.82151997,-2.196582e-01,1.102202,-2.294036,EXPECTED
13PR235D2,3528525,10.31720929,3528525,12.88021396,-2.218790e-01,1.102045,-2.325681,EXPECTED
13PR118,3543540,10.33470145,3543540,12.83002411,-2.162808e-01,1.101862,-2.264642,EXPECTED
13PR237D2,3558555,10.04892796,3558555,12.78107823,-2.404999e-01,1.101744,-2.479841,EXPECTED
17PR7,3573570,11.16455941,3573570,13.32867232,-1.771731e-01,1.101592,-1.964532,EXPECTED
13PR239D2,3598980,10.52364087,3588585,12.68683212,-1.869404e-01,1.101428,-1.963988,EXPECTED
13PR120,3612840,10.77384437,3612840,12.88939490,-1.792835e-01,1.101311,-1.920938,EXPECTED
13PR241D2,3618615,10.24325989,3632475,12.69581865,-2.146528e-01,1.101252,-2.227064,EXPECTED
13PR121,3633630,10.38242191,3633630,12.63714437,-1.965263e-01,1.101147,-2.047613,EXPECTED
13PR243D2,3648645,10.68194550,3652110,12.75226945,-1.771543e-01,1.101054,-1.880311,EXPECTED
13PR122,3663660,10.21458375,3663660,12.80654336,-2.261398e-01,1.100956,-2.354281,EXPECTED
13PR245D2,3682770,10.56929855,3678675,12.63086236,-1.781898e-01,1.100885,-1.872642,EXPECTED
13PR123,3693690,11.03544834,3693690,12.89145945,-1.554524e-01,1.100824,-1.686020,EXPECTED
13PR247D2,3708705,11.38165067,3708705,13.22929923,-1.504315e-01,1.100760,-1.678521,EXPECTED
13PR124,3723720,10.62731320,3730650,12.98538197,-2.003969e-01,1.100706,-2.142324,EXPECTED
13PR249D2,3745665,10.03336792,3738735,12.74927294,-2.395579e-01,1.100650,-2.467546,EXPECTED
13PR125,3753750,10.30377944,3753750,12.62087864,-2.028417e-01,1.100616,-2.105275,EXPECTED
13PR251D2,3768765,10.35967260,3768765,12.66006873,-2.005322e-01,1.100591,-2.090146,EXPECTED
13PR126,3783780,10.28497279,3783780,12.61703365,-2.043639e-01,1.100566,-2.118965,EXPECTED
13PR253D2,3798795,10.97792555,3798795,13.10287148,-1.769449e-01,1.100550,-1.930804,EXPECTED
13PR127,3813810,10.48685824,3813810,12.69521371,-1.911022e-01,1.100540,-2.006611,EXPECTED
17PR15D2,3828825,11.18735285,3828825,13.29424904,-1.725476e-01,1.100540,-1.914420,EXPECTED
13PR128,3848460,10.22476363,3843840,12.60959626,-2.096455e-01,1.100546,-2.166954,EXPECTED
13PR257D2,3861585,10.36127345,3858855,12.64794423,-1.994195e-01,1.100562,-2.077730,EXPECTED
13PR129,3873870,10.71642303,3873870,12.85581815,-1.820191e-01,1.100580,-1.943880,EXPECTED
13PR259D2,3888885,10.41269732,3888885,12.89686542,-2.139583e-01,1.100604,-2.257095,EXPECTED
13PR130,3907365,10.47137902,3903900,12.60248392,-1.852482e-01,1.100645,-1.936233,EXPECTED
13PR261D2,3918915,10.65988977,3918915,12.98009762,-1.969292e-01,1.100688,-2.107961,EXPECTED
13PR131,3946635,10.29300831,3933930,12.67844491,-2.084384e-01,1.100728,-2.167144,EXPECTED
13PR263D2,3948945,10.38824123,3948945,12.63658808,-1.959219e-01,1.100785,-2.042494,EXPECTED
13PR132,3963960,10.16617367,3968055,12.76393207,-2.275575e-01,1.100838,-2.359801,EXPECTED
13PR265D2,3985905,10.01771552,3978975,12.79485420,-2.446880e-01,1.100915,-2.522573,EXPECTED
13PR133,3993990,10.88432950,3993990,13.19489772,-1.925061e-01,1.100984,-2.098639,EXPECTED
13PR267D2,4009005,10.51362671,4009005,12.70850009,-1.895989e-01,1.101059,-1.993420,EXPECTED
13PR134,4037880,10.94180393,4037880,12.75986147,-1.537137e-01,1.101155,-1.651046,EXPECTED
13PR269D2,4039035,10.29771310,4039035,12.62595348,-2.038327e-01,1.101251,-2.114178,EXPECTED
13PR135,4054050,10.60892109,4064445,12.83424911,-1.904220e-01,1.101369,-2.020511,EXPECTED
13PR271D2,4069065,10.57476980,4081770,12.62474432,-1.771878e-01,1.101457,-1.861148,EXPECTED
17PR8,4084080,11.10299864,4084080,13.26580282,-1.779743e-01,1.101555,-1.963410,EXPECTED
13PR273D2,4103715,10.47281904,4103715,12.94248645,-2.117322e-01,1.101673,-2.241743,EXPECTED
13PR137,4123350,10.45382533,4114110,12.65583500,-1.911504e-01,1.101826,-1.998509,EXPECTED
13PR275D2,4129125,10.16276241,4129125,12.57847908,-2.132570e-01,1.101929,-2.192262,EXPECTED
13PR138,4144140,10.39623101,4144140,13.06476860,-2.284758e-01,1.102060,-2.421409,EXPECTED
13PR277D2,4162620,10.68041582,4159155,12.61282275,-1.663022e-01,1.102211,-1.753210,EXPECTED
13PR139,4174170,10.58290878,4174170,12.64892297,-1.783318e-01,1.102351,-1.874189,EXPECTED
13PR279D2,4189185,10.90823946,4189185,12.92593169,-1.697171e-01,1.102539,-1.830042,EXPECTED
13PR140,4204200,10.15987609,4204200,12.57135595,-2.129746e-01,1.102694,-2.186899,EXPECTED
13PR281D2,4219215,10.31830351,4219215,12.60668073,-2.003075e-01,1.102832,-2.075001,EXPECTED
13PR141,4234230,10.27479581,4234230,12.79622755,-2.194565e-01,1.103041,-2.285891,EXPECTED
13PR283D2,4260795,10.31324069,4260795,12.68397086,-2.069105e-01,1.103233,-2.148893,EXPECTED
13PR142,4264260,10.28247819,4264260,12.71438061,-2.122924e-01,1.103378,-2.204052,EXPECTED
13PR285D2,4279275,10.67322601,4279275,13.16711574,-2.099841e-01,1.103554,-2.259871,EXPECTED
13PR143,4294290,10.32520043,4294290,12.56332193,-1.961941e-01,1.103737,-2.027767,EXPECTED
13PR287D2,4309305,10.46866448,4309305,12.82465713,-2.029832e-01,1.103992,-2.134067,EXPECTED
13PR144,4324320,9.97228712,4324320,12.56076600,-2.307682e-01,1.104137,-2.344346,EXPECTED
17PR17D2,4339335,10.47519593,4339335,13.24233746,-2.344089e-01,1.104350,-2.505674,EXPECTED
13PR145,4354350,10.45547551,4354350,12.93762222,-2.130137e-01,1.104571,-2.247159,EXPECTED
13PR291D2,4383225,10.05079544,4369365,12.66485069,-2.311787e-01,1.104828,-2.366029,EXPECTED
13PR146,4384380,10.64585253,4384380,12.70009151,-1.764388e-01,1.105060,-1.858939,EXPECTED
13PR293D2,4408950,10.67407281,4408950,12.72256664,-1.755596e-01,1.105239,-1.853440,EXPECTED
13PR147,4426695,10.37489705,4414410,12.55344881,-1.906063e-01,1.105483,-1.970679,EXPECTED
13PR295D2,4429425,10.73366875,4429425,12.73196471,-1.707303e-01,1.105808,-1.807091,EXPECTED
13PR148,4444440,11.16758298,4444440,12.84376683,-1.398434e-01,1.106053,-1.515464,EXPECTED
13PR297D2,4459455,10.75001422,4459455,12.54997319,-1.548115e-01,1.106243,-1.627092,EXPECTED
13PR149,4476780,10.33038400,4476780,12.91017278,-2.229261e-01,1.106467,-2.331555,EXPECTED
13PR299D2,4489485,11.12621933,4489485,13.03546925,-1.583696e-01,1.106725,-1.725135,EXPECTED
13PR150,4516050,10.49843139,4516050,12.79507590,-1.978345e-01,1.107087,-2.074493,EXPECTED
13PR301D2,4520670,10.23188771,4519515,12.79535750,-2.235733e-01,1.107257,-2.315153,EXPECTED
13PR151,4542615,10.52317730,4542615,12.71604330,-1.892843e-01,1.107538,-1.979947,EXPECTED
13PR303D2,4555320,10.70847178,4555320,12.68630319,-1.694877e-01,1.107846,-1.785295,EXPECTED
13PR152,4564560,10.56785355,4564560,13.14486202,-2.182143e-01,1.108176,-2.325451,EXPECTED
13PR305D2,4579575,10.78085278,4579575,12.71491863,-1.650043e-01,1.108427,-1.744874,EXPECTED
17PR9,4594590,10.97085368,4594590,13.22313515,-1.867259e-01,1.108685,-2.031489,EXPECTED
13PR307D2,4622310,10.21152255,4609605,12.57286341,-2.080240e-01,1.108989,-2.129273,EXPECTED
13PR154,4633860,10.41929315,4624620,12.53828960,-1.851279e-01,1.109357,-1.910112,EXPECTED
13PR309D2,4639635,10.26580414,4639635,12.63870734,-2.079457e-01,1.109647,-2.138431,EXPECTED
13PR155,4654650,10.59688560,4654650,12.88951962,-1.958544e-01,1.109898,-2.065626,EXPECTED
13PR311D2,4669665,10.42579153,4669665,12.56850730,-1.869116e-01,1.110260,-1.929923,EXPECTED
13PR156,4692765,10.38128526,4684680,12.53441679,-1.884735e-01,1.110682,-1.938567,EXPECTED
13PR313D2,4699695,10.44350005,4699695,12.56640613,-1.850473e-01,1.110872,-1.911027,EXPECTED
13PR157,4718175,10.21390224,4714710,12.59863329,-2.098386e-01,1.111191,-2.146104,EXPECTED
13PR315D2,4729725,10.18152231,4729725,12.53163130,-2.076814e-01,1.111610,-2.114149,EXPECTED
13PR158,4744740,10.51814697,4744740,12.66375496,-1.856419e-01,1.111868,-1.929733,EXPECTED
13PR317D2,4762065,10.18557918,4762065,12.57125900,-2.104403e-01,1.112286,-2.144844,EXPECTED
13PR159,4781700,10.07450430,4774770,12.72979782,-2.339376e-01,1.112554,-2.386665,EXPECTED
13PR319D2,4789785,10.80411220,4789785,12.90744193,-1.778772e-01,1.112926,-1.889910,EXPECTED
13PR160,4804800,10.25519980,4804800,12.52723810,-2.001204e-01,1.113423,-2.040589,EXPECTED
13PR321D2,4819815,10.54457330,4819815,12.62393359,-1.799832e-01,1.113742,-1.867004,EXPECTED
13PR161,4834830,10.64276684,4834830,13.01329656,-2.010912e-01,1.114057,-2.127835,EXPECTED
19PRD2,4849845,11.71850050,4849845,13.85023074,-1.671331e-01,1.114410,-1.912878,EXPECTED
17PR10,5120115,11.09798862,5105100,13.19515699,-1.730860e-01,1.121278,-1.870338,EXPECTED
17PR21D2,5360355,11.01071328,5360355,13.18549644,-1.802487e-01,1.129182,-1.925981,EXPECTED
17PR11,5705700,11.03056339,5615610,13.17826999,-1.778994e-01,1.138045,-1.887190,EXPECTED
17PR23D2,5870865,11.61456051,5870865,13.69343948,-1.646573e-01,1.147829,-1.811140,EXPECTED
17PR12,6276270,10.77284849,6126120,13.17002123,-2.009142e-01,1.158353,-2.069467,EXPECTED
17PR25D2,6561555,11.56741656,6561555,13.60459041,-1.622150e-01,1.169639,-1.741712,EXPECTED
17PR13,6846840,10.92763419,6636630,13.16867901,-1.865464e-01,1.181674,-1.896500,EXPECTED
17PR27D2,6891885,11.12073367,6891885,13.17018895,-1.691446e-01,1.194404,-1.715881,EXPECTED
17PR14,7147140,11.08082799,7147140,13.17298497,-1.729517e-01,1.207631,-1.732447,EXPECTED
17PR29D2,7402395,11.51750533,7402395,13.58159569,-1.648475e-01,1.221235,-1.690166,EXPECTED
17PR15,7657650,10.98366457,7657650,13.18200237,-1.824433e-01,1.235569,-1.779211,EXPECTED
17PR31D2,7912905,11.51755095,7912905,13.56478474,-1.636050e-01,1.250490,-1.637145,EXPECTED
17PR16,8273265,11.22957338,8273265,13.51947740,-1.855806e-01,1.106701,-2.069126,EXPECTED
17PR33D2,8580495,11.17131942,8580495,13.39169256,-1.812848e-01,1.057963,-2.098725,EXPECTED
17PR17,8843835,11.19731421,8843835,13.51111067,-1.878384e-01,1.035296,-2.234913,EXPECTED
17PR35D2,9129120,11.03593374,8933925,13.22087411,-1.806403e-01,1.012473,-2.158023,EXPECTED
17PR18,9189180,11.26787269,9189180,13.23096951,-1.606047e-01,0.992386,-1.978159,EXPECTED
17PR37D2,9444435,11.27123348,9444435,13.55388660,-1.844196e-01,0.971488,-2.349646,EXPECTED
