START,n_0,C_min,Npred_0,CboundMin,Lambda_min,Jitter,JitterRatio,Status
4,4,3.843624,4,0.000000,,6.116053,6.284484e-01,EXPECTED
5,5,2.590290,5,0.000000,,4.996182,5.184539e-01,EXPECTED
6,6,3.210402,6,0.000000,,6.369044,5.040634e-01,EXPECTED
8,8,2.162039,8,0.000000,,5.575458,3.877778e-01,EXPECTED
9,9,3.862237,9,0.000000,,5.497686,7.025205e-01,EXPECTED
10,10,2.120759,10,0.000000,,6.116696,3.467164e-01,EXPECTED
11,11,1.916634,11,0.000000,,6.116062,3.133771e-01,EXPECTED
12,12,5.292652,12,0.000000,,5.358197,9.877673e-01,EXPECTED
13,13,1.879704,13,0.000000,,6.582627,2.855553e-01,EXPECTED
14,14,1.741156,14,0.000000,,6.648584,2.618837e-01,EXPECTED
5PR,43,1.131730,32,0.000000,,5.142219,2.200859e-01,EXPECTED
5PR3D2,59,1.900150,59,0.000000,,4.708044,4.035965e-01,EXPECTED
5PR2,61,0.938849,64,0.000000,,4.405084,2.131285e-01,EXPECTED
5PR5D2,79,0.830090,89,0.000000,,4.180726,1.985516e-01,EXPECTED
5PR3,97,1.468630,103,0.000000,,4.007692,3.664528e-01,EXPECTED
7PRD2,109,2.063320,113,0.000000,,3.907900,5.279869e-01,EXPECTED
5PR4,124,1.909735,128,0.000000,,3.805955,5.017755e-01,EXPECTED
5PR9D2,146,1.155178,149,0.000000,,3.737369,3.090886e-01,EXPECTED
5PR5,163,1.621643,163,0.000000,,3.664813,4.424900e-01,EXPECTED
5PR11D2,172,2.078173,179,0.000000,,3.553725,5.847872e-01,EXPECTED
5PR6,184,1.996004,191,0.000000,,3.487507,5.723297e-01,EXPECTED
5PR13D2,199,0.949799,199,0.000000,,3.438454,2.762285e-01,EXPECTED
7PR,223,1.771970,211,0.000000,,3.414964,5.188839e-01,EXPECTED
5PR15D2,239,1.689671,233,0.000000,,3.389239,4.985399e-01,EXPECTED
5PR8,251,2.049036,251,0.000000,,3.349302,6.117800e-01,EXPECTED
5PR17D2,269,2.362324,256,0.000000,,3.319632,7.116223e-01,EXPECTED
5PR9,271,1.559440,283,0.000000,,3.290581,4.739102e-01,EXPECTED
5PR19D2,292,2.235297,293,0.000000,,3.259131,6.858568e-01,EXPECTED
5PR10,302,1.821731,313,0.000000,,3.249952,5.605409e-01,EXPECTED
7PR3D2,316,1.771581,317,0.000000,,3.234847,5.476553e-01,EXPECTED
5PR11,337,1.693668,337,0.000000,,3.230342,5.242999e-01,EXPECTED
5PR23D2,346,2.000830,359,0.000000,,3.214962,6.223495e-01,EXPECTED
5PR12,362,1.937384,373,0.000000,,3.202391,6.049805e-01,EXPECTED
5PR25D2,379,1.880231,389,0.000000,,3.194991,5.884934e-01,EXPECTED
5PR13,394,2.136901,401,0.000000,,3.189819,6.699129e-01,EXPECTED
5PR27D2,412,2.377228,419,0.000000,,3.185617,7.462379e-01,EXPECTED
7PR2,433,1.434002,433,0.000000,,3.187007,4.499526e-01,EXPECTED
5PR29D2,439,1.985808,449,0.000000,,3.181982,6.240790e-01,EXPECTED
5PR15,463,2.191808,463,0.000000,,3.182651,6.886737e-01,EXPECTED
5PR31D2,466,2.453135,479,0.000000,,3.180265,7.713618e-01,EXPECTED
5PR16,491,2.111116,491,0.000000,,3.183432,6.631572e-01,EXPECTED
5PR33D2,508,2.056630,509,0.000000,,3.187035,6.453114e-01,EXPECTED
5PR17,523,2.275105,512,0.000000,,3.189739,7.132574e-01,EXPECTED
7PR5D2,538,2.230937,538,0.000000,,3.193202,6.986520e-01,EXPECTED
5PR18,544,2.456765,547,0.000000,,3.193724,7.692477e-01,EXPECTED
5PR37D2,556,1.937072,563,0.000000,,3.198915,6.055403e-01,EXPECTED
5PR19,571,2.139258,577,0.000000,,3.205245,6.674242e-01,EXPECTED
5PR39D2,586,2.100993,593,0.000000,,3.211201,6.542702e-01,EXPECTED
5PR20,601,1.834936,607,0.000000,,3.220336,5.697964e-01,EXPECTED
5PR41D2,619,2.021113,619,0.000000,,3.227470,6.262221e-01,EXPECTED
7PR3,631,1.995252,643,0.000000,,3.231546,6.174296e-01,EXPECTED
5PR43D2,649,2.396070,659,0.000000,,3.239299,7.396878e-01,EXPECTED
5PR22,674,2.121108,673,0.000000,,3.247519,6.531472e-01,EXPECTED
5PR45D2,677,1.902091,683,0.000000,,3.256185,5.841471e-01,EXPECTED
5PR23,697,2.277606,701,0.000000,,3.271443,6.962084e-01,EXPECTED
5PR47D2,706,1.643095,719,0.000000,,3.281130,5.007711e-01,EXPECTED
5PR24,734,2.196989,733,0.000000,,3.291195,6.675353e-01,EXPECTED
7PR7D2,743,1.981918,743,0.000000,,3.301621,6.002863e-01,EXPECTED
5PR25,757,2.343918,761,0.000000,,3.305174,7.091663e-01,EXPECTED
5PR51D2,779,2.106351,773,0.000000,,3.316060,6.351969e-01,EXPECTED
5PR26,787,2.094724,787,0.000000,,3.332355,6.286017e-01,EXPECTED
5PR53D2,802,1.878883,809,0.000000,,3.343967,5.618725e-01,EXPECTED
5PR27,811,2.047862,823,0.000000,,3.358700,6.097186e-01,EXPECTED
5PR55D2,839,2.730281,839,0.000000,,3.363987,8.116206e-01,EXPECTED
7PR4,841,1.995608,853,0.000000,,3.376383,5.910491e-01,EXPECTED
5PR57D2,859,1.968802,863,0.000000,,3.389055,5.809295e-01,EXPECTED
5PR29,883,2.278764,883,0.000000,,3.406365,6.689724e-01,EXPECTED
5PR59D2,886,2.101575,887,0.000000,,3.414471,6.154907e-01,EXPECTED
5PR30,904,2.070745,911,0.000000,,3.433180,6.031565e-01,EXPECTED
5PR61D2,919,2.217011,929,0.000000,,3.450774,6.424677e-01,EXPECTED
5PR31,943,2.513020,941,0.000000,,3.464825,7.252949e-01,EXPECTED
7PR9D2,958,2.319037,953,0.000000,,3.470430,6.682276e-01,EXPECTED
5PR32,967,1.646502,971,0.000000,,3.483912,4.726015e-01,EXPECTED
5PR65D2,982,1.954023,983,0.000000,,3.504428,5.575869e-01,EXPECTED
5PR33,997,1.932794,997,0.000000,,3.519273,5.492026e-01,EXPECTED
5PR67D2,1009,2.076569,1019,0.000000,,3.538386,5.868690e-01,EXPECTED
5PR34,1024,2.370656,1024,0.000000,,2.959273,8.010941e-01,EXPECTED
5PR69D2,1039,2.189496,1049,0.000000,,2.937679,7.453149e-01,EXPECTED
7PR5,1051,2.327249,1063,0.000000,,2.912406,7.990812e-01,EXPECTED
5PR71D2,1076,2.288002,1069,0.000000,,2.892638,7.909742e-01,EXPECTED
5PR36,1087,2.118488,1093,0.000000,,2.876418,7.365021e-01,EXPECTED
5PR73D2,1109,1.939431,1109,0.000000,,2.855668,6.791514e-01,EXPECTED
5PR37,1114,2.230524,1123,0.000000,,2.821542,7.905337e-01,EXPECTED
5PR75D2,1126,2.066336,1129,0.000000,,2.794382,7.394608e-01,EXPECTED
5PR38,1147,2.328713,1153,0.000000,,2.772311,8.399898e-01,EXPECTED
11PRD2,1181,1.996022,1259,0.000000,,2.744275,7.273404e-01,EXPECTED
7PR6,1324,2.101074,1361,0.000000,,2.509094,8.373835e-01,EXPECTED
7PR13D2,1402,2.016788,1459,0.000000,,2.487236,8.108551e-01,EXPECTED
7PR7,1567,1.976610,1571,0.000000,,2.366788,8.351445e-01,EXPECTED
7PR15D2,1669,1.998004,1669,0.017916,4.714210e+00,2.288222,8.653391e-01,EXPECTED
7PR8,1733,2.051850,1783,0.109671,2.929012e+00,2.193413,8.854598e-01,EXPECTED
7PR17D2,1849,2.059563,1889,0.180226,2.436037e+00,2.129272,8.826195e-01,EXPECTED
7PR9,1966,2.068117,1993,0.253617,2.098569e+00,2.037687,8.904704e-01,EXPECTED
7PR19D2,2029,2.019649,2048,0.314491,1.859724e+00,2.004562,8.506387e-01,EXPECTED
7PR10,2104,2.246404,2203,0.373754,1.793488e+00,1.920180,9.752471e-01,EXPECTED
7PR21D2,2221,2.069234,2309,0.427191,1.577703e+00,1.892186,8.678021e-01,EXPECTED
11PR,2357,2.238022,2411,0.476632,1.546603e+00,1.820317,9.676282e-01,EXPECTED
7PR23D2,2437,2.182527,2503,0.522975,1.428705e+00,1.792866,9.256420e-01,EXPECTED
7PR12,2579,2.415009,2621,0.564485,1.453544e+00,1.748690,1.058234e+00,EXPECTED
7PR25D2,2638,2.216406,2729,0.607309,1.294605e+00,1.710381,9.407828e-01,EXPECTED
7PR13,2809,2.114348,2833,0.641750,1.192303e+00,1.671815,8.808379e-01,EXPECTED
7PR27D2,2866,2.231419,2939,0.677036,1.192669e+00,1.631713,9.526081e-01,EXPECTED
7PR14,2974,2.170677,3041,0.711166,1.115889e+00,1.604193,9.098101e-01,EXPECTED
7PR29D2,3076,2.045480,3137,0.741117,1.015229e+00,1.568661,8.315136e-01,EXPECTED
7PR15,3232,2.243527,3253,0.772163,1.066609e+00,1.547748,9.506483e-01,EXPECTED
7PR31D2,3284,2.283799,3359,0.797230,1.052452e+00,1.507460,9.861416e-01,EXPECTED
7PR16,3379,2.234660,3463,0.823014,9.988712e-01,1.491726,9.463172e-01,EXPECTED
11PR3D2,3559,2.085649,3559,0.847717,9.002885e-01,1.457471,8.493699e-01,EXPECTED
7PR17,3646,2.296928,3673,0.870885,9.698179e-01,1.443274,9.880612e-01,EXPECTED
7PR35D2,3769,2.178572,3779,0.893250,8.915584e-01,1.420002,9.051551e-01,EXPECTED
7PR18,3799,2.045984,3881,0.916391,8.031910e-01,1.395465,8.094743e-01,EXPECTED
7PR37D2,3964,2.155054,3989,0.934657,8.353914e-01,1.377846,8.857282e-01,EXPECTED
7PR19,4051,2.177791,4093,0.954120,8.252769e-01,1.359427,9.001373e-01,EXPECTED
7PR39D2,4096,2.329852,4096,0.970734,8.755075e-01,1.340083,1.014204e+00,EXPECTED
7PR20,4259,2.261669,4297,0.988590,8.275786e-01,1.319910,9.645196e-01,EXPECTED
7PR41D2,4393,2.316424,4409,1.006147,8.338964e-01,1.297183,1.010094e+00,EXPECTED
7PR21,4486,2.173954,4513,1.022447,7.543489e-01,1.286550,8.950348e-01,EXPECTED
7PR43D2,4603,2.184128,4603,1.036751,7.451249e-01,1.275215,8.997518e-01,EXPECTED
11PR2,4651,2.114956,4723,1.051357,6.989523e-01,1.257630,8.457169e-01,EXPECTED
7PR45D2,4801,2.165139,4817,1.065755,7.088011e-01,1.236371,8.892024e-01,EXPECTED
7PR23,4933,2.218945,4933,1.079074,7.209286e-01,1.229253,9.272875e-01,EXPECTED
7PR47D2,4987,2.200621,5039,1.092157,7.005850e-01,1.216501,9.111904e-01,EXPECTED
7PR24,5059,2.224839,5119,1.105069,6.997768e-01,1.200227,9.329652e-01,EXPECTED
7PR49D2,5242,2.306898,5237,1.116798,7.254381e-01,1.190767,9.994399e-01,EXPECTED
7PR25,5308,2.144463,5351,1.129446,6.411619e-01,1.177844,8.617584e-01,EXPECTED
7PR51D2,5416,2.157631,5449,1.140902,6.371917e-01,1.164538,8.730750e-01,EXPECTED
7PR26,5557,2.475430,5563,1.150749,7.660011e-01,1.151726,1.150170e+00,EXPECTED
7PR53D2,5596,2.283230,5669,1.160958,6.763456e-01,1.142235,9.825229e-01,EXPECTED
7PR27,5728,2.330958,5749,1.171364,6.881105e-01,1.130229,1.025981e+00,EXPECTED
11PR5D2,5857,2.247930,5879,1.180770,6.438430e-01,1.119422,9.533134e-01,EXPECTED
7PR28,5884,2.369254,5981,1.189699,6.888748e-01,1.104904,1.067563e+00,EXPECTED
7PR57D2,6046,2.362611,6089,1.198823,6.784271e-01,1.103097,1.055019e+00,EXPECTED
7PR29,6131,2.378763,6173,1.207564,6.779755e-01,1.094183,1.070387e+00,EXPECTED
7PR59D2,6269,2.420363,6299,1.216164,6.882159e-01,1.084473,1.110400e+00,EXPECTED
7PR30,6353,2.192583,6397,1.224353,5.826678e-01,1.076108,8.997517e-01,EXPECTED
7PR61D2,6421,2.376263,6469,1.232868,6.561859e-01,1.065345,1.073263e+00,EXPECTED
7PR31,6607,2.324179,6607,1.240745,6.276549e-01,1.057485,1.024538e+00,EXPECTED
7PR63D2,6658,2.388923,6719,1.247693,6.495464e-01,1.048866,1.088061e+00,EXPECTED
7PR32,6803,2.387505,6823,1.255144,6.429986e-01,1.039927,1.088885e+00,EXPECTED
7PR65D2,6826,2.381677,6917,1.261921,6.351697e-01,1.032678,1.084323e+00,EXPECTED
11PR3,6967,2.306387,7027,1.269122,5.973569e-01,1.027287,1.009713e+00,EXPECTED
7PR67D2,7108,2.419696,7129,1.275492,6.403099e-01,1.014129,1.128263e+00,EXPECTED
7PR34,7219,2.243692,7243,1.282121,5.596070e-01,1.012931,9.492957e-01,EXPECTED
7PR69D2,7246,2.310590,7349,1.288121,5.843183e-01,1.006207,1.016162e+00,EXPECTED
7PR35,7351,2.321461,7451,1.293999,5.844593e-01,1.000000,1.027462e+00,EXPECTED
7PR71D2,7517,2.352732,7559,1.299932,5.932653e-01,0.992760,1.060478e+00,EXPECTED
7PR36,7643,2.322527,7649,1.305648,5.759563e-01,0.986048,1.031267e+00,EXPECTED
7PR73D2,7723,2.303606,7759,1.311551,5.632653e-01,0.977588,1.014799e+00,EXPECTED
7PR37,7771,2.431774,7873,1.317346,6.130019e-01,0.971804,1.146762e+00,EXPECTED
7PR75D2,7894,2.402348,7937,1.322008,5.972948e-01,0.965492,1.118953e+00,EXPECTED
7PR38,7993,2.481077,8081,1.327702,6.252431e-01,0.957063,1.205119e+00,EXPECTED
11PR7D2,8117,2.384249,8179,1.332188,5.820615e-01,0.955855,1.100649e+00,EXPECTED
7PR39,8224,2.359896,8192,1.336625,5.684698e-01,0.945891,1.081806e+00,EXPECTED
7PR79D2,8311,2.340993,8389,1.341790,5.565707e-01,0.944841,1.057536e+00,EXPECTED
7PR40,8429,2.250283,8501,1.346668,5.134226e-01,0.936874,9.645000e-01,EXPECTED
7PR81D2,8506,2.396208,8609,1.351084,5.729803e-01,0.934101,1.118855e+00,EXPECTED
7PR41,8707,2.352764,8713,1.355748,5.512375e-01,0.928378,1.073933e+00,EXPECTED
7PR83D2,8777,2.275200,8819,1.359649,5.148414e-01,0.924014,9.908410e-01,EXPECTED
7PR42,8839,2.262685,8923,1.363592,5.064298e-01,0.917405,9.800394e-01,EXPECTED
7PR85D2,9014,2.352156,9029,1.367848,5.420937e-01,0.913353,1.077686e+00,EXPECTED
7PR43,9091,2.367239,9133,1.371972,5.454752e-01,0.908585,1.095403e+00,EXPECTED
7PR87D2,9157,2.292870,9239,1.375496,5.109899e-01,0.901266,1.017873e+00,EXPECTED
11PR4,9301,2.325339,9343,1.379236,5.223361e-01,0.900311,1.050862e+00,EXPECTED
7PR89D2,9433,2.329945,9439,1.382972,5.216099e-01,0.896105,1.056766e+00,EXPECTED
7PR45,9544,2.308734,9551,1.386808,5.096946e-01,0.891499,1.034130e+00,EXPECTED
7PR91D2,9649,2.171461,9649,1.390520,4.457224e-01,0.886661,8.807662e-01,EXPECTED
7PR46,9748,2.357913,9749,1.393380,5.260445e-01,0.883128,1.092178e+00,EXPECTED
7PR93D2,9811,2.491073,9859,1.396705,5.785977e-01,0.876309,1.248838e+00,EXPECTED
7PR47,9904,2.386610,9973,1.399927,5.334539e-01,0.874956,1.127694e+00,EXPECTED
7PR95D2,10042,2.417399,10079,1.403614,5.436418e-01,0.870400,1.164735e+00,EXPECTED
7PR48,10156,2.368242,10181,1.406489,5.210514e-01,0.864068,1.113052e+00,EXPECTED
7PR97D2,10196,2.360877,10289,1.409330,5.159187e-01,0.860802,1.105419e+00,EXPECTED
7PR49,10369,2.385378,10391,1.412381,5.240807e-01,0.857784,1.134315e+00,EXPECTED
11PR9D2,10474,2.311736,10499,1.415050,4.908339e-01,0.855229,1.048475e+00,EXPECTED
7PR50,10573,2.431284,10601,1.417697,5.393858e-01,0.849432,1.193253e+00,EXPECTED
7PR101D2,10687,2.248307,10709,1.420466,4.591925e-01,0.847738,9.765293e-01,EXPECTED
7PR51,10786,2.420299,10799,1.423122,5.310380e-01,0.842992,1.182902e+00,EXPECTED
7PR103D2,10883,2.376531,10909,1.426156,5.106591e-01,0.841207,1.129775e+00,EXPECTED
7PR52,10939,2.500067,11003,1.428692,5.595582e-01,0.836281,1.281118e+00,EXPECTED
7PR105D2,11054,2.347864,11119,1.430780,4.952862e-01,0.834305,1.099219e+00,EXPECTED
7PR53,11182,2.405197,11213,1.433194,5.177263e-01,0.831511,1.168960e+00,EXPECTED
7PR107D2,11272,2.260036,11329,1.435606,4.537937e-01,0.828132,9.955297e-01,EXPECTED
7PR54,11351,2.376834,11443,1.438089,5.024542e-01,0.824590,1.138438e+00,EXPECTED
7PR109D2,11474,2.459302,11549,1.440157,5.351254e-01,0.822954,1.238399e+00,EXPECTED
11PR5,11579,2.391032,11633,1.442353,5.054493e-01,0.818495,1.159053e+00,EXPECTED
7PR111D2,11717,2.368874,11743,1.444507,4.946466e-01,0.816913,1.131537e+00,EXPECTED
7PR56,11839,2.349494,11863,1.446807,4.848409e-01,0.813580,1.109525e+00,EXPECTED
7PR113D2,11933,2.310043,11969,1.448685,4.666099e-01,0.810846,1.062295e+00,EXPECTED
7PR57,11971,2.403579,12073,1.450586,5.049913e-01,0.807297,1.180474e+00,EXPECTED
7PR115D2,12143,2.425494,12163,1.452950,5.124392e-01,0.805193,1.207840e+00,EXPECTED
7PR58,12281,2.404023,12281,1.454746,5.023123e-01,0.802336,1.183141e+00,EXPECTED
7PR117D2,12286,2.378968,12379,1.456449,4.906655e-01,0.799199,1.154304e+00,EXPECTED
7PR59,12434,2.356633,12491,1.458168,4.800531e-01,0.796184,1.128464e+00,EXPECTED
7PR119D2,12574,2.312171,12589,1.459976,4.597669e-01,0.793909,1.073416e+00,EXPECTED
7PR60,12671,2.298108,12703,1.461710,4.524792e-01,0.790986,1.057412e+00,EXPECTED
11PR11D2,12721,2.456550,12809,1.463537,5.179018e-01,0.789159,1.258318e+00,EXPECTED
7PR61,12889,2.477983,12911,1.465222,5.254382e-01,0.786977,1.286900e+00,EXPECTED
7PR123D2,12968,2.419530,12979,1.466706,5.005542e-01,0.783700,1.215802e+00,EXPECTED
7PR62,13049,2.430874,13121,1.468438,5.040516e-01,0.780188,1.233595e+00,EXPECTED
7PR125D2,13204,2.476871,13229,1.469824,5.218534e-01,0.778876,1.292949e+00,EXPECTED
7PR63,13301,2.417205,13331,1.471471,4.963493e-01,0.777099,1.217006e+00,EXPECTED
7PR127D2,13388,2.450085,13399,1.472820,5.089438e-01,0.774192,1.262303e+00,EXPECTED
7PR64,13466,2.461570,13537,1.474251,5.126493e-01,0.770882,1.280765e+00,EXPECTED
7PR129D2,13646,2.368852,13649,1.475702,4.732716e-01,0.769700,1.160387e+00,EXPECTED
7PR65,13729,2.401820,13751,1.477190,4.860851e-01,0.767597,1.204577e+00,EXPECTED
7PR131D2,13837,2.387058,13859,1.478290,4.791756e-01,0.766017,1.186355e+00,EXPECTED
11PR6,13931,2.484208,13963,1.479738,5.180889e-01,0.763505,1.315604e+00,EXPECTED
7PR133D2,13976,2.499738,14057,1.480879,5.235501e-01,0.760822,1.339156e+00,EXPECTED
7PR67,14164,2.452000,14173,1.482114,5.034346e-01,0.759259,1.277411e+00,EXPECTED
7PR135D2,14243,2.419626,14243,1.483319,4.893308e-01,0.756215,1.238149e+00,EXPECTED
7PR68,14293,2.455938,14369,1.484494,5.034348e-01,0.755171,1.286389e+00,EXPECTED
7PR137D2,14389,2.400130,14489,1.485661,4.796631e-01,0.752458,1.215309e+00,EXPECTED
7PR69,14561,2.419922,14593,1.486885,4.870520e-01,0.751452,1.241646e+00,EXPECTED
7PR139D2,14698,2.465394,14699,1.488094,5.048555e-01,0.748891,1.304996e+00,EXPECTED
7PR70,14779,2.370813,14797,1.489048,4.650959e-01,0.746886,1.180588e+00,EXPECTED
7PR141D2,14821,2.428285,14869,1.489994,4.884132e-01,0.744078,1.261012e+00,EXPECTED
7PR71,14951,2.474000,15013,1.491081,5.063349e-01,0.742949,1.322997e+00,EXPECTED
13PRD2,15802,2.407588,16141,1.491964,4.785320e-01,0.739259,1.238570e+00,EXPECTED
11PR7,16364,2.322181,17321,1.501215,4.362321e-01,0.722664,1.136027e+00,EXPECTED
11PR15D2,18322,2.387992,18461,1.507726,4.598503e-01,0.705696,1.247373e+00,EXPECTED
11PR8,18637,2.338403,19609,1.512147,4.359377e-01,0.690678,1.196297e+00,EXPECTED
11PR17D2,20036,2.289590,20789,1.514793,4.130940e-01,0.678055,1.142676e+00,EXPECTED
11PR9,21706,2.379497,21943,1.515424,4.511939e-01,0.667708,1.294088e+00,EXPECTED
11PR19D2,22369,2.353110,23099,1.513891,4.410547e-01,0.656567,1.278192e+00,EXPECTED
11PR10,23629,2.382030,24251,1.511302,4.549815e-01,0.647723,1.344291e+00,EXPECTED
11PR21D2,24256,2.346645,25409,1.507779,4.423489e-01,0.640036,1.310654e+00,EXPECTED
11PR11,25609,2.436016,26561,1.503414,4.826254e-01,0.632926,1.473477e+00,EXPECTED
11PR23D2,27479,2.378589,27701,1.498357,4.621383e-01,0.627043,1.403783e+00,EXPECTED
11PR12,28384,2.392143,28871,1.492463,4.717618e-01,0.621225,1.448235e+00,EXPECTED
11PR25D2,29738,2.388039,30029,1.485993,4.743893e-01,0.615097,1.466510e+00,EXPECTED
13PR,30332,2.373919,31183,1.478964,4.732003e-01,0.610754,1.465328e+00,EXPECTED
11PR27D2,31277,2.385018,32327,1.471467,4.829468e-01,0.606356,1.506625e+00,EXPECTED
11PR14,32563,2.409032,33493,1.463327,4.985124e-01,0.603072,1.568146e+00,EXPECTED
11PR29D2,34198,2.422759,34649,1.454787,5.100475e-01,0.599633,1.614274e+00,EXPECTED
11PR15,34961,2.422113,35803,1.445823,5.159616e-01,0.596633,1.636333e+00,EXPECTED
11PR31D2,36238,2.424339,36947,1.436531,5.233277e-01,0.593045,1.665654e+00,EXPECTED
11PR16,37892,2.476449,38113,1.426668,5.514840e-01,0.590714,1.777139e+00,EXPECTED
11PR33D2,39241,2.464764,39251,1.416680,5.537800e-01,0.588817,1.779983e+00,EXPECTED
11PR17,39992,2.417664,40423,1.406032,5.420302e-01,0.587125,1.723027e+00,EXPECTED
11PR35D2,40597,2.407021,41579,1.395193,5.453571e-01,0.584842,1.730088e+00,EXPECTED
11PR18,41758,2.443768,42727,1.384114,5.684809e-01,0.583809,1.815070e+00,EXPECTED
11PR37D2,43531,2.397876,43889,1.372589,5.578846e-01,0.582372,1.760536e+00,EXPECTED
11PR19,44533,2.449096,45013,1.361007,5.874941e-01,0.581332,1.871717e+00,EXPECTED
13PR3D2,45259,2.417068,46199,1.348782,5.833533e-01,0.580380,1.840666e+00,EXPECTED
11PR20,46513,2.480910,47353,1.336468,6.185951e-01,0.579553,1.974698e+00,EXPECTED
11PR41D2,47764,2.468737,48497,1.324656,6.225539e-01,0.578996,1.975974e+00,EXPECTED
11PR21,48742,2.452394,49663,1.326336,6.146444e-01,0.578483,1.946571e+00,EXPECTED
11PR43D2,49762,2.427204,50789,1.348348,5.878598e-01,0.578114,1.866165e+00,EXPECTED
11PR22,51826,2.371051,51973,1.369623,5.487978e-01,0.577827,1.733093e+00,EXPECTED
11PR45D2,52376,2.472047,53129,1.390088,5.756795e-01,0.577705,1.872857e+00,EXPECTED
11PR23,53926,2.487914,54277,1.410029,5.678343e-01,0.577700,1.865821e+00,EXPECTED
11PR47D2,54856,2.460717,55439,1.428723,5.436717e-01,0.577789,1.786109e+00,EXPECTED
11PR24,56467,2.424597,56591,1.446943,5.162123e-01,0.577969,1.691534e+00,EXPECTED
11PR49D2,57172,2.435443,57737,1.464533,5.085922e-01,0.578264,1.679008e+00,EXPECTED
11PR25,58789,2.463295,58901,1.481476,5.084610e-01,0.578685,1.696638e+00,EXPECTED
11PR51D2,59074,2.432984,60041,1.497886,4.850637e-01,0.579254,1.614314e+00,EXPECTED
13PR2,61058,2.434978,61211,1.513883,4.752598e-01,0.579822,1.588582e+00,EXPECTED
11PR53D2,61861,2.468669,62351,1.529069,4.790201e-01,0.580280,1.619218e+00,EXPECTED
11PR27,62851,2.423693,63521,1.543906,4.509768e-01,0.581304,1.513471e+00,EXPECTED
11PR55D2,64223,2.483875,64679,1.558098,4.663540e-01,0.581996,1.590693e+00,EXPECTED
11PR28,65336,2.455463,65536,1.572009,4.459609e-01,0.582798,1.515884e+00,EXPECTED
11PR57D2,66602,2.454560,66977,1.585384,4.371209e-01,0.583767,1.488909e+00,EXPECTED
11PR29,67904,2.409775,68141,1.598549,4.104370e-01,0.584506,1.387883e+00,EXPECTED
11PR59D2,68318,2.470953,69263,1.611056,4.277140e-01,0.585592,1.468423e+00,EXPECTED
11PR30,69911,2.460593,70451,1.623361,4.159037e-01,0.586539,1.427411e+00,EXPECTED
11PR61D2,70898,2.479779,71597,1.635210,4.163982e-01,0.587685,1.437112e+00,EXPECTED
11PR31,71633,2.417793,72763,1.646889,3.839671e-01,0.589547,1.307621e+00,EXPECTED
11PR63D2,73804,2.456563,73907,1.658032,3.931319e-01,0.590334,1.352677e+00,EXPECTED
11PR32,74716,2.477263,75041,1.669093,3.948740e-01,0.592408,1.364212e+00,EXPECTED
13PR5D2,75494,2.495585,76213,1.679625,3.959526e-01,0.593515,1.374793e+00,EXPECTED
11PR33,77144,2.457146,77383,1.689946,3.743039e-01,0.594829,1.289782e+00,EXPECTED
11PR67D2,78037,2.516043,78539,1.700043,3.920339e-01,0.597028,1.366770e+00,EXPECTED
11PR34,79256,2.408604,79693,1.709829,3.426540e-01,0.597304,1.169882e+00,EXPECTED
11PR69D2,79784,2.476045,80849,1.719413,3.646796e-01,0.599341,1.262440e+00,EXPECTED
11PR35,81749,2.453249,82003,1.728781,3.499967e-01,0.601419,1.204598e+00,EXPECTED
11PR71D2,82919,2.476781,83137,1.737812,3.543329e-01,0.602736,1.226024e+00,EXPECTED
11PR36,83428,2.495376,84313,1.746797,3.566556e-01,0.604418,1.238512e+00,EXPECTED
11PR73D2,85133,2.505044,85469,1.755337,3.556454e-01,0.605479,1.238205e+00,EXPECTED
11PR37,86248,2.483368,86599,1.763829,3.421287e-01,0.608267,1.182933e+00,EXPECTED
11PR75D2,87359,2.522137,87767,1.772019,3.529870e-01,0.608710,1.232308e+00,EXPECTED
11PR38,88498,2.470655,88919,1.780106,3.278104e-01,0.610521,1.131081e+00,EXPECTED
11PR77D2,89459,2.468322,90089,1.787948,3.224700e-01,0.612584,1.110662e+00,EXPECTED
13PR3,90952,2.483060,91243,1.795725,3.240828e-01,0.614793,1.117994e+00,EXPECTED
11PR79D2,91958,2.460638,92399,1.803157,3.108816e-01,0.617908,1.064044e+00,EXPECTED
11PR40,93493,2.512077,93553,1.810489,3.275129e-01,0.619754,1.132043e+00,EXPECTED
11PR81D2,94228,2.523992,94709,1.817695,3.282726e-01,0.620248,1.138733e+00,EXPECTED
11PR41,95467,2.501541,95857,1.824794,3.154398e-01,0.622747,1.086713e+00,EXPECTED
11PR83D2,95917,2.496487,97007,1.831633,3.096766e-01,0.625688,1.062597e+00,EXPECTED
11PR42,97577,2.543258,98143,1.838355,3.245748e-01,0.628003,1.122452e+00,EXPECTED
11PR85D2,98491,2.483092,99317,1.844964,2.970448e-01,0.629315,1.014004e+00,EXPECTED
11PR43,99581,2.460622,100483,1.851458,2.844407e-01,0.632514,9.630838e-01,EXPECTED
11PR87D2,101399,2.503442,101627,1.857784,2.982822e-01,0.633741,1.018804e+00,EXPECTED
11PR44,101818,2.472967,102793,1.863958,2.827165e-01,0.634979,9.591010e-01,EXPECTED
11PR89D2,102859,2.482749,103919,1.870039,2.834071e-01,0.637024,9.618319e-01,EXPECTED
11PR45,104068,2.480442,105097,1.875994,2.792981e-01,0.640958,9.430384e-01,EXPECTED
13PR7D2,105883,2.415466,106243,1.881842,2.496411e-01,0.642788,8.301711e-01,EXPECTED
11PR46,106307,2.513462,107377,1.887580,2.863655e-01,0.644217,9.715391e-01,EXPECTED
11PR93D2,107684,2.474253,108557,1.893310,2.676119e-01,0.646789,8.981955e-01,EXPECTED
11PR47,108874,2.497588,109721,1.898718,2.741465e-01,0.648695,9.231919e-01,EXPECTED
11PR95D2,110281,2.425941,110879,1.904208,2.421533e-01,0.652805,7.992172e-01,EXPECTED
11PR48,111058,2.485466,112031,1.909456,2.636418e-01,0.655225,8.791026e-01,EXPECTED
11PR97D2,112681,2.500220,113189,1.914778,2.667770e-01,0.655994,8.924502e-01,EXPECTED
11PR49,113683,2.506007,114343,1.919832,2.664530e-01,0.658864,8.896753e-01,EXPECTED
11PR99D2,115426,2.518188,115499,1.924851,2.686910e-01,0.662252,8.959384e-01,EXPECTED
11PR50,116371,2.489433,116639,1.929796,2.546407e-01,0.665023,8.415303e-01,EXPECTED
11PR101D2,116728,2.447827,117809,1.934633,2.352830e-01,0.668025,7.682257e-01,EXPECTED
11PR51,118894,2.518987,118931,1.939400,2.614782e-01,0.670100,8.649261e-01,EXPECTED
11PR103D2,119684,2.455237,120103,1.944101,2.334236e-01,0.672684,7.598456e-01,EXPECTED
13PR4,120979,2.501976,121271,1.948706,2.499153e-01,0.674294,8.205175e-01,EXPECTED
11PR105D2,121949,2.515720,122401,1.953265,2.530567e-01,0.678318,8.291907e-01,EXPECTED
11PR53,123059,2.534434,123583,1.957744,2.581775e-01,0.681120,8.466790e-01,EXPECTED
11PR107D2,124541,2.513118,124739,1.962101,2.475084e-01,0.681605,8.084110e-01,EXPECTED
11PR54,125663,2.498184,125887,1.966433,2.393428e-01,0.613029,8.674157e-01,EXPECTED
11PR109D2,126754,2.553594,127037,1.970632,2.591475e-01,0.608492,9.580438e-01,EXPECTED
11PR55,127189,2.495187,128203,1.974800,2.338965e-01,0.604077,8.614581e-01,EXPECTED
11PR111D2,129263,2.523198,129347,1.978931,2.429703e-01,0.602117,9.039223e-01,EXPECTED
11PR56,129581,2.514463,130513,1.982952,2.374726e-01,0.596344,8.912825e-01,EXPECTED
11PR113D2,131321,2.540156,131072,1.986929,2.456353e-01,0.592355,9.339450e-01,EXPECTED
11PR57,131888,2.541692,132817,1.990850,2.442683e-01,0.587717,9.372572e-01,EXPECTED
11PR115D2,133174,2.496699,133979,1.994718,2.244668e-01,0.584735,8.584761e-01,EXPECTED
11PR58,134077,2.493213,135131,1.998497,2.211768e-01,0.581101,8.513425e-01,EXPECTED
13PR9D2,135802,2.525685,136277,2.002288,2.322218e-01,0.577155,9.068569e-01,EXPECTED
11PR59,137374,2.542762,137443,2.005946,2.371351e-01,0.574103,9.350517e-01,EXPECTED
11PR119D2,137587,2.525820,138599,2.009553,2.286535e-01,0.572175,9.022886e-01,EXPECTED
11PR60,139511,2.486688,139753,2.013176,2.112381e-01,0.568735,8.325705e-01,EXPECTED
11PR121D2,140009,2.509696,140909,2.016658,2.187199e-01,0.563292,8.752796e-01,EXPECTED
11PR61,141676,2.501801,142061,2.020142,2.138431e-01,0.559636,8.606648e-01,EXPECTED
11PR123D2,142258,2.486632,143197,2.023541,2.060802e-01,0.557791,8.302231e-01,EXPECTED
11PR62,144094,2.516268,144349,2.026964,2.162377e-01,0.555782,8.803884e-01,EXPECTED
11PR125D2,145144,2.517468,145517,2.030246,2.150967e-01,0.553000,8.810524e-01,EXPECTED
11PR63,146572,2.539266,146683,2.033514,2.221097e-01,0.547892,9.230870e-01,EXPECTED
11PR127D2,146959,2.514265,147827,2.036784,2.106084e-01,0.544475,8.769567e-01,EXPECTED
11PR64,148843,2.539059,148991,2.039961,2.188628e-01,0.541283,9.220648e-01,EXPECTED
11PR129D2,149558,2.509800,150131,2.043080,2.057446e-01,0.538676,8.664206e-01,EXPECTED
13PR5,151106,2.513695,151303,2.046177,2.057806e-01,0.536828,8.708897e-01,EXPECTED
11PR131D2,151909,2.556226,152459,2.049254,2.210561e-01,0.532632,9.518241e-01,EXPECTED
11PR66,152506,2.516476,153611,2.052248,2.039237e-01,0.530319,8.753750e-01,EXPECTED
11PR133D2,154729,2.542208,154769,2.055244,2.126384e-01,0.526564,9.247955e-01,EXPECTED
11PR67,155362,2.542871,155921,2.058203,2.114605e-01,0.523624,9.256031e-01,EXPECTED
11PR135D2,156007,2.484775,157061,2.061112,1.869365e-01,0.521217,8.128342e-01,EXPECTED
11PR68,157264,2.535606,158233,2.063923,2.058241e-01,0.518195,9.102423e-01,EXPECTED
11PR137D2,158527,2.533978,159389,2.066764,2.038063e-01,0.516525,9.045332e-01,EXPECTED
11PR69,160211,2.556982,160541,2.069561,2.114911e-01,0.512704,9.506869e-01,EXPECTED
11PR139D2,161659,2.495986,161683,2.072306,1.860218e-01,0.511077,8.289945e-01,EXPECTED
11PR70,161983,2.536659,162853,2.075043,2.008660e-01,0.509803,9.054792e-01,EXPECTED
11PR141D2,163103,2.554812,163997,2.077696,2.067191e-01,0.507209,9.406694e-01,EXPECTED
11PR71,165124,2.514014,165161,2.080338,1.893503e-01,0.502165,8.636126e-01,EXPECTED
13PR11D2,165391,2.537052,166319,2.082971,1.972075e-01,0.500757,9.067891e-01,EXPECTED
11PR72,166351,2.516096,167471,2.085600,1.876519e-01,0.497412,8.654717e-01,EXPECTED
11PR145D2,168458,2.524528,168629,2.088104,1.897976e-01,0.495568,8.806541e-01,EXPECTED
11PR73,169298,2.568782,169783,2.090613,2.059745e-01,0.494529,9.669180e-01,EXPECTED
11PR147D2,170539,2.544594,170927,2.093112,1.953192e-01,0.490086,9.212302e-01,EXPECTED
11PR74,171694,2.536021,172093,2.095592,1.907602e-01,0.488047,9.024315e-01,EXPECTED
11PR149D2,172849,2.544515,173249,2.097999,1.929560e-01,0.486028,9.187043e-01,EXPECTED
11PR75,174214,2.508181,174389,2.100423,1.774190e-01,0.484004,8.424682e-01,EXPECTED
11PR151D2,175309,2.537064,175543,2.102779,1.877477e-01,0.481489,9.019625e-01,EXPECTED
11PR76,176224,2.475937,176713,2.105148,1.622331e-01,0.478834,7.743581e-01,EXPECTED
11PR153D2,177841,2.498607,177841,2.107485,1.702381e-01,0.476506,8.208123e-01,EXPECTED
11PR77,178369,2.531031,179021,2.109755,1.820549e-01,0.475542,8.858860e-01,EXPECTED
11PR155D2,179083,2.544579,180179,2.112009,1.863256e-01,0.473795,9.129898e-01,EXPECTED
13PR6,180379,2.504740,181303,2.114244,1.694876e-01,0.471632,8.279676e-01,EXPECTED
11PR157D2,181606,2.544916,182489,2.116504,1.843320e-01,0.467845,9.157135e-01,EXPECTED
11PR79,183049,2.533552,183637,2.118670,1.788337e-01,0.465748,8.907864e-01,EXPECTED
11PR159D2,184477,2.525210,184777,2.120829,1.745172e-01,0.464976,8.696814e-01,EXPECTED
11PR80,185882,2.522565,185951,2.122972,1.724592e-01,0.462306,8.643474e-01,EXPECTED
11PR161D2,187024,2.546797,187091,2.125077,1.810285e-01,0.460062,9.166591e-01,EXPECTED
11PR81,187471,2.541742,188261,2.127170,1.780572e-01,0.458052,9.050763e-01,EXPECTED
11PR163D2,188849,2.539369,189407,2.129254,1.761439e-01,0.456305,8.987738e-01,EXPECTED
11PR82,190324,2.551647,190573,2.131294,1.800097e-01,0.454134,9.256145e-01,EXPECTED
11PR165D2,190667,2.550418,191717,2.133321,1.785773e-01,0.451839,9.231098e-01,EXPECTED
11PR83,192251,2.548384,192883,2.135354,1.768270e-01,0.451361,9.150768e-01,EXPECTED
11PR167D2,193832,2.531004,194027,2.137314,1.690662e-01,0.447925,8.789195e-01,EXPECTED
11PR84,194767,2.536215,195193,2.139292,1.701979e-01,0.446295,8.893736e-01,EXPECTED
13PR13D2,196202,2.533437,196337,2.141219,1.682016e-01,0.444948,8.814918e-01,EXPECTED
11PR85,197254,2.542428,197479,2.143168,1.708344e-01,0.443099,9.010627e-01,EXPECTED
11PR171D2,198046,2.546555,198659,2.145046,1.715805e-01,0.441965,9.084633e-01,EXPECTED
11PR86,199442,2.546715,199813,2.146945,1.707584e-01,0.438587,9.114953e-01,EXPECTED
11PR173D2,200894,2.556264,200929,2.148797,1.736387e-01,0.438504,9.292207e-01,EXPECTED
11PR87,201359,2.578744,202121,2.150637,1.815384e-01,0.434990,9.841766e-01,EXPECTED
11PR175D2,202582,2.516144,203279,2.152462,1.561153e-01,0.433473,8.389957e-01,EXPECTED
11PR88,204224,2.538595,204431,2.154284,1.641524e-01,0.432266,8.890614e-01,EXPECTED
11PR177D2,204928,2.514124,205589,2.156058,1.536429e-01,0.430370,8.319957e-01,EXPECTED
11PR89,206392,2.569965,206699,2.157844,1.747827e-01,0.428591,9.615718e-01,EXPECTED
11PR179D2,206984,2.549206,207877,2.159586,1.658654e-01,0.427132,9.121770e-01,EXPECTED
11PR90,208129,2.539887,209039,2.161334,1.613940e-01,0.424939,8.908408e-01,EXPECTED
11PR181D2,209917,2.533807,210209,2.163048,1.582046e-01,0.424516,8.733687e-01,EXPECTED
13PR7,210557,2.541772,211349,2.164756,1.605538e-01,0.422628,8.920753e-01,EXPECTED
11PR183D2,211459,2.530291,212507,2.166430,1.552537e-01,0.420310,8.656967e-01,EXPECTED
11PR92,213557,2.566404,213659,2.168110,1.686499e-01,0.418525,9.516612e-01,EXPECTED
11PR185D2,214076,2.542250,214817,2.169787,1.584205e-01,0.416940,8.933252e-01,EXPECTED
11PR93,215854,2.578780,215983,2.171388,1.719498e-01,0.415417,9.806821e-01,EXPECTED
11PR187D2,216917,2.570539,217121,2.173040,1.679885e-01,0.414542,9.588872e-01,EXPECTED
11PR94,217697,2.546482,218287,2.174630,1.578543e-01,0.412992,9.003855e-01,EXPECTED
11PR189D2,218696,2.562316,219437,2.176249,1.633088e-01,0.411301,9.386483e-01,EXPECTED
11PR95,220453,2.565985,220589,2.177785,1.640341e-01,0.409139,9.488218e-01,EXPECTED
11PR191D2,221332,2.562064,221747,2.179356,1.617838e-01,0.407743,9.386010e-01,EXPECTED
11PR96,222506,2.553031,222913,2.180907,1.575404e-01,0.406372,9.157225e-01,EXPECTED
11PR193D2,222974,2.553103,224069,2.182432,1.568696e-01,0.406007,9.129670e-01,EXPECTED
11PR97,224969,2.559107,225223,2.183946,1.585250e-01,0.403111,9.306643e-01,EXPECTED
13PR15D2,225824,2.537414,226379,2.185452,1.493228e-01,0.402300,8.748745e-01,EXPECTED
11PR98,226799,2.573374,227533,2.186942,1.627137e-01,0.400366,9.651968e-01,EXPECTED
11PR197D2,228328,2.554445,228677,2.188423,1.546538e-01,0.399041,9.172541e-01,EXPECTED
11PR99,229841,2.562643,229841,2.189904,1.571814e-01,0.397636,9.373875e-01,EXPECTED
11PR199D2,230722,2.536652,230999,2.191337,1.463332e-01,0.396100,8.717874e-01,EXPECTED
11PR100,231236,2.558566,232153,2.192778,1.542777e-01,0.394983,9.260854e-01,EXPECTED
11PR201D2,232846,2.532687,233297,2.194219,1.434546e-01,0.394135,8.587616e-01,EXPECTED
11PR101,233978,2.544386,234463,2.195629,1.474208e-01,0.392633,8.882519e-01,EXPECTED
11PR203D2,235028,2.550183,235607,2.197016,1.490650e-01,0.391285,9.025825e-01,EXPECTED
11PR102,236707,2.552424,236773,2.198406,1.493109e-01,0.389467,9.089807e-01,EXPECTED
11PR205D2,237883,2.561329,237929,2.199784,1.521671e-01,0.388082,9.316201e-01,EXPECTED
11PR103,238892,2.560892,239081,2.201161,1.513707e-01,0.386701,9.302562e-01,EXPECTED
11PR207D2,239857,2.515680,240209,2.202498,1.329510e-01,0.386464,8.103782e-01,EXPECTED
13PR8,241393,2.510799,241393,2.203851,1.303947e-01,0.384850,7.975783e-01,EXPECTED
11PR209D2,241537,2.556622,242533,2.205198,1.478696e-01,0.383207,9.170605e-01,EXPECTED
11PR105,242584,2.536698,243703,2.206488,1.394611e-01,0.382422,8.634702e-01,EXPECTED
11PR211D2,243907,2.548506,244859,2.207798,1.435117e-01,0.381018,8.942045e-01,EXPECTED
11PR106,245587,2.557081,246011,2.209093,1.462843e-01,0.379543,9.168605e-01,EXPECTED
11PR213D2,247069,2.567284,247141,2.210379,1.496845e-01,0.378179,9.437462e-01,EXPECTED
11PR107,247714,2.559589,248323,2.211665,1.461011e-01,0.376953,9.229904e-01,EXPECTED
11PR215D2,248641,2.549496,249463,2.212945,1.415715e-01,0.375886,8.953539e-01,EXPECTED
11PR108,249827,2.553881,250619,2.214187,1.427289e-01,0.375300,9.051266e-01,EXPECTED
11PR217D2,251081,2.557682,251789,2.215422,1.436585e-01,0.373145,9.172306e-01,EXPECTED
11PR109,252346,2.515986,252937,2.216646,1.266695e-01,0.372851,8.028408e-01,EXPECTED
11PR219D2,253741,2.541313,254083,2.217874,1.361318e-01,0.370665,8.725912e-01,EXPECTED
11PR110,255214,2.526952,255253,2.219094,1.299148e-01,0.370164,8.316800e-01,EXPECTED
17PRD2,269356,2.516588,270269,2.220289,1.252666e-01,0.368445,8.041879e-01,EXPECTED
13PR9,271022,2.532729,285283,2.235095,1.250136e-01,0.354366,8.399056e-01,EXPECTED
13PR19D2,288322,2.518682,300299,2.248499,1.134729e-01,0.342037,7.899233e-01,EXPECTED
13PR10,307028,2.546347,315313,2.260699,1.189857e-01,0.329873,8.659333e-01,EXPECTED
13PR21D2,322846,2.531402,330329,2.271871,1.081696e-01,0.319455,8.124180e-01,EXPECTED
13PR11,331714,2.529976,345329,2.282088,1.031190e-01,0.309106,8.019514e-01,EXPECTED
13PR23D2,352771,2.538964,360337,2.291531,1.025360e-01,0.300289,8.239829e-01,EXPECTED
13PR12,374047,2.540931,375373,2.300257,9.950969e-02,0.291943,8.243870e-01,EXPECTED
13PR25D2,387196,2.551285,390389,2.308350,1.000642e-01,0.284089,8.551369e-01,EXPECTED
13PR13,401627,2.530801,405401,2.315870,8.875043e-02,0.276378,7.776704e-01,EXPECTED
13PR27D2,414448,2.555438,420419,2.322894,9.540982e-02,0.269415,8.631442e-01,EXPECTED
13PR14,421276,2.535107,435427,2.329460,8.459936e-02,0.263349,7.808915e-01,EXPECTED
13PR29D2,445084,2.560537,450431,2.335616,9.194133e-02,0.257555,8.732931e-01,EXPECTED
13PR15,463549,2.546807,465463,2.341396,8.409309e-02,0.251766,8.158806e-01,EXPECTED
13PR31D2,478334,2.547325,480463,2.346837,8.197532e-02,0.245283,8.173742e-01,EXPECTED
13PR16,484417,2.553517,495491,2.351971,8.221792e-02,0.241005,8.362731e-01,EXPECTED
13PR33D2,498436,2.563382,510481,2.356814,8.401677e-02,0.236745,8.725337e-01,EXPECTED
17PR,512362,2.554116,525517,2.361397,7.845278e-02,0.232089,8.303668e-01,EXPECTED
13PR35D2,526681,2.564940,540539,2.365734,8.084675e-02,0.227878,8.741783e-01,EXPECTED
13PR18,548461,2.563940,555523,2.369852,7.871763e-02,0.223884,8.669132e-01,EXPECTED
13PR37D2,567082,2.578704,570569,2.373766,8.280922e-02,0.219713,9.327532e-01,EXPECTED
13PR19,574261,2.557483,585581,2.377492,7.297742e-02,0.216212,8.324746e-01,EXPECTED
13PR39D2,600031,2.582951,600577,2.381034,8.139770e-02,0.212615,9.496837e-01,EXPECTED
13PR20,608008,2.551184,615607,2.384414,6.760417e-02,0.209577,7.957457e-01,EXPECTED
13PR41D2,624707,2.565013,630613,2.387642,7.165728e-02,0.206312,8.597222e-01,EXPECTED
13PR21,633967,2.565321,645641,2.390731,7.048444e-02,0.203266,8.589238e-01,EXPECTED
13PR43D2,656629,2.573468,660659,2.393675,7.242456e-02,0.200109,8.984753e-01,EXPECTED
13PR22,667343,2.574533,675643,2.396497,7.166007e-02,0.197248,9.025998e-01,EXPECTED
13PR45D2,686398,2.527744,690689,2.399209,5.218811e-02,0.194665,6.602882e-01,EXPECTED
13PR23,695069,2.577932,705689,2.401801,7.076865e-02,0.192276,9.160322e-01,EXPECTED
13PR47D2,705779,2.568791,720703,2.404288,6.618155e-02,0.189660,8.673574e-01,EXPECTED
13PR24,735682,2.571360,735733,2.406682,6.618591e-02,0.187255,8.794318e-01,EXPECTED
13PR49D2,744064,2.585495,750749,2.408977,7.071480e-02,0.184568,9.563846e-01,EXPECTED
13PR25,753191,2.584123,765763,2.411190,6.926578e-02,0.182627,9.469191e-01,EXPECTED
17PR3D2,770558,2.574503,780733,2.413315,6.465518e-02,0.180587,8.925781e-01,EXPECTED
13PR26,787162,2.565147,795793,2.415367,6.016454e-02,0.178309,8.400025e-01,EXPECTED
13PR53D2,804697,2.573826,810809,2.417340,6.272575e-02,0.176387,8.871742e-01,EXPECTED
13PR27,819031,2.571898,825821,2.419247,6.118781e-02,0.174599,8.742948e-01,EXPECTED
13PR55D2,831373,2.570105,840839,2.421081,5.973262e-02,0.172665,8.630817e-01,EXPECTED
13PR28,848896,2.570547,855851,2.422855,5.917212e-02,0.170706,8.651834e-01,EXPECTED
13PR57D2,860422,2.583467,870853,2.424567,6.347934e-02,0.168494,9.430603e-01,EXPECTED
13PR29,883411,2.570207,885883,2.426222,5.765113e-02,0.167218,8.610616e-01,EXPECTED
13PR59D2,890944,2.579273,900869,2.427823,6.051261e-02,0.165757,9.136869e-01,EXPECTED
13PR30,909037,2.571581,915911,2.429372,5.688810e-02,0.163984,8.672127e-01,EXPECTED
13PR61D2,915961,2.574343,930911,2.430868,5.734596e-02,0.162194,8.845888e-01,EXPECTED
13PR31,944161,2.590091,945943,2.432317,6.284871e-02,0.161022,9.798288e-01,EXPECTED
13PR63D2,949939,2.584669,960941,2.433721,6.017609e-02,0.159317,9.474695e-01,EXPECTED
13PR32,971716,2.583764,975967,2.435081,5.926723e-02,0.158141,9.401926e-01,EXPECTED
13PR65D2,980962,2.583811,990989,2.436399,5.874431e-02,0.156758,9.403794e-01,EXPECTED
13PR33,1004449,2.576189,1006003,2.437678,5.526523e-02,0.155145,8.927842e-01,EXPECTED
13PR67D2,1012663,2.592598,1021019,2.438916,6.110678e-02,0.154063,9.975270e-01,EXPECTED
