n,C(n),Cminus(n),C(n)-Cminus(n),CminusAsym(n),C(n)-CminusAsym(n),preMertens,preMertensAsymp,alpha(n)
4,3.843624,1.921812,1.921812,1.763777,2.079847,,,0.406929669183
5,2.590290,2.590290,0.000000,1.755811,0.834480,5,,0.500000000000
6,3.210402,3.210402,0.000000,1.792515,1.417887,6,,0.500000000000
7,0.000000,1.893283,-1.893283,1.819108,-1.819108,7,7,0.500000000000
8,2.162039,2.162039,0.000000,1.839477,0.322562,8,7,0.500000000000
9,4.827796,1.206949,3.620847,1.855708,2.972088,8,7,0.500000000000
10,2.120759,1.325475,0.795285,1.869031,0.251728,8,7,0.500000000000
11,0.000000,1.437475,-1.437475,1.880221,-1.880221,11,11,0.500000000000
12,4.116507,1.543690,2.572817,1.889792,2.226715,11,11,0.500000000000
13,2.192988,1.644741,0.548247,1.898101,0.294887,11,11,0.500000000000
14,1.989892,1.741156,0.248737,1.905405,0.084488,11,11,0.500000000000
19,0.000000,1.625573,-1.625573,1.932092,-1.932092,23,29,0.500000000000
43,0.000000,1.657808,-1.657808,1.984246,-1.984246,43,43,0.500000000000
59,1.146642,1.623663,-0.477021,1.999340,-0.852698,59,59,0.500000000000
64,1.081019,1.689093,-0.608073,2.002883,-0.921864,64,64,0.500000000000
79,0.979081,1.864460,-0.885380,2.011494,-1.032413,79,89,0.500000000000
97,0.871999,1.839373,-0.967374,2.019187,-1.147188,97,97,0.500000000000
107,1.647949,1.919121,-0.271171,2.022645,-0.374696,113,113,0.500000000000
113,1.596300,1.800514,-0.204214,2.024511,-0.428211,113,113,0.500000000000
128,2.207081,1.707039,0.500042,2.028627,0.178454,113,113,0.500000000000
146,1.360895,1.800877,-0.439982,2.032766,-0.671871,146,149,0.500000000000
157,1.311058,1.853757,-0.542700,2.034966,-0.723908,157,163,0.500000000000
167,1.893532,1.899311,-0.005779,2.036790,-0.143258,167,178,0.500000000000
178,1.810172,1.784705,0.025467,2.038632,-0.228461,167,178,0.500000000000
181,1.801625,1.796237,0.005388,2.039108,-0.237483,167,181,0.500000000000
199,1.132084,1.745955,-0.613871,2.041754,-0.909670,208,208,0.500000000000
223,1.053604,1.821879,-0.768275,2.044818,-0.991214,223,223,0.500000000000
236,1.517972,1.860261,-0.342288,2.046298,-0.528326,236,239,0.500000000000
241,1.504150,1.770422,-0.266272,2.046838,-0.542689,241,251,0.500000000000
262,2.366905,1.824769,0.542137,2.048955,0.317951,241,251,0.500000000000
283,1.808288,1.875652,-0.067364,2.050856,-0.242568,283,283,0.500000000000
292,2.207228,1.777981,0.429248,2.051614,0.155614,283,283,0.500000000000
313,1.693274,1.821750,-0.128476,2.053268,-0.359994,313,313,0.500000000000
316,2.096745,1.827804,0.268941,2.053493,0.043252,313,313,0.500000000000
337,1.613017,1.868897,-0.255879,2.054988,-0.441970,337,337,0.500000000000
349,1.970222,1.891435,0.078787,2.055788,-0.085565,337,349,0.500000000000
362,1.917761,1.726525,0.191235,2.056615,-0.138854,337,362,0.500000000000
379,1.492247,1.753527,-0.261280,2.057639,-0.565392,379,383,0.500000000000
391,1.826947,1.771987,0.054960,2.058326,-0.231379,379,391,0.500000000000
412,2.111809,1.803186,0.308623,2.059464,0.052345,379,391,0.500000000000
433,1.364958,1.833086,-0.468129,2.060529,-0.695571,433,433,0.500000000000
439,2.366648,1.841406,0.525241,2.060820,0.305827,433,433,0.500000000000
463,1.956971,1.873765,0.083206,2.061938,-0.104967,433,463,0.500000000000
466,1.944258,1.877710,0.066548,2.062072,-0.117814,433,466,0.500000000000
481,1.907067,1.897125,0.009942,2.062727,-0.155660,433,481,0.500000000000
496,1.863948,1.916038,-0.052090,2.063356,-0.199408,496,496,0.500000000000
524,2.394277,1.950094,0.444182,2.064466,0.329810,496,496,0.500000000000
526,2.089567,1.952468,0.137099,2.064543,0.025024,496,496,0.500000000000
548,2.031998,1.888176,0.143823,2.065358,-0.033360,496,548,0.500000000000
556,2.011977,1.896864,0.115112,2.065644,-0.053668,496,569,0.500000000000
569,1.983900,1.842520,0.141379,2.066098,-0.082199,496,569,0.500000000000
577,2.245675,1.850639,0.395036,2.066371,0.179305,496,569,0.500000000000
599,2.188595,1.872487,0.316108,2.067096,0.121499,496,569,0.500000000000
601,1.910627,1.874440,0.036188,2.067160,-0.156533,496,601,0.500000000000
617,1.876316,1.889865,-0.013550,2.067664,-0.191348,617,617,0.500000000000
631,2.111378,1.903088,0.208290,2.068091,0.043287,617,617,0.500000000000
649,2.329513,1.855738,0.473775,2.068623,0.260890,617,617,0.500000000000
661,1.788981,1.866254,-0.077273,2.068967,-0.279986,661,661,0.500000000000
677,2.010889,1.880026,0.130863,2.069413,-0.058524,661,677,0.500000000000
697,2.216917,1.896860,0.320057,2.069952,0.146965,661,677,0.500000000000
706,1.706515,1.904302,-0.197787,2.070188,-0.363674,706,706,0.500000000000
734,2.135493,1.926951,0.208542,2.070899,0.064594,706,706,0.500000000000
743,2.355865,1.934075,0.421790,2.071120,0.284745,706,706,0.500000000000
751,2.338294,1.940347,0.397947,2.071314,0.266980,706,706,0.500000000000
766,2.072834,1.951955,0.120879,2.071670,0.001164,706,706,0.500000000000
788,1.806384,1.968636,-0.162252,2.072176,-0.265792,788,788,0.500000000000
802,1.784236,1.979046,-0.194809,2.072489,-0.288252,802,802,0.500000000000
821,1.976976,1.992929,-0.015953,2.072902,-0.095926,821,821,0.500000000000
839,2.379710,2.005831,0.373879,2.073283,0.306427,821,821,0.500000000000
841,2.159749,1.935563,0.224186,2.073324,0.086425,821,821,0.500000000000
859,1.914982,1.947755,-0.032773,2.073693,-0.158711,859,859,0.500000000000
883,2.295458,1.963677,0.331781,2.074170,0.221288,859,859,0.500000000000
886,2.287381,1.965641,0.321739,2.074229,0.213152,859,859,0.500000000000
904,2.050129,1.977309,0.072821,2.074575,-0.024445,859,904,0.500000000000
919,1.825774,1.931690,-0.105916,2.074856,-0.249082,919,919,0.500000000000
943,1.991920,1.946315,0.045605,2.075294,-0.083374,919,943,0.500000000000
958,2.164457,1.955294,0.209163,2.075561,0.088896,919,943,0.500000000000
967,1.761041,1.895270,-0.134229,2.075718,-0.314677,967,967,0.500000000000
982,1.933461,1.903768,0.029693,2.075977,-0.142515,967,982,0.500000000000
997,2.106150,1.912155,0.193995,2.076230,0.029920,967,982,0.500000000000
1009,1.898450,1.918787,-0.020337,2.076429,-0.177979,1009,1009,0.500000000000
1024,2.252124,1.926983,0.325140,2.076674,0.175450,1009,1009,0.500000000000
1048,2.030676,1.939886,0.090790,2.077056,-0.046381,1009,1048,0.500000000000
1063,2.195023,1.947822,0.247200,2.077290,0.117733,1009,1048,0.500000000000
1072,2.361462,1.952538,0.408924,2.077428,0.284035,1009,1048,0.500000000000
1094,2.506504,1.963924,0.542580,2.077759,0.428745,1009,1048,0.500000000000
1109,1.952088,1.971576,-0.019488,2.077980,-0.125892,1109,1109,0.500000000000
1123,2.110511,1.929172,0.181339,2.078183,0.032328,1109,1109,0.500000000000
1126,2.104611,1.930637,0.173974,2.078226,0.026385,1109,1109,0.500000000000
1147,2.252003,1.940805,0.311198,2.078523,0.173480,1109,1109,0.500000000000
1223,2.150586,1.976316,0.174270,2.079545,0.071041,1109,1109,0.500000000000
1244,2.122683,1.938512,0.184171,2.079813,0.042871,1109,1109,0.500000000000
1319,1.723241,1.970493,-0.247252,2.080726,-0.357485,1319,1327,0.500000000000
1402,1.647631,1.948440,-0.300809,2.081662,-0.434031,1402,1402,0.500000000000
1489,1.865276,1.937890,-0.072614,2.082572,-0.217296,1571,1571,0.500000000000
1676,2.104753,2.001160,0.103594,2.084318,0.020435,1571,1571,0.500000000000
1774,2.019039,1.981114,0.037925,2.085138,-0.066099,1571,1774,0.500000000000
1844,2.207861,2.001664,0.206197,2.085690,0.122171,1571,1774,0.500000000000
1849,2.204669,1.955413,0.249256,2.085729,0.118940,1571,1774,0.500000000000
1966,1.989272,1.949222,0.040050,2.086592,-0.097320,1571,1966,0.500000000000
2029,1.715762,1.965470,-0.249707,2.087031,-0.371268,2038,2092,0.500000000000
2104,2.003507,1.984250,0.019256,2.087531,-0.084025,2038,2164,0.500000000000
2287,1.989104,1.983661,0.005444,2.088665,-0.099560,2038,2287,0.500000000000
2311,2.181519,1.989019,0.192500,2.088805,0.092714,2038,2287,0.500000000000
2347,2.156625,1.962535,0.194090,2.089012,0.067613,2038,2287,0.500000000000
2447,2.190317,1.983694,0.206623,2.089567,0.100750,2038,2287,0.500000000000
2623,2.363446,1.985515,0.377931,2.090478,0.272968,2038,2287,0.500000000000
2633,2.168203,1.987435,0.180769,2.090527,0.077676,2038,2287,0.500000000000
2809,2.065835,1.981374,0.084461,2.091362,-0.025527,2038,2809,0.500000000000
2909,2.274897,1.998870,0.276028,2.091807,0.183090,2038,2809,0.500000000000
2974,2.064698,2.009962,0.054736,2.092087,-0.027389,2038,2974,0.500000000000
3076,1.845344,1.996236,-0.150893,2.092511,-0.247167,3076,3076,0.500000000000
3221,2.107297,2.019200,0.088097,2.093085,0.014212,3076,3076,0.500000000000
3334,2.210551,2.036476,0.174076,2.093510,0.117041,3076,3076,0.500000000000
3386,2.340982,2.015050,0.325932,2.093700,0.247282,3076,3076,0.500000000000
3529,2.042718,2.000517,0.042201,2.094204,-0.051485,3076,3559,0.500000000000
3559,2.029695,1.976823,0.052872,2.094306,-0.064611,3076,3559,0.500000000000
3571,2.249487,1.978451,0.271036,2.094347,0.155140,3076,3559,0.500000000000
3769,1.943543,1.971228,-0.027685,2.094995,-0.151452,3769,3769,0.500000000000
3799,2.075010,1.975026,0.099984,2.095090,-0.020080,3769,3799,0.500000000000
3964,2.216472,1.995453,0.221019,2.095594,0.120878,3769,3799,0.500000000000
4051,2.044491,2.005925,0.038567,2.095850,-0.051358,3769,4051,0.500000000000
4153,2.340594,2.017953,0.322641,2.096141,0.244453,3769,4051,0.500000000000
4282,2.220909,2.006736,0.214173,2.096497,0.124413,3769,4051,0.500000000000
4393,2.306710,2.019038,0.287672,2.096792,0.209917,3769,4051,0.500000000000
4486,2.143577,2.029136,0.114441,2.097033,0.046544,3769,4051,0.500000000000
4603,2.102361,1.986128,0.116233,2.097328,0.005033,3769,4051,0.500000000000
4651,2.085780,1.991017,0.094764,2.097446,-0.011666,3769,4651,0.500000000000
4801,1.856187,2.006012,-0.149825,2.097806,-0.241619,4801,4801,0.500000000000
4909,2.178086,2.016555,0.161531,2.098057,0.080029,4801,4801,0.500000000000
4987,2.151973,2.024043,0.127930,2.098234,0.053740,4801,4801,0.500000000000
5086,2.176695,2.004351,0.172345,2.098453,0.078242,4801,4801,0.500000000000
5242,2.126897,2.018567,0.108330,2.098789,0.028108,4801,4801,0.500000000000
5308,2.217466,2.001464,0.216002,2.098927,0.118538,4801,4801,0.500000000000
5416,1.965120,1.982947,-0.017826,2.099149,-0.134029,5416,5416,0.500000000000
5557,2.301782,1.994820,0.306962,2.099431,0.202351,5416,5416,0.500000000000
5596,2.182571,1.998057,0.184513,2.099508,0.083063,5416,5416,0.500000000000
5728,2.248387,2.008868,0.239519,2.099762,0.148625,5416,5416,0.500000000000
5857,2.159168,2.019222,0.139946,2.100003,0.059165,5416,5416,0.500000000000
5906,2.349289,2.023102,0.326187,2.100093,0.249196,5416,5416,0.500000000000
6038,2.309643,2.033415,0.276229,2.100331,0.209312,5416,5416,0.500000000000
6131,2.233345,2.040561,0.192784,2.100495,0.132851,5416,5416,0.500000000000
6218,2.356115,2.047160,0.308955,2.100645,0.255470,5416,5416,0.500000000000
6353,2.124621,2.009710,0.114910,2.100874,0.023747,5416,5416,0.500000000000
6421,2.298798,2.014600,0.284198,2.100987,0.197811,5416,5416,0.500000000000
6568,2.399779,2.025016,0.374763,2.101226,0.298553,5416,5416,0.500000000000
6719,2.265862,2.035503,0.230360,2.101465,0.164397,5416,5416,0.500000000000
6791,2.430712,2.040430,0.390282,2.101576,0.329135,5416,5416,0.500000000000
6863,2.365471,2.024857,0.340614,2.101687,0.263784,5416,5416,0.500000000000
7024,2.323062,2.010678,0.312384,2.101928,0.221134,5416,5416,0.500000000000
7069,2.400851,2.013579,0.387272,2.101994,0.298856,5416,5416,0.500000000000
7108,2.390305,1.996314,0.393991,2.102052,0.288253,5416,5416,0.500000000000
7219,2.055910,2.003296,0.052615,2.102212,-0.046301,5416,7219,0.500000000000
7246,2.136908,2.004979,0.131929,2.102250,0.034658,5416,7219,0.500000000000
7351,2.199762,2.011475,0.188287,2.102399,0.097364,5416,7219,0.500000000000
7522,2.372402,2.021880,0.350522,2.102635,0.269768,5416,7219,0.500000000000
7561,2.321013,2.024224,0.296789,2.102687,0.218326,5416,7219,0.500000000000
7727,2.199214,2.014891,0.184323,2.102909,0.096305,5416,7219,0.500000000000
7846,2.336977,2.021776,0.315201,2.103064,0.233913,5416,7219,0.500000000000
7951,2.232082,1.986170,0.245912,2.103199,0.128883,5416,7219,0.500000000000
8062,2.328303,1.992307,0.335997,2.103339,0.224964,5416,7219,0.500000000000
8116,2.236375,1.995265,0.241110,2.103406,0.132969,5416,7219,0.500000000000
8224,2.292547,2.001129,0.291417,2.103539,0.189008,5416,7219,0.500000000000
8311,2.234912,2.005804,0.229108,2.103645,0.131268,5416,7219,0.500000000000
8429,2.249292,2.012075,0.237217,2.103786,0.145506,5416,7219,0.500000000000
8599,2.329117,2.002930,0.326187,2.103985,0.225132,5416,7219,0.500000000000
8614,2.287560,2.003701,0.283859,2.104002,0.183557,5416,7219,0.500000000000
8777,2.179478,2.012000,0.167478,2.104188,0.075290,5416,7219,0.500000000000
8839,2.279660,2.015121,0.264539,2.104258,0.175402,5416,7219,0.500000000000
9014,2.281605,2.023825,0.257779,2.104452,0.177153,5416,7219,0.500000000000
9091,2.412999,2.027608,0.385392,2.104535,0.308464,5416,7219,0.500000000000
9173,2.323530,2.031605,0.291926,2.104624,0.218907,5416,7219,0.500000000000
9283,2.301998,2.036917,0.265081,2.104740,0.197257,5416,7219,0.500000000000
9349,2.396602,2.040077,0.356525,2.104810,0.291792,5416,7219,0.500000000000
9511,2.294051,2.026420,0.267631,2.104977,0.189074,5416,7219,0.500000000000
9649,2.163663,2.032799,0.130864,2.105117,0.058545,5416,7219,0.500000000000
9748,2.284701,2.037325,0.247377,2.105216,0.179485,5416,7219,0.500000000000
9817,2.375649,2.040455,0.335195,2.105285,0.270365,5416,7219,0.500000000000
9941,2.284239,2.046031,0.238208,2.105406,0.178833,5416,7219,0.500000000000
10078,2.360845,2.052121,0.308724,2.105538,0.255307,5416,7219,0.500000000000
10174,2.343381,2.056344,0.287037,2.105629,0.237752,5416,7219,0.500000000000
10273,2.292671,2.040056,0.252615,2.105722,0.186949,5416,7219,0.500000000000
10369,2.243034,2.044166,0.198867,2.105811,0.137223,5416,7219,0.500000000000
10462,2.194423,2.048116,0.146307,2.105896,0.088526,5416,7219,0.500000000000
10501,2.449522,2.049763,0.399758,2.105932,0.343590,5416,7219,0.500000000000
10687,2.319381,2.037372,0.282009,2.106099,0.213282,5416,7219,0.500000000000
10786,2.430362,2.025223,0.405139,2.106187,0.324175,5416,7219,0.500000000000
10883,2.318296,2.029130,0.289166,2.106272,0.212025,5416,7219,0.500000000000
11023,2.452351,2.034714,0.417636,2.106393,0.345958,5416,7219,0.500000000000
11054,2.258518,2.035942,0.222575,2.106419,0.152099,5416,7219,0.500000000000
11197,2.391314,2.041568,0.349746,2.106540,0.284774,5416,7219,0.500000000000
11272,2.131467,2.044492,0.086974,2.106603,0.024864,5416,7219,0.500000000000
11353,2.334737,2.047632,0.287106,2.106670,0.228067,5416,7219,0.500000000000
11461,2.347919,2.016796,0.331124,2.106759,0.241160,5416,7219,0.500000000000
11593,2.296655,2.021741,0.274915,2.106866,0.189789,5416,7219,0.500000000000
11749,2.392249,2.027520,0.364729,2.106991,0.285258,5416,7219,0.500000000000
11839,2.348206,2.030824,0.317382,2.107062,0.241143,5416,7219,0.500000000000
11932,2.392674,2.015378,0.377295,2.107135,0.285539,5416,7219,0.500000000000
11971,2.386736,2.016780,0.369957,2.107165,0.279571,5416,7219,0.500000000000
12101,2.395745,2.021422,0.374323,2.107266,0.288479,5416,7219,0.500000000000
12281,2.223656,2.027777,0.195879,2.107402,0.116254,5416,7219,0.500000000000
12326,2.217079,2.029352,0.187727,2.107436,0.109643,5416,7219,0.500000000000
12422,2.346659,2.032696,0.313963,2.107508,0.239152,5416,7219,0.500000000000
12574,2.295932,2.022960,0.272973,2.107620,0.188313,5416,7219,0.500000000000
12671,2.225896,2.026255,0.199641,2.107690,0.118206,5416,7219,0.500000000000
12757,2.354186,2.029158,0.325029,2.107752,0.246434,5416,7219,0.500000000000
12878,2.336543,2.015058,0.321485,2.107839,0.228705,5416,7219,0.500000000000
12982,2.377047,2.003859,0.373188,2.107912,0.269135,5416,7219,0.500000000000
13049,2.340065,2.006037,0.334027,2.107959,0.232105,5416,7219,0.500000000000
13142,2.381559,2.009045,0.372514,2.108024,0.273535,5416,7219,0.500000000000
13241,2.313245,2.012226,0.301019,2.108092,0.205152,5416,7219,0.500000000000
13339,2.408045,2.015354,0.392690,2.108159,0.299885,5416,7219,0.500000000000
13451,2.365320,2.018904,0.346416,2.108235,0.257085,5416,7219,0.500000000000
13646,2.418129,2.025022,0.393108,2.108366,0.309764,5416,7219,0.500000000000
13729,2.380300,2.027602,0.352699,2.108421,0.271880,5416,7219,0.500000000000
13807,2.343338,2.030014,0.313324,2.108472,0.234867,5416,7219,0.500000000000
13943,2.508139,2.034191,0.473949,2.108560,0.399579,5416,7219,0.500000000000
14051,2.389016,2.037482,0.351534,2.108629,0.280387,5416,7219,0.500000000000
14096,2.408715,2.038846,0.369869,2.108658,0.300057,5416,7219,0.500000000000
14243,2.286441,2.043277,0.243165,2.108751,0.177690,5416,7219,0.500000000000
14332,2.428418,2.045939,0.382478,2.108807,0.319610,5416,7219,0.500000000000
14411,2.316236,2.048290,0.267945,2.108856,0.207379,5416,7219,0.500000000000
14528,2.225437,2.051751,0.173686,2.108929,0.116508,5416,7219,0.500000000000
14699,2.430591,2.056764,0.373827,2.109033,0.321558,5416,7219,0.500000000000
14779,2.470069,2.059092,0.410977,2.109081,0.360988,5416,7219,0.500000000000
14831,2.313924,2.046676,0.267248,2.109113,0.204811,5416,7219,0.500000000000
14951,2.398094,2.050112,0.347983,2.109184,0.288910,5416,7219,0.500000000000
15784,2.297078,2.059482,0.237597,2.109663,0.187415,5416,7219,0.500000000000
17218,2.342733,2.050829,0.291905,2.110421,0.232313,5416,7219,0.500000000000
18322,2.313856,2.064225,0.249631,2.110954,0.202902,5416,7219,0.500000000000
18637,2.262025,2.058923,0.203102,2.111099,0.150926,5416,7219,0.500000000000
20509,2.288028,2.056639,0.231389,2.111906,0.176123,5416,7219,0.500000000000
20816,2.279925,2.062799,0.217125,2.112029,0.167895,5416,7219,0.500000000000
22354,2.333078,2.055185,0.277893,2.112618,0.220459,5416,7219,0.500000000000
23201,2.282149,2.056674,0.225475,2.112923,0.169226,5416,7219,0.500000000000
24256,2.336632,2.074912,0.261721,2.113284,0.223349,5416,7219,0.500000000000
25496,2.309603,2.060277,0.249326,2.113685,0.195919,5416,7219,0.500000000000
27182,2.331847,2.052488,0.279359,2.114194,0.217653,5416,7219,0.500000000000
27904,2.328254,2.050613,0.277641,2.114401,0.213853,5416,7219,0.500000000000
28772,2.330170,2.062904,0.267265,2.114641,0.215528,5416,7219,0.500000000000
29738,2.340355,2.066309,0.274046,2.114899,0.225456,5416,7219,0.500000000000
30332,2.331433,2.062192,0.269241,2.115052,0.216381,5416,7219,0.500000000000
31294,2.341935,2.074689,0.267246,2.115294,0.226642,5416,7219,0.500000000000
32972,2.389670,2.072329,0.317340,2.115694,0.273976,5416,7219,0.500000000000
34274,2.354215,2.078383,0.275832,2.115988,0.238227,5416,7219,0.500000000000
35792,2.297694,2.077246,0.220448,2.116315,0.181379,5416,7219,0.500000000000
36436,2.373766,2.075334,0.298432,2.116449,0.257317,5416,7219,0.500000000000
37201,2.393769,2.072587,0.321182,2.116604,0.277165,5416,7219,0.500000000000
38188,2.401751,2.063359,0.338392,2.116799,0.284952,5416,7219,0.500000000000
39992,2.425829,2.051790,0.374039,2.117141,0.308688,5416,7219,0.500000000000
40597,2.307754,2.057609,0.250145,2.117251,0.190503,5416,7219,0.500000000000
41851,2.392174,2.069423,0.322751,2.117474,0.274700,5416,7219,0.500000000000
43531,2.348344,2.076420,0.271925,2.117760,0.230584,5416,7219,0.500000000000
44533,2.418503,2.067240,0.351263,2.117925,0.300578,5416,7219,0.500000000000
44923,2.421852,2.070610,0.351242,2.117988,0.303864,5416,7219,0.500000000000
45259,2.407217,2.073491,0.333726,2.118042,0.289176,5416,7219,0.500000000000
46369,2.380141,2.074925,0.305217,2.118216,0.261926,5416,7219,0.500000000000
47834,2.378831,2.086956,0.291875,2.118438,0.260393,5416,7219,0.500000000000
48931,2.430664,2.087929,0.342736,2.118599,0.312065,5416,7219,0.500000000000
50461,2.416903,2.082651,0.334252,2.118817,0.298086,5416,7219,0.500000000000
51826,2.346624,2.076120,0.270503,2.119005,0.227618,5416,7219,0.500000000000
52876,2.469593,2.067251,0.402342,2.119146,0.350446,5416,7219,0.500000000000
53624,2.388364,2.065245,0.323120,2.119244,0.269120,5416,7219,0.500000000000
54421,2.447211,2.061918,0.385293,2.119347,0.327864,5416,7219,0.500000000000
56176,2.444148,2.073939,0.370209,2.119568,0.324580,5416,7219,0.500000000000
57172,2.426083,2.071868,0.354215,2.119689,0.306393,5416,7219,0.500000000000
58789,2.355012,2.066653,0.288359,2.119882,0.235131,5416,7219,0.500000000000
59074,2.411060,2.068474,0.342586,2.119915,0.291145,5416,7219,0.500000000000
61058,2.418361,2.080931,0.337429,2.120141,0.298220,5416,7219,0.500000000000
61444,2.421746,2.083312,0.338434,2.120184,0.301562,5416,7219,0.500000000000
63421,2.436905,2.080096,0.356810,2.120399,0.316506,5416,7219,0.500000000000
64198,2.443219,2.084679,0.358539,2.120482,0.322737,5416,7219,0.500000000000
65029,2.470528,2.082786,0.387742,2.120569,0.349959,5416,7219,0.500000000000
65336,2.468498,2.077875,0.390623,2.120601,0.347897,5416,7219,0.500000000000
66602,2.429966,2.076930,0.353036,2.120730,0.309236,5416,7219,0.500000000000
67904,2.413565,2.077582,0.335984,2.120860,0.292705,5416,7219,0.500000000000
69239,2.447118,2.076902,0.370216,2.120990,0.326128,5416,7219,0.500000000000
69911,2.449157,2.080503,0.368654,2.121055,0.328102,5416,7219,0.500000000000
70544,2.431070,2.083867,0.347203,2.121115,0.309955,5416,7219,0.500000000000
71633,2.358847,2.089590,0.269257,2.121217,0.237630,5416,7219,0.500000000000
73016,2.438849,2.088921,0.349928,2.121343,0.317505,5416,7219,0.500000000000
74716,2.474061,2.083415,0.390646,2.121495,0.352565,5416,7219,0.500000000000
75968,2.467098,2.083371,0.383727,2.121605,0.345494,5416,7219,0.500000000000
77144,2.383605,2.081502,0.302103,2.121706,0.261899,5416,7219,0.500000000000
78427,2.494035,2.087608,0.406427,2.121814,0.372222,5416,7219,0.500000000000
79312,2.406904,2.084297,0.322607,2.121887,0.285017,5416,7219,0.500000000000
79784,2.452666,2.086490,0.366177,2.121926,0.330741,5416,7219,0.500000000000
81749,2.460417,2.076046,0.384371,2.122084,0.338333,5416,7219,0.500000000000
82252,2.460452,2.078298,0.382154,2.122124,0.338328,5416,7219,0.500000000000
84046,2.459958,2.080304,0.379654,2.122263,0.337694,5416,7219,0.500000000000
84562,2.471941,2.082550,0.389391,2.122303,0.349638,5416,7219,0.500000000000
86248,2.426071,2.076830,0.349241,2.122430,0.303641,5416,7219,0.500000000000
87316,2.472748,2.081330,0.391418,2.122509,0.350238,5416,7219,0.500000000000
88498,2.433762,2.086253,0.347510,2.122596,0.311167,5416,7219,0.500000000000
89459,2.383150,2.090211,0.292939,2.122665,0.260485,5416,7219,0.500000000000
90526,2.492321,2.088838,0.403484,2.122740,0.369581,5416,7219,0.500000000000
92357,2.434532,2.096174,0.338358,2.122868,0.311664,5416,7219,0.500000000000
92656,2.473194,2.097359,0.375835,2.122888,0.350305,5416,7219,0.500000000000
94228,2.450231,2.097879,0.352352,2.122995,0.327236,5416,7219,0.500000000000
95467,2.446013,2.095796,0.350217,2.123078,0.322935,5416,7219,0.500000000000
96361,2.470995,2.093651,0.377344,2.123137,0.347858,5416,7219,0.500000000000
97684,2.508166,2.091860,0.416306,2.123223,0.384943,5416,7219,0.500000000000
98764,2.453349,2.083679,0.369670,2.123292,0.330057,5416,7219,0.500000000000
99581,2.468655,2.086666,0.381989,2.123344,0.345311,5416,7219,0.500000000000
101467,2.483060,2.081471,0.401589,2.123461,0.359599,5416,7219,0.500000000000
102352,2.491281,2.084609,0.406672,2.123516,0.367765,5416,7219,0.500000000000
103214,2.468903,2.087641,0.381262,2.123568,0.345335,5416,7219,0.500000000000
104056,2.467765,2.090580,0.377185,2.123619,0.344146,5416,7219,0.500000000000
105883,2.452749,2.091589,0.361160,2.123727,0.329022,5416,7219,0.500000000000
106298,2.480088,2.093004,0.387084,2.123751,0.356337,5416,7219,0.500000000000
107684,2.498534,2.092447,0.406087,2.123832,0.374702,5416,7219,0.500000000000
108874,2.500625,2.096419,0.404206,2.123900,0.376725,5416,7219,0.500000000000
109717,2.499467,2.092847,0.406621,2.123948,0.375520,5416,7219,0.500000000000
110281,2.415536,2.094696,0.320839,2.123979,0.291557,5416,7219,0.500000000000
111058,2.464714,2.097230,0.367483,2.124022,0.340691,5416,7219,0.500000000000
112681,2.478536,2.097319,0.381217,2.124112,0.354424,5416,7219,0.500000000000
113389,2.460935,2.099578,0.361357,2.124150,0.336784,5416,7219,0.500000000000
115426,2.500222,2.099739,0.400483,2.124260,0.375963,5416,7219,0.500000000000
116371,2.460027,2.102678,0.357349,2.124309,0.335717,5416,7219,0.500000000000
116728,2.402456,2.103782,0.298674,2.124328,0.278127,5416,7219,0.500000000000
118894,2.444233,2.100356,0.343877,2.124440,0.319792,5416,7219,0.500000000000
119458,2.462122,2.102057,0.360064,2.124469,0.337653,5416,7219,0.500000000000
119914,2.463482,2.103428,0.360054,2.124493,0.338990,5416,7219,0.500000000000
121234,2.463828,2.101277,0.362551,2.124559,0.339269,5416,7219,0.500000000000
121612,2.502568,2.102395,0.400173,2.124578,0.377990,5416,7219,0.500000000000
123059,2.504951,2.100591,0.404360,2.124650,0.380302,5416,7219,0.500000000000
124447,2.517146,2.099719,0.417427,2.124718,0.392428,5416,7219,0.500000000000
125479,2.491172,2.091849,0.399323,2.124768,0.366405,5416,7219,0.500000000000
126397,2.546025,2.094448,0.451577,2.124812,0.421213,5416,7219,0.500000000000
126859,2.547037,2.095749,0.451288,2.124834,0.422203,5416,7219,0.500000000000
127189,2.428594,2.096676,0.331918,2.124849,0.303744,5416,7219,0.500000000000
129263,2.490514,2.091791,0.398723,2.124947,0.365567,5416,7219,0.500000000000
130307,2.503745,2.094652,0.409093,2.124995,0.378750,5416,7219,0.500000000000
131641,2.512217,2.093529,0.418688,2.125056,0.387161,5416,7219,0.500000000000
131888,2.478781,2.094195,0.384586,2.125067,0.353714,5416,7219,0.500000000000
133174,2.475614,2.097643,0.377971,2.125126,0.350489,5416,7219,0.500000000000
134087,2.503206,2.100073,0.403133,2.125166,0.378039,5416,7219,0.500000000000
135802,2.501586,2.094162,0.407424,2.125242,0.376344,5416,7219,0.500000000000
136649,2.492808,2.096366,0.396442,2.125279,0.367529,5416,7219,0.500000000000
137587,2.515309,2.098792,0.416517,2.125320,0.389989,5416,7219,0.500000000000
139511,2.466330,2.093465,0.372864,2.125403,0.340927,5416,7219,0.500000000000
140009,2.495139,2.094725,0.400414,2.125424,0.369716,5416,7219,0.500000000000
141676,2.498497,2.098912,0.399585,2.125494,0.373003,5416,7219,0.500000000000
142258,2.505830,2.095797,0.410033,2.125518,0.380312,5416,7219,0.500000000000
143896,2.509536,2.089755,0.419781,2.125586,0.383951,5416,7219,0.500000000000
145144,2.491578,2.092795,0.398783,2.125637,0.365941,5416,7219,0.500000000000
146176,2.504029,2.090794,0.413235,2.125679,0.378351,5416,7219,0.500000000000
147401,2.521313,2.088249,0.433065,2.125728,0.395586,5416,7219,0.500000000000
148696,2.533538,2.091320,0.442219,2.125779,0.407759,5416,7219,0.500000000000
149846,2.509766,2.094026,0.415740,2.125824,0.383941,5416,7219,0.500000000000
150292,2.507348,2.095071,0.412277,2.125842,0.381506,5416,7219,0.500000000000
151909,2.518866,2.093425,0.425441,2.125905,0.392961,5416,7219,0.500000000000
152914,2.505061,2.095739,0.409322,2.125943,0.379118,5416,7219,0.500000000000
154702,2.506776,2.095430,0.411346,2.126011,0.380765,5416,7219,0.500000000000
155816,2.502854,2.097947,0.404906,2.126053,0.376801,5416,7219,0.500000000000
156007,2.496651,2.098377,0.398274,2.126060,0.370591,5416,7219,0.500000000000
157901,2.486203,2.097305,0.388898,2.126131,0.360073,5416,7219,0.500000000000
158419,2.533724,2.094135,0.439589,2.126150,0.407575,5416,7219,0.500000000000
159407,2.542242,2.096311,0.445931,2.126186,0.416056,5416,7219,0.500000000000
160466,2.542565,2.098629,0.443936,2.126224,0.416341,5416,7219,0.500000000000
161659,2.491347,2.091693,0.399654,2.126267,0.365080,5416,7219,0.500000000000
162353,2.507294,2.093187,0.414107,2.126292,0.381002,5416,7219,0.500000000000
163297,2.519915,2.095211,0.424704,2.126326,0.393589,5416,7219,0.500000000000
164954,2.477786,2.098737,0.379049,2.126384,0.351402,5416,7219,0.500000000000
165701,2.520785,2.100316,0.420469,2.126410,0.394375,5416,7219,0.500000000000
166351,2.526473,2.097464,0.429008,2.126433,0.400040,5416,7219,0.500000000000
167809,2.490909,2.095362,0.395546,2.126483,0.364426,5416,7219,0.500000000000
168814,2.509419,2.093264,0.416154,2.126517,0.382902,5416,7219,0.500000000000
169069,2.509706,2.093789,0.415916,2.126526,0.383180,5416,7219,0.500000000000
170539,2.495056,2.096802,0.398255,2.126576,0.368481,5416,7219,0.500000000000
171694,2.497959,2.099152,0.398807,2.126615,0.371345,5416,7219,0.500000000000
172384,2.506484,2.100550,0.405935,2.126638,0.379846,5416,7219,0.500000000000
172849,2.504239,2.097351,0.406887,2.126653,0.377585,5416,7219,0.500000000000
174214,2.457750,2.100088,0.357662,2.126698,0.331052,5416,7219,0.500000000000
174814,2.514062,2.101285,0.412777,2.126718,0.387344,5416,7219,0.500000000000
175309,2.514805,2.102270,0.412536,2.126734,0.388071,5416,7219,0.500000000000
176551,2.496728,2.099693,0.397035,2.126774,0.369954,5416,7219,0.500000000000
177841,2.524335,2.097219,0.427116,2.126816,0.397519,5416,7219,0.500000000000
178898,2.502055,2.099276,0.402779,2.126850,0.375205,5416,7219,0.500000000000
179083,2.529322,2.099635,0.429688,2.126856,0.402467,5416,7219,0.500000000000
180379,2.501151,2.102139,0.399012,2.126897,0.374255,5416,7219,0.500000000000
181919,2.535068,2.101045,0.434023,2.126945,0.408123,5416,7219,0.500000000000
182519,2.515243,2.098160,0.417082,2.126964,0.388279,5416,7219,0.500000000000
184696,2.506373,2.102269,0.404104,2.127031,0.379342,5416,7219,0.500000000000
185578,2.512282,2.103922,0.408361,2.127058,0.385224,5416,7219,0.500000000000
187024,2.533868,2.101715,0.432152,2.127102,0.406766,5416,7219,0.500000000000
187471,2.522543,2.102542,0.420001,2.127116,0.395428,5416,7219,0.500000000000
189094,2.510677,2.100655,0.410022,2.127165,0.383512,5416,7219,0.500000000000
189817,2.521375,2.101975,0.419401,2.127186,0.394189,5416,7219,0.500000000000
191626,2.523077,2.105257,0.417820,2.127240,0.395837,5416,7219,0.500000000000
191768,2.509171,2.105513,0.403657,2.127244,0.381927,5416,7219,0.500000000000
193639,2.501153,2.104061,0.397092,2.127299,0.373854,5416,7219,0.500000000000
194767,2.519507,2.106069,0.413437,2.127331,0.392175,5416,7219,0.500000000000
195751,2.518018,2.103909,0.414109,2.127360,0.390658,5416,7219,0.500000000000
197402,2.512439,2.102044,0.410395,2.127407,0.385032,5416,7219,0.500000000000
198046,2.523633,2.103167,0.420466,2.127425,0.396208,5416,7219,0.500000000000
199021,2.495353,2.104861,0.390492,2.127453,0.367900,5416,7219,0.500000000000
200899,2.517394,2.104242,0.413152,2.127505,0.389889,5416,7219,0.500000000000
201904,2.515768,2.101261,0.414506,2.127533,0.388234,5416,7219,0.500000000000
203128,2.520731,2.103341,0.417390,2.127567,0.393164,5416,7219,0.500000000000
203417,2.508934,2.103831,0.405104,2.127575,0.381359,5416,7219,0.500000000000
204928,2.464243,2.106379,0.357864,2.127616,0.336626,5416,7219,0.500000000000
205924,2.529874,2.108049,0.421824,2.127643,0.402230,5416,7219,0.500000000000
206984,2.513240,2.106024,0.407215,2.127672,0.385568,5416,7219,0.500000000000
208129,2.513207,2.107923,0.405284,2.127703,0.385505,5416,7219,0.500000000000
209362,2.520880,2.105330,0.415550,2.127736,0.393145,5416,7219,0.500000000000
210557,2.506060,2.107286,0.398774,2.127767,0.378293,5416,7219,0.500000000000
211459,2.494267,2.105004,0.389263,2.127791,0.366476,5416,7219,0.500000000000
212644,2.547725,2.102343,0.445382,2.127822,0.419903,5416,7219,0.500000000000
213407,2.548578,2.103571,0.445007,2.127842,0.420736,5416,7219,0.500000000000
213784,2.541986,2.104176,0.437809,2.127852,0.414134,5416,7219,0.500000000000
215797,2.564075,2.102830,0.461245,2.127904,0.436171,5416,7219,0.500000000000
215854,2.563496,2.099218,0.464279,2.127905,0.435591,5416,7219,0.500000000000
216917,2.525146,2.100897,0.424249,2.127932,0.397214,5416,7219,0.500000000000
217697,2.481485,2.098437,0.383047,2.127952,0.353532,5416,7219,0.500000000000
219311,2.546183,2.096452,0.449731,2.127993,0.418190,5416,7219,0.500000000000
220453,2.532386,2.098223,0.434164,2.128022,0.404365,5416,7219,0.500000000000
221332,2.526687,2.099580,0.427107,2.128044,0.398643,5416,7219,0.500000000000
222634,2.538822,2.097933,0.440889,2.128076,0.410746,5416,7219,0.500000000000
223469,2.547178,2.099209,0.447969,2.128097,0.419082,5416,7219,0.500000000000
225002,2.551522,2.101540,0.449982,2.128134,0.423387,5416,7219,0.500000000000
225892,2.548480,2.102887,0.445593,2.128156,0.420324,5416,7219,0.500000000000
227251,2.549104,2.104933,0.444171,2.128189,0.420915,5416,7219,0.500000000000
228097,2.525164,2.106202,0.418962,2.128209,0.396955,5416,7219,0.500000000000
229234,2.519971,2.107900,0.412071,2.128237,0.391734,5416,7219,0.500000000000
230848,2.518411,2.102289,0.416122,2.128275,0.390136,5416,7219,0.500000000000
231643,2.524351,2.103459,0.420892,2.128294,0.396057,5416,7219,0.500000000000
232189,2.532524,2.104261,0.428263,2.128307,0.404217,5416,7219,0.500000000000
233978,2.534564,2.106876,0.427687,2.128349,0.406215,5416,7219,0.500000000000
235028,2.506846,2.104841,0.402005,2.128373,0.378473,5416,7219,0.500000000000
236092,2.538865,2.106379,0.432486,2.128398,0.410467,5416,7219,0.500000000000
237883,2.566648,2.104614,0.462034,2.128439,0.438209,5416,7219,0.500000000000
238892,2.539570,2.106053,0.433517,2.128462,0.411108,5416,7219,0.500000000000
239857,2.497741,2.103900,0.393841,2.128484,0.369257,5416,7219,0.500000000000
241393,2.514952,2.098268,0.416684,2.128519,0.386434,5416,7219,0.500000000000
242119,2.534017,2.099285,0.434732,2.128535,0.405482,5416,7219,0.500000000000
243043,2.536059,2.100575,0.435484,2.128556,0.407503,5416,7219,0.500000000000
243736,2.522425,2.101540,0.420884,2.128571,0.393853,5416,7219,0.500000000000
245587,2.544113,2.104105,0.440008,2.128612,0.415500,5416,7219,0.500000000000
246518,2.561050,2.101913,0.459137,2.128633,0.432417,5416,7219,0.500000000000
247868,2.534405,2.103763,0.430642,2.128663,0.405743,5416,7219,0.500000000000
248867,2.548208,2.105126,0.443082,2.128684,0.419524,5416,7219,0.500000000000
249512,2.527815,2.101774,0.426041,2.128698,0.399116,5416,7219,0.500000000000
251081,2.534266,2.100457,0.433809,2.128732,0.405534,5416,7219,0.500000000000
252071,2.523456,2.101787,0.421669,2.128754,0.394703,5416,7219,0.500000000000
252346,2.523591,2.102156,0.421435,2.128759,0.394831,5416,7219,0.500000000000
253741,2.514393,2.099828,0.414565,2.128789,0.385604,5416,7219,0.500000000000
255214,2.528919,2.098370,0.430549,2.128820,0.400099,5416,7219,0.500000000000
259801,2.503359,2.096838,0.406521,2.128916,0.374443,5416,7219,0.500000000000
272794,2.510783,2.105873,0.404910,2.129178,0.381605,5416,7219,0.500000000000
285424,2.505523,2.103967,0.401556,2.129419,0.376104,5416,7219,0.500000000000
303904,2.513081,2.107654,0.405428,2.129750,0.383332,5416,7219,0.500000000000
324223,2.512902,2.108677,0.404225,2.130088,0.382815,5416,7219,0.500000000000
340261,2.521429,2.111333,0.410096,2.130338,0.391092,5416,7219,0.500000000000
354971,2.521369,2.112313,0.409056,2.130555,0.390814,5416,7219,0.500000000000
357722,2.523280,2.114866,0.408415,2.130595,0.392685,5416,7219,0.500000000000
366794,2.499164,2.110320,0.388844,2.130723,0.368441,5416,7219,0.500000000000
386068,2.523716,2.104927,0.418789,2.130983,0.392733,5416,7219,0.500000000000
401509,2.524416,2.106155,0.418260,2.131181,0.393234,5416,7219,0.500000000000
414448,2.520611,2.107239,0.413371,2.131340,0.389270,5416,7219,0.500000000000
431146,2.523703,2.110945,0.412758,2.131537,0.392166,5416,7219,0.500000000000
448444,2.521152,2.112093,0.409058,2.131733,0.389419,5416,7219,0.500000000000
463549,2.513127,2.106310,0.406817,2.131896,0.381231,5416,7219,0.500000000000
467009,2.541140,2.105620,0.435520,2.131933,0.409207,5416,7219,0.500000000000
478334,2.541576,2.107775,0.433801,2.132051,0.409525,5416,7219,0.500000000000
488339,2.536748,2.111971,0.424777,2.132152,0.404596,5416,7219,0.500000000000
498436,2.527659,2.108167,0.419492,2.132252,0.395407,5416,7219,0.500000000000
515611,2.539315,2.113660,0.425655,2.132416,0.406898,5416,7219,0.500000000000
535858,2.540830,2.112974,0.427857,2.132603,0.408228,5416,7219,0.500000000000
548461,2.531963,2.112327,0.419635,2.132715,0.399248,5416,7219,0.500000000000
569077,2.543991,2.113816,0.430175,2.132891,0.411100,5416,7219,0.500000000000
571262,2.550486,2.115039,0.435447,2.132910,0.417576,5416,7219,0.500000000000
588338,2.563074,2.114302,0.448772,2.133050,0.430024,5416,7219,0.500000000000
612022,2.551653,2.114641,0.437011,2.133237,0.418416,5416,7219,0.500000000000
621472,2.552996,2.116811,0.436185,2.133310,0.419686,5416,7219,0.500000000000
633967,2.541689,2.118749,0.422940,2.133403,0.408286,5416,7219,0.500000000000
656629,2.539026,2.118116,0.420910,2.133568,0.405458,5416,7219,0.500000000000
674719,2.554681,2.119373,0.435308,2.133695,0.420986,5416,7219,0.500000000000
686398,2.527108,2.115447,0.411661,2.133775,0.393333,5416,7219,0.500000000000
703568,2.559020,2.116508,0.442512,2.133890,0.425130,5416,7219,0.500000000000
713309,2.554701,2.114195,0.440506,2.133953,0.420748,5416,7219,0.500000000000
733528,2.558252,2.118439,0.439814,2.134082,0.424170,5416,7219,0.500000000000
748691,2.568782,2.113412,0.455371,2.134176,0.434606,5416,7219,0.500000000000
758411,2.555201,2.113455,0.441746,2.134235,0.420965,5416,7219,0.500000000000
770558,2.532269,2.114019,0.418250,2.134308,0.397961,5416,7219,0.500000000000
787162,2.561586,2.113475,0.448112,2.134406,0.427181,5416,7219,0.500000000000
804191,2.552045,2.112381,0.439664,2.134503,0.417542,5416,7219,0.500000000000
819212,2.562766,2.116213,0.446553,2.134587,0.428179,5416,7219,0.500000000000
831373,2.564720,2.114217,0.450503,2.134654,0.430066,5416,7219,0.500000000000
850253,2.564273,2.113217,0.451056,2.134755,0.429518,5416,7219,0.500000000000
860422,2.564422,2.116899,0.447523,2.134809,0.429614,5416,7219,0.500000000000
883648,2.566164,2.118758,0.447407,2.134928,0.431236,5416,7219,0.500000000000
891427,2.564719,2.117375,0.447344,2.134968,0.429751,5416,7219,0.500000000000
909037,2.548728,2.117129,0.431599,2.135055,0.413673,5416,7219,0.500000000000
915961,2.547074,2.117660,0.429414,2.135089,0.411985,5416,7219,0.500000000000
944161,2.565326,2.119046,0.446279,2.135224,0.430102,5416,7219,0.500000000000
957844,2.549019,2.119526,0.429493,2.135288,0.413731,5416,7219,0.500000000000
965491,2.573451,2.120205,0.453246,2.135323,0.438128,5416,7219,0.500000000000
968299,2.573348,2.118939,0.454409,2.135336,0.438012,5416,7219,0.500000000000
990586,2.569172,2.120297,0.448875,2.135437,0.433735,5416,7219,0.500000000000
1004449,2.563918,2.120698,0.443221,2.135498,0.428421,5416,7219,0.500000000000
1016921,2.561834,2.121031,0.440803,2.135552,0.426281,5416,7219,0.500000000000
1034134,2.571303,2.120257,0.451046,2.135626,0.435677,5416,7219,0.500000000000
1050706,2.556321,2.119259,0.437062,2.135696,0.420626,5416,7219,0.500000000000
1053142,2.560025,2.119967,0.440058,2.135706,0.424319,5416,7219,0.500000000000
1067611,2.564956,2.118337,0.446619,2.135765,0.429191,5416,7219,0.500000000000
1093418,2.575284,2.120261,0.455023,2.135869,0.439415,5416,7219,0.500000000000
1101119,2.571810,2.118723,0.453087,2.135900,0.435910,5416,7219,0.500000000000
1116337,2.566773,2.117594,0.449179,2.135960,0.430814,5416,7219,0.500000000000
1138519,2.571708,2.114691,0.457016,2.136045,0.435663,5416,7219,0.500000000000
1154584,2.576126,2.115338,0.460788,2.136105,0.440020,5416,7219,0.500000000000
1166306,2.582036,2.115190,0.466846,2.136149,0.445887,5416,7219,0.500000000000
1171721,2.577143,2.116593,0.460550,2.136169,0.440974,5416,7219,0.500000000000
1190542,2.575724,2.115928,0.459796,2.136238,0.439486,5416,7219,0.500000000000
1201553,2.553525,2.116773,0.436751,2.136277,0.417247,5416,7219,0.500000000000
1227416,2.574592,2.119356,0.455235,2.136369,0.438223,5416,7219,0.500000000000
1239109,2.571541,2.118749,0.452791,2.136409,0.435131,5416,7219,0.500000000000
1246537,2.571671,2.119003,0.452668,2.136435,0.435236,5416,7219,0.500000000000
1271308,2.567174,2.119606,0.447569,2.136519,0.430656,5416,7219,0.500000000000
1287808,2.580738,2.120077,0.460661,2.136574,0.444165,5416,7219,0.500000000000
1303117,2.581485,2.123640,0.457844,2.136624,0.444861,5416,7219,0.500000000000
1305097,2.580555,2.122579,0.457976,2.136630,0.443925,5416,7219,0.500000000000
1308529,2.570502,2.123371,0.447132,2.136641,0.433861,5416,7219,0.500000000000
1327552,2.567012,2.124365,0.442647,2.136703,0.430309,5416,7219,0.500000000000
1347289,2.580835,2.126966,0.453869,2.136765,0.444070,5416,7219,0.500000000000
1352977,2.568573,2.124909,0.443664,2.136783,0.431790,5416,7219,0.500000000000
1367291,2.578175,2.125097,0.453078,2.136827,0.441348,5416,7219,0.500000000000
1392068,2.581279,2.125716,0.455563,2.136903,0.444376,5416,7219,0.500000000000
1403569,2.576241,2.124916,0.451325,2.136938,0.439303,5416,7219,0.500000000000
1421554,2.574203,2.122558,0.451645,2.136991,0.437212,5416,7219,0.500000000000
1427329,2.563568,2.121991,0.441577,2.137008,0.426560,5416,7219,0.500000000000
1446013,2.577389,2.122671,0.454718,2.137063,0.440326,5416,7219,0.500000000000
1460213,2.583438,2.125597,0.457841,2.137104,0.446334,5416,7219,0.500000000000
1485139,2.569529,2.121433,0.448096,2.137174,0.432355,5416,7219,0.500000000000
1498438,2.572049,2.119519,0.452530,2.137211,0.434838,5416,7219,0.500000000000
1508933,2.579741,2.121600,0.458141,2.137240,0.442501,5416,7219,0.500000000000
1525204,2.588498,2.119939,0.468559,2.137285,0.451213,5416,7219,0.500000000000
1538384,2.572062,2.120785,0.451277,2.137321,0.434741,5416,7219,0.500000000000
1552613,2.581629,2.122132,0.459498,2.137359,0.444270,5416,7219,0.500000000000
1568978,2.579733,2.122164,0.457569,2.137402,0.442330,5416,7219,0.500000000000
1588283,2.576881,2.122736,0.454145,2.137453,0.439428,5416,7219,0.500000000000
1600058,2.588112,2.123560,0.464552,2.137484,0.450629,5416,7219,0.500000000000
1611293,2.582728,2.124271,0.458457,2.137512,0.445216,5416,7219,0.500000000000
1625321,2.576631,2.125484,0.451147,2.137548,0.439082,5416,7219,0.500000000000
1647964,2.569523,2.121897,0.447626,2.137605,0.431918,5416,7219,0.500000000000
1658869,2.582682,2.123852,0.458830,2.137632,0.445050,5416,7219,0.500000000000
1668971,2.593334,2.121011,0.472323,2.137657,0.455677,5416,7219,0.500000000000
1693639,2.579746,2.120743,0.459003,2.137717,0.442029,5416,7219,0.500000000000
1708321,2.575121,2.118712,0.456409,2.137753,0.437368,5416,7219,0.500000000000
1725814,2.588012,2.119075,0.468937,2.137794,0.450218,5416,7219,0.500000000000
1740821,2.579711,2.117389,0.462322,2.137830,0.441881,5416,7219,0.500000000000
1746859,2.570141,2.116804,0.453336,2.137844,0.432297,5416,7219,0.500000000000
1770016,2.583728,2.115167,0.468560,2.137898,0.445830,5416,7219,0.500000000000
1777753,2.573578,2.116450,0.457129,2.137915,0.435663,5416,7219,0.500000000000
1791778,2.589083,2.117467,0.471616,2.137947,0.451136,5416,7219,0.500000000000
1801531,2.589448,2.119064,0.470384,2.137969,0.451479,5416,7219,0.500000000000
1802266,2.584393,2.119184,0.465209,2.137971,0.446421,5416,7219,0.500000000000
1831436,2.577516,2.122628,0.454888,2.138036,0.439480,5416,7219,0.500000000000
1835741,2.571404,2.123319,0.448085,2.138046,0.433358,5416,7219,0.500000000000
1858867,2.583732,2.121616,0.462116,2.138096,0.445636,5416,7219,0.500000000000
1872751,2.587271,2.122249,0.465022,2.138127,0.449145,5416,7219,0.500000000000
1877164,2.577582,2.122941,0.454641,2.138136,0.439446,5416,7219,0.500000000000
1892416,2.592349,2.123771,0.468577,2.138169,0.454180,5416,7219,0.500000000000
1908661,2.585161,2.124743,0.460418,2.138203,0.446958,5416,7219,0.500000000000
1931242,2.580351,2.124437,0.455914,2.138251,0.442100,5416,7219,0.500000000000
1939141,2.593342,2.125635,0.467707,2.138267,0.455075,5416,7219,0.500000000000
1953379,2.593798,2.126538,0.467260,2.138296,0.455501,5416,7219,0.500000000000
1969936,2.574568,2.127494,0.447074,2.138330,0.436238,5416,7219,0.500000000000
1988632,2.587112,2.126282,0.460830,2.138368,0.448743,5416,7219,0.500000000000
1997902,2.586030,2.127646,0.458384,2.138387,0.447643,5416,7219,0.500000000000
2021137,2.583325,2.128584,0.454740,2.138433,0.444892,5416,7219,0.500000000000
2033041,2.591447,2.128809,0.462638,2.138457,0.452990,5416,7219,0.500000000000
2046526,2.580428,2.126543,0.453885,2.138483,0.441945,5416,7219,0.500000000000
2053553,2.579809,2.124847,0.454962,2.138497,0.441312,5416,7219,0.500000000000
2071096,2.585053,2.124646,0.460406,2.138531,0.446522,5416,7219,0.500000000000
2076304,2.586796,2.125380,0.461416,2.138541,0.448256,5416,7219,0.500000000000
2098952,2.580068,2.127080,0.452988,2.138584,0.441484,5416,7219,0.500000000000
2106019,2.587094,2.125397,0.461698,2.138597,0.448497,5416,7219,0.500000000000
2118514,2.592353,2.125659,0.466694,2.138621,0.453732,5416,7219,0.500000000000
2136091,2.592237,2.123040,0.469197,2.138654,0.453584,5416,7219,0.500000000000
2149759,2.601746,2.124899,0.476847,2.138679,0.463067,5416,7219,0.500000000000
2166772,2.597074,2.124569,0.472505,2.138710,0.458364,5416,7219,0.500000000000
2191216,2.591899,2.126662,0.465236,2.138755,0.453144,5416,7219,0.500000000000
2198473,2.595378,2.126188,0.469190,2.138768,0.456611,5416,7219,0.500000000000
2210389,2.596815,2.126327,0.470489,2.138789,0.458026,5416,7219,0.500000000000
2222702,2.600920,2.123917,0.477004,2.138811,0.462109,5416,7219,0.500000000000
2246323,2.596339,2.124403,0.471936,2.138853,0.457486,5416,7219,0.500000000000
2263843,2.582011,2.125241,0.456769,2.138884,0.443127,5416,7219,0.500000000000
2279476,2.588150,2.126088,0.462062,2.138911,0.449240,5416,7219,0.500000000000
2294377,2.602427,2.126572,0.475855,2.138936,0.463491,5416,7219,0.500000000000
2309311,2.594955,2.127312,0.467643,2.138962,0.455993,5416,7219,0.500000000000
2316212,2.583454,2.128179,0.455275,2.138974,0.444480,5416,7219,0.500000000000
2333168,2.592297,2.127757,0.464540,2.139002,0.453295,5416,7219,0.500000000000
2338396,2.592073,2.127269,0.464805,2.139011,0.453062,5416,7219,0.500000000000
2352563,2.595422,2.125360,0.470063,2.139035,0.456388,5416,7219,0.500000000000
2368486,2.590531,2.126182,0.464349,2.139061,0.451470,5416,7219,0.500000000000
2375998,2.595066,2.127099,0.467967,2.139074,0.455993,5416,7219,0.500000000000
2391856,2.585609,2.126520,0.459089,2.139100,0.446510,5416,7219,0.500000000000
2409742,2.596264,2.126183,0.470081,2.139129,0.457136,5416,7219,0.500000000000
2425117,2.592377,2.125537,0.466840,2.139154,0.453223,5416,7219,0.500000000000
2434183,2.589718,2.125251,0.464468,2.139168,0.450550,5416,7219,0.500000000000
2459998,2.595797,2.125830,0.469967,2.139209,0.456588,5416,7219,0.500000000000
2473948,2.581392,2.126109,0.455283,2.139231,0.442161,5416,7219,0.500000000000
2484971,2.595580,2.127393,0.468186,2.139249,0.456331,5416,7219,0.500000000000
2495473,2.597962,2.125060,0.472901,2.139265,0.458697,5416,7219,0.500000000000
2511253,2.602871,2.125535,0.477336,2.139290,0.463582,5416,7219,0.500000000000
2525273,2.595884,2.127141,0.468743,2.139311,0.456573,5416,7219,0.500000000000
2548498,2.597963,2.127599,0.470364,2.139347,0.458616,5416,7219,0.500000000000
2555363,2.595337,2.127042,0.468295,2.139357,0.455979,5416,7219,0.500000000000
2561659,2.595602,2.127751,0.467850,2.139367,0.456235,5416,7219,0.500000000000
2578036,2.596895,2.128258,0.468636,2.139391,0.457503,5416,7219,0.500000000000
2594246,2.593958,2.127416,0.466542,2.139416,0.454542,5416,7219,0.500000000000
2612419,2.590050,2.125952,0.464098,2.139443,0.450608,5416,7219,0.500000000000
2622619,2.592665,2.125759,0.466906,2.139458,0.453208,5416,7219,0.500000000000
2640928,2.597647,2.125377,0.472270,2.139485,0.458162,5416,7219,0.500000000000
2653489,2.589649,2.124366,0.465283,2.139503,0.450146,5416,7219,0.500000000000
2662903,2.599814,2.124318,0.475495,2.139517,0.460297,5416,7219,0.500000000000
2683354,2.590833,2.123091,0.467742,2.139546,0.451287,5416,7219,0.500000000000
2695961,2.593039,2.124436,0.468603,2.139564,0.453475,5416,7219,0.500000000000
2717602,2.598752,2.124619,0.474133,2.139595,0.459157,5416,7219,0.500000000000
2719121,2.594914,2.124779,0.470135,2.139597,0.455316,5416,7219,0.500000000000
2727523,2.595083,2.125664,0.469419,2.139609,0.455474,5416,7219,0.500000000000
2739127,2.593271,2.126882,0.466389,2.139625,0.453645,5416,7219,0.500000000000
2759311,2.597895,2.125605,0.472290,2.139653,0.458242,5416,7219,0.500000000000
2774917,2.605239,2.124899,0.480340,2.139675,0.465564,5416,7219,0.500000000000
2781718,2.593394,2.124324,0.469070,2.139685,0.453709,5416,7219,0.500000000000
2798351,2.597376,2.124757,0.472619,2.139707,0.457669,5416,7219,0.500000000000
2812492,2.599243,2.125164,0.474079,2.139727,0.459516,5416,7219,0.500000000000
2825503,2.600128,2.126485,0.473643,2.139744,0.460384,5416,7219,0.500000000000
2849842,2.600123,2.127909,0.472213,2.139777,0.460345,5416,7219,0.500000000000
2863901,2.601423,2.128289,0.473134,2.139796,0.461627,5416,7219,0.500000000000
2873672,2.596843,2.128006,0.468837,2.139809,0.457034,5416,7219,0.500000000000
2895122,2.601897,2.125580,0.476316,2.139837,0.462059,5416,7219,0.500000000000
2904764,2.591674,2.125511,0.466163,2.139850,0.451824,5416,7219,0.500000000000
2919424,2.602268,2.125931,0.476337,2.139869,0.462399,5416,7219,0.500000000000
2936938,2.587620,2.126394,0.461227,2.139892,0.447728,5416,7219,0.500000000000
2949664,2.600223,2.126614,0.473609,2.139909,0.460314,5416,7219,0.500000000000
2970467,2.599407,2.126148,0.473258,2.139935,0.459472,5416,7219,0.500000000000
2980234,2.595608,2.125070,0.470537,2.139948,0.455660,5416,7219,0.500000000000
2997242,2.598877,2.126693,0.472184,2.139969,0.458908,5416,7219,0.500000000000
3004042,2.591117,2.126111,0.465005,2.139978,0.451139,5416,7219,0.500000000000
3021439,2.592341,2.127758,0.464584,2.140000,0.452342,5416,7219,0.500000000000
3040787,2.595932,2.126356,0.469576,2.140024,0.455908,5416,7219,0.500000000000
3051956,2.608155,2.126404,0.481751,2.140038,0.468117,5416,7219,0.500000000000
3053924,2.607868,2.125370,0.482498,2.140040,0.467827,5416,7219,0.500000000000
3066709,2.591466,2.124573,0.466893,2.140056,0.451410,5416,7219,0.500000000000
3092806,2.597068,2.124783,0.472285,2.140088,0.456979,5416,7219,0.500000000000
3107012,2.604617,2.124877,0.479740,2.140106,0.464511,5416,7219,0.500000000000
3115766,2.600286,2.124693,0.475593,2.140116,0.460170,5416,7219,0.500000000000
3127703,2.602558,2.125780,0.476778,2.140131,0.462427,5416,7219,0.500000000000
3144191,2.605823,2.127275,0.478548,2.140151,0.465672,5416,7219,0.500000000000
3159916,2.603373,2.127495,0.475879,2.140169,0.463204,5416,7219,0.500000000000
3177964,2.601562,2.128137,0.473426,2.140191,0.461372,5416,7219,0.500000000000
3192643,2.602437,2.128252,0.474185,2.140208,0.462228,5416,7219,0.500000000000
3201973,2.598668,2.126699,0.471969,2.140219,0.458449,5416,7219,0.500000000000
3226558,2.596537,2.128872,0.467665,2.140248,0.456289,5416,7219,0.500000000000
3235957,2.604722,2.128731,0.475991,2.140259,0.464463,5416,7219,0.500000000000
3245252,2.608783,2.128363,0.480420,2.140270,0.468513,5416,7219,0.500000000000
3260314,2.604682,2.128712,0.475970,2.140287,0.464395,5416,7219,0.500000000000
3275093,2.605763,2.129033,0.476729,2.140304,0.465459,5416,7219,0.500000000000
3290396,2.600457,2.128221,0.472236,2.140322,0.460135,5416,7219,0.500000000000
3317926,2.603487,2.130585,0.472903,2.140353,0.463135,5416,7219,0.500000000000
3326234,2.605172,2.130125,0.475048,2.140362,0.464810,5416,7219,0.500000000000
3341761,2.604131,2.130493,0.473638,2.140380,0.463751,5416,7219,0.500000000000
3354079,2.597185,2.128470,0.468714,2.140393,0.456791,5416,7219,0.500000000000
3364727,2.596771,2.129368,0.467402,2.140405,0.456365,5416,7219,0.500000000000
3380669,2.605672,2.129761,0.475911,2.140423,0.465249,5416,7219,0.500000000000
3395806,2.609983,2.131027,0.478956,2.140440,0.469543,5416,7219,0.500000000000
3411274,2.603699,2.132315,0.471384,2.140457,0.463242,5416,7219,0.500000000000
3425579,2.611718,2.132346,0.479372,2.140472,0.471246,5416,7219,0.500000000000
3434458,2.611137,2.131198,0.479939,2.140482,0.470655,5416,7219,0.500000000000
3439621,2.611954,2.131624,0.480330,2.140488,0.471467,5416,7219,0.500000000000
3464267,2.603425,2.131561,0.471864,2.140514,0.462911,5416,7219,0.500000000000
3479059,2.604518,2.131832,0.472686,2.140530,0.463988,5416,7219,0.500000000000
3484846,2.614571,2.132302,0.482269,2.140536,0.474035,5416,7219,0.500000000000
3489916,2.613878,2.130639,0.483239,2.140542,0.473336,5416,7219,0.500000000000
3500176,2.611383,2.131469,0.479914,2.140553,0.470831,5416,7219,0.500000000000
3502439,2.610699,2.130512,0.480187,2.140555,0.470144,5416,7219,0.500000000000
3515401,2.612171,2.129488,0.482683,2.140569,0.471602,5416,7219,0.500000000000
3539002,2.606307,2.128182,0.478125,2.140594,0.465713,5416,7219,0.500000000000
3553097,2.606045,2.129304,0.476741,2.140608,0.465437,5416,7219,0.500000000000
3561149,2.602978,2.128099,0.474880,2.140617,0.462361,5416,7219,0.500000000000
3576721,2.610207,2.128202,0.482005,2.140633,0.469574,5416,7219,0.500000000000
3591949,2.611007,2.129400,0.481607,2.140649,0.470358,5416,7219,0.500000000000
3616831,2.603235,2.130227,0.473008,2.140674,0.462561,5416,7219,0.500000000000
3633412,2.606239,2.130604,0.475635,2.140691,0.465547,5416,7219,0.500000000000
3644584,2.609578,2.130351,0.479226,2.140703,0.468875,5416,7219,0.500000000000
3658834,2.606500,2.129630,0.476870,2.140717,0.465783,5416,7219,0.500000000000
3675767,2.603042,2.128909,0.474133,2.140734,0.462308,5416,7219,0.500000000000
3682709,2.606978,2.129440,0.477537,2.140741,0.466236,5416,7219,0.500000000000
3704819,2.596930,2.129316,0.467614,2.140763,0.456166,5416,7219,0.500000000000
3722221,2.602626,2.130635,0.471991,2.140781,0.461845,5416,7219,0.500000000000
3735406,2.608630,2.130527,0.478103,2.140794,0.467836,5416,7219,0.500000000000
3753443,2.600434,2.129881,0.470553,2.140811,0.459623,5416,7219,0.500000000000
3760034,2.593551,2.130375,0.463176,2.140818,0.452733,5416,7219,0.500000000000
3783313,2.604192,2.130319,0.473873,2.140841,0.463352,5416,7219,0.500000000000
3797879,2.598422,2.130506,0.467916,2.140855,0.457567,5416,7219,0.500000000000
3801443,2.606210,2.129676,0.476535,2.140858,0.465352,5416,7219,0.500000000000
3822034,2.613491,2.128319,0.485171,2.140878,0.472612,5416,7219,0.500000000000
3834151,2.598408,2.129208,0.469200,2.140890,0.457519,5416,7219,0.500000000000
3853924,2.606403,2.129765,0.476638,2.140909,0.465494,5416,7219,0.500000000000
3858931,2.597507,2.130130,0.467377,2.140914,0.456594,5416,7219,0.500000000000
3883478,2.594628,2.131027,0.463601,2.140937,0.453691,5416,7219,0.500000000000
3891541,2.606291,2.131610,0.474682,2.140944,0.465347,5416,7219,0.500000000000
3912628,2.602100,2.131164,0.470936,2.140964,0.461136,5416,7219,0.500000000000
3927556,2.600320,2.130275,0.470044,2.140978,0.459341,5416,7219,0.500000000000
3936293,2.599760,2.130899,0.468862,2.140986,0.458774,5416,7219,0.500000000000
3961283,2.606488,2.130727,0.475762,2.141010,0.465479,5416,7219,0.500000000000
3969584,2.609431,2.131314,0.478117,2.141017,0.468414,5416,7219,0.500000000000
3974746,2.609044,2.129735,0.479309,2.141022,0.468022,5416,7219,0.500000000000
3992123,2.608902,2.129020,0.479882,2.141038,0.467864,5416,7219,0.500000000000
3996758,2.606043,2.128279,0.477764,2.141042,0.465000,5416,7219,0.500000000000
4015034,2.596429,2.128493,0.467936,2.141059,0.455370,5416,7219,0.500000000000
4034477,2.610102,2.128979,0.481123,2.141077,0.469025,5416,7219,0.500000000000
4043132,2.609140,2.129579,0.479561,2.141084,0.468056,5416,7219,0.500000000000
4047991,2.608708,2.128856,0.479852,2.141089,0.467619,5416,7219,0.500000000000
4060838,2.605187,2.128879,0.476308,2.141100,0.464086,5416,7219,0.500000000000
4069376,2.607269,2.128410,0.478858,2.141108,0.466160,5416,7219,0.500000000000
4087942,2.607185,2.128822,0.478362,2.141125,0.466060,5416,7219,0.500000000000
4099112,2.611193,2.128725,0.482468,2.141135,0.470058,5416,7219,0.500000000000
4115572,2.602570,2.128795,0.473775,2.141149,0.461420,5416,7219,0.500000000000
4131313,2.600695,2.128812,0.471883,2.141163,0.459532,5416,7219,0.500000000000
4154263,2.606322,2.130360,0.475962,2.141183,0.465139,5416,7219,0.500000000000
4161457,2.607097,2.129799,0.477298,2.141190,0.465907,5416,7219,0.500000000000
4186967,2.607727,2.130655,0.477072,2.141212,0.466516,5416,7219,0.500000000000
4197376,2.593242,2.131349,0.461893,2.141221,0.452021,5416,7219,0.500000000000
4208627,2.613973,2.132097,0.481875,2.141231,0.472742,5416,7219,0.500000000000
4222718,2.607053,2.131992,0.475060,2.141243,0.465810,5416,7219,0.500000000000
4242659,2.608260,2.132463,0.475797,2.141260,0.467000,5416,7219,0.500000000000
4254164,2.607386,2.133220,0.474166,2.141270,0.466116,5416,7219,0.500000000000
4270639,2.603665,2.133265,0.470399,2.141284,0.462381,5416,7219,0.500000000000
4280083,2.607170,2.133039,0.474130,2.141292,0.465878,5416,7219,0.500000000000
4298422,2.609440,2.132361,0.477078,2.141307,0.468132,5416,7219,0.500000000000
4323628,2.609173,2.133155,0.476018,2.141328,0.467845,5416,7219,0.500000000000
4333132,2.610882,2.131905,0.478977,2.141336,0.469545,5416,7219,0.500000000000
4337987,2.610927,2.132217,0.478709,2.141340,0.469586,5416,7219,0.500000000000
4342687,2.606964,2.130659,0.476305,2.141344,0.465620,5416,7219,0.500000000000
4354381,2.614402,2.131409,0.482993,2.141354,0.473048,5416,7219,0.500000000000
4372499,2.601775,2.129691,0.472085,2.141369,0.460406,5416,7219,0.500000000000
4392541,2.607219,2.130965,0.476254,2.141386,0.465833,5416,7219,0.500000000000
4400353,2.604258,2.131460,0.472798,2.141392,0.462866,5416,7219,0.500000000000
4416868,2.603212,2.131487,0.471724,2.141406,0.461806,5416,7219,0.500000000000
4441462,2.609455,2.132207,0.477248,2.141426,0.468030,5416,7219,0.500000000000
4447771,2.609820,2.132603,0.477218,2.141431,0.468390,5416,7219,0.500000000000
4469884,2.605726,2.131964,0.473763,2.141449,0.464277,5416,7219,0.500000000000
4475881,2.602272,2.131514,0.470758,2.141454,0.460818,5416,7219,0.500000000000
4499059,2.612312,2.132129,0.480183,2.141472,0.470840,5416,7219,0.500000000000
4512502,2.605336,2.132959,0.472376,2.141483,0.463853,5416,7219,0.500000000000
4520101,2.610048,2.133428,0.476620,2.141489,0.468559,5416,7219,0.500000000000
4540321,2.610081,2.132849,0.477231,2.141505,0.468576,5416,7219,0.500000000000
4562161,2.604160,2.133183,0.470977,2.141522,0.462637,5416,7219,0.500000000000
4568336,2.615511,2.131745,0.483765,2.141527,0.473984,5416,7219,0.500000000000
4579021,2.615546,2.132395,0.483151,2.141536,0.474010,5416,7219,0.500000000000
4593406,2.608216,2.130462,0.477754,2.141547,0.466669,5416,7219,0.500000000000
4602932,2.612112,2.131037,0.481075,2.141554,0.470558,5416,7219,0.500000000000
4621748,2.615499,2.132170,0.483328,2.141569,0.473930,5416,7219,0.500000000000
4638149,2.615785,2.131354,0.484432,2.141582,0.474203,5416,7219,0.500000000000
4642907,2.600257,2.131638,0.468619,2.141585,0.458672,5416,7219,0.500000000000
4657141,2.599418,2.132489,0.466930,2.141596,0.457822,5416,7219,0.500000000000
4674077,2.610601,2.131703,0.478898,2.141609,0.468992,5416,7219,0.500000000000
4687861,2.607950,2.132521,0.475429,2.141620,0.466330,5416,7219,0.500000000000
4710718,2.609368,2.133068,0.476300,2.141637,0.467731,5416,7219,0.500000000000
4729297,2.607043,2.132557,0.474486,2.141652,0.465391,5416,7219,0.500000000000
4734448,2.611760,2.132859,0.478901,2.141655,0.470105,5416,7219,0.500000000000
4749676,2.609849,2.132771,0.477078,2.141667,0.468182,5416,7219,0.500000000000
4765841,2.612665,2.132914,0.479751,2.141679,0.470986,5416,7219,0.500000000000
4785362,2.612487,2.133251,0.479236,2.141694,0.470793,5416,7219,0.500000000000
4792159,2.588525,2.133645,0.454881,2.141699,0.446826,5416,7219,0.500000000000
4818013,2.609266,2.133547,0.475719,2.141718,0.467548,5416,7219,0.500000000000
4824811,2.601355,2.133144,0.468211,2.141723,0.459632,5416,7219,0.500000000000
4837909,2.605804,2.133103,0.472701,2.141733,0.464071,5416,7219,0.500000000000
4918721,2.600756,2.131639,0.469117,2.141792,0.458964,5416,7219,0.500000000000
5167067,2.597599,2.131446,0.466153,2.141967,0.455632,5416,7219,0.500000000000
5572393,2.607352,2.130648,0.476704,2.142233,0.465119,5416,7219,0.500000000000
5638274,2.605302,2.131502,0.473800,2.142274,0.463028,5416,7219,0.500000000000
5878723,2.605254,2.129132,0.476122,2.142420,0.462833,5416,7219,0.500000000000
6175451,2.603294,2.130838,0.472456,2.142591,0.460703,5416,7219,0.500000000000
6634582,2.604438,2.136727,0.467711,2.142839,0.461600,5416,7219,0.500000000000
6670333,2.604986,2.136684,0.468302,2.142857,0.462129,5416,7219,0.500000000000
6924206,2.610703,2.136705,0.473998,2.142985,0.467718,5416,7219,0.500000000000
7376626,2.610535,2.134057,0.476478,2.143200,0.467335,5416,7219,0.500000000000
7515967,2.611962,2.133418,0.478545,2.143263,0.468699,5416,7219,0.500000000000
7808617,2.611891,2.134030,0.477861,2.143392,0.468499,5416,7219,0.500000000000
8143934,2.607556,2.134337,0.473219,2.143533,0.464023,5416,7219,0.500000000000
8259989,2.615540,2.134811,0.480729,2.143581,0.471959,5416,7219,0.500000000000
8377064,2.615094,2.134079,0.481015,2.143628,0.471466,5416,7219,0.500000000000
8527412,2.609130,2.133501,0.475629,2.143687,0.465443,5416,7219,0.500000000000
8870593,2.615707,2.133071,0.482635,2.143818,0.471889,5416,7219,0.500000000000
9121549,2.613892,2.134185,0.479707,2.143910,0.469981,5416,7219,0.500000000000
9307022,2.615493,2.133860,0.481634,2.143977,0.471517,5416,7219,0.500000000000
9601418,2.616651,2.135265,0.481386,2.144079,0.472572,5416,7219,0.500000000000
9714053,2.617032,2.136550,0.480482,2.144117,0.472915,5416,7219,0.500000000000
9798904,2.616429,2.135813,0.480615,2.144146,0.472283,5416,7219,0.500000000000
10030684,2.609830,2.137213,0.472617,2.144222,0.465608,5416,7219,0.500000000000
10279447,2.610716,2.136517,0.474199,2.144302,0.466414,5416,7219,0.500000000000
10509104,2.610205,2.136994,0.473211,2.144374,0.465832,5416,7219,0.500000000000
10730206,2.616253,2.137076,0.479176,2.144441,0.471811,5416,7219,0.500000000000
11035639,2.619300,2.137538,0.481762,2.144532,0.474768,5416,7219,0.500000000000
11262739,2.617318,2.137082,0.480236,2.144597,0.472721,5416,7219,0.500000000000
11722628,2.612843,2.137904,0.474939,2.144726,0.468117,5416,7219,0.500000000000
11980162,2.618144,2.138087,0.480057,2.144795,0.473348,5416,7219,0.500000000000
12176348,2.615986,2.136978,0.479008,2.144847,0.471139,5416,7219,0.500000000000
12437884,2.618721,2.138607,0.480114,2.144915,0.473807,5416,7219,0.500000000000
12503914,2.618371,2.137681,0.480690,2.144932,0.473439,5416,7219,0.500000000000
12674359,2.620449,2.136240,0.484209,2.144975,0.475474,5416,7219,0.500000000000
12945293,2.619810,2.137425,0.482386,2.145042,0.474769,5416,7219,0.500000000000
13157726,2.614254,2.137372,0.476882,2.145093,0.469160,5416,7219,0.500000000000
13383668,2.621737,2.138126,0.483610,2.145147,0.476590,5416,7219,0.500000000000
13598296,2.621948,2.137560,0.484388,2.145197,0.476751,5416,7219,0.500000000000
13890334,2.615375,2.137371,0.478004,2.145264,0.470111,5416,7219,0.500000000000
14203249,2.615943,2.137973,0.477970,2.145334,0.470610,5416,7219,0.500000000000
14546944,2.610027,2.137670,0.472357,2.145408,0.464619,5416,7219,0.500000000000
14653259,2.623627,2.137524,0.486104,2.145431,0.478196,5416,7219,0.500000000000
14790584,2.623658,2.138472,0.485186,2.145460,0.478198,5416,7219,0.500000000000
14993599,2.620451,2.137971,0.482480,2.145503,0.474948,5416,7219,0.500000000000
15201136,2.622150,2.138975,0.483175,2.145545,0.476605,5416,7219,0.500000000000
15512572,2.621195,2.136830,0.484365,2.145608,0.475587,5416,7219,0.500000000000
15580924,2.620941,2.136438,0.484502,2.145622,0.475319,5416,7219,0.500000000000
15903079,2.620396,2.139863,0.480534,2.145685,0.474711,5416,7219,0.500000000000
16105231,2.624621,2.139137,0.485484,2.145724,0.478897,5416,7219,0.500000000000
16453264,2.623584,2.138529,0.485055,2.145790,0.477794,5416,7219,0.500000000000
16618577,2.617779,2.138759,0.479019,2.145821,0.471958,5416,7219,0.500000000000
17086924,2.622329,2.137476,0.484853,2.145906,0.476423,5416,7219,0.500000000000
17157347,2.615508,2.138015,0.477493,2.145918,0.469590,5416,7219,0.500000000000
17438299,2.625902,2.137701,0.488201,2.145968,0.479933,5416,7219,0.500000000000
17609492,2.627322,2.139276,0.488046,2.145998,0.481324,5416,7219,0.500000000000
17754362,2.624263,2.139528,0.484735,2.146023,0.478240,5416,7219,0.500000000000
17939156,2.615320,2.138913,0.476407,2.146055,0.469265,5416,7219,0.500000000000
18252083,2.624696,2.138270,0.486426,2.146107,0.478588,5416,7219,0.500000000000
18564664,2.625098,2.138985,0.486113,2.146159,0.478940,5416,7219,0.500000000000
18652631,2.624112,2.139383,0.484729,2.146173,0.477939,5416,7219,0.500000000000
18955823,2.626048,2.139916,0.486132,2.146222,0.479826,5416,7219,0.500000000000
19271158,2.619062,2.141455,0.477607,2.146272,0.472790,5416,7219,0.500000000000
19443122,2.621885,2.140672,0.481213,2.146299,0.475586,5416,7219,0.500000000000
19708879,2.625817,2.140795,0.485022,2.146339,0.479477,5416,7219,0.500000000000
19998859,2.625370,2.140149,0.485221,2.146383,0.478986,5416,7219,0.500000000000
20283568,2.627375,2.140367,0.487008,2.146426,0.480949,5416,7219,0.500000000000
20429401,2.628649,2.138742,0.489907,2.146447,0.482202,5416,7219,0.500000000000
20718961,2.625233,2.139366,0.485867,2.146490,0.478743,5416,7219,0.500000000000
21107407,2.622493,2.141064,0.481429,2.146545,0.475948,5416,7219,0.500000000000
21411154,2.624482,2.140642,0.483840,2.146588,0.477895,5416,7219,0.500000000000
21448858,2.626527,2.140711,0.485816,2.146593,0.479934,5416,7219,0.500000000000
21902344,2.627307,2.139619,0.487688,2.146655,0.480651,5416,7219,0.500000000000
22109926,2.625829,2.140060,0.485769,2.146683,0.479145,5416,7219,0.500000000000
22446616,2.626041,2.140137,0.485904,2.146728,0.479312,5416,7219,0.500000000000
22683424,2.626940,2.140417,0.486522,2.146759,0.480180,5416,7219,0.500000000000
22876459,2.628569,2.140728,0.487841,2.146784,0.481784,5416,7219,0.500000000000
22916389,2.628539,2.139908,0.488631,2.146790,0.481750,5416,7219,0.500000000000
23227639,2.627468,2.138819,0.488649,2.146830,0.480639,5416,7219,0.500000000000
23248021,2.624545,2.138678,0.485867,2.146832,0.477713,5416,7219,0.500000000000
23613664,2.628503,2.141088,0.487416,2.146878,0.481625,5416,7219,0.500000000000
23763461,2.627766,2.141442,0.486324,2.146897,0.480869,5416,7219,0.500000000000
24170554,2.626512,2.142544,0.483968,2.146947,0.479565,5416,7219,0.500000000000
24496594,2.621733,2.141974,0.479758,2.146986,0.474747,5416,7219,0.500000000000
24691036,2.622891,2.141179,0.481712,2.147009,0.475881,5416,7219,0.500000000000
24916354,2.626999,2.141199,0.485800,2.147036,0.479963,5416,7219,0.500000000000
25251022,2.623810,2.139814,0.483996,2.147075,0.476735,5416,7219,0.500000000000
25283017,2.628372,2.140132,0.488240,2.147079,0.481293,5416,7219,0.500000000000
25488427,2.628470,2.141044,0.487426,2.147103,0.481368,5416,7219,0.500000000000
25696939,2.623817,2.141206,0.482611,2.147126,0.476691,5416,7219,0.500000000000
25801309,2.627088,2.140768,0.486320,2.147138,0.479950,5416,7219,0.500000000000
26141191,2.629090,2.140920,0.488170,2.147176,0.481914,5416,7219,0.500000000000
26306708,2.628417,2.140299,0.488118,2.147195,0.481222,5416,7219,0.500000000000
26597398,2.631475,2.140860,0.490615,2.147227,0.484249,5416,7219,0.500000000000
26617804,2.631407,2.140713,0.490694,2.147229,0.484178,5416,7219,0.500000000000
27035497,2.629789,2.139845,0.489944,2.147274,0.482514,5416,7219,0.500000000000
27158464,2.629023,2.139898,0.489125,2.147287,0.481735,5416,7219,0.500000000000
27268121,2.629187,2.140570,0.488617,2.147299,0.481887,5416,7219,0.500000000000
27501673,2.628960,2.140397,0.488563,2.147324,0.481636,5416,7219,0.500000000000
27760763,2.629751,2.141336,0.488416,2.147351,0.482400,5416,7219,0.500000000000
27980503,2.628691,2.141426,0.487265,2.147374,0.481317,5416,7219,0.500000000000
28301542,2.630045,2.142402,0.487642,2.147407,0.482638,5416,7219,0.500000000000
28396519,2.630694,2.142508,0.488186,2.147417,0.483277,5416,7219,0.500000000000
28559749,2.630821,2.143209,0.487613,2.147433,0.483388,5416,7219,0.500000000000
28691977,2.629850,2.142579,0.487271,2.147446,0.482403,5416,7219,0.500000000000
28929157,2.630176,2.143002,0.487173,2.147470,0.482705,5416,7219,0.500000000000
29130124,2.630483,2.142886,0.487597,2.147490,0.482992,5416,7219,0.500000000000
29155046,2.630441,2.142702,0.487739,2.147493,0.482948,5416,7219,0.500000000000
29565262,2.629070,2.142521,0.486549,2.147533,0.481537,5416,7219,0.500000000000
29613937,2.628569,2.142215,0.486354,2.147537,0.481031,5416,7219,0.500000000000
30099763,2.626030,2.141354,0.484676,2.147584,0.478445,5416,7219,0.500000000000
30218456,2.627828,2.142333,0.485495,2.147596,0.480232,5416,7219,0.500000000000
30382789,2.631909,2.141878,0.490032,2.147611,0.484298,5416,7219,0.500000000000
30883093,2.633360,2.141788,0.491572,2.147658,0.485702,5416,7219,0.500000000000
31009246,2.629683,2.142416,0.487267,2.147669,0.482013,5416,7219,0.500000000000
31171139,2.631779,2.141301,0.490479,2.147684,0.484095,5416,7219,0.500000000000
31624316,2.631075,2.142245,0.488829,2.147726,0.483349,5416,7219,0.500000000000
31887652,2.631962,2.142612,0.489350,2.147749,0.484213,5416,7219,0.500000000000
31961998,2.630995,2.141742,0.489253,2.147756,0.483239,5416,7219,0.500000000000
32354356,2.632298,2.142021,0.490278,2.147791,0.484508,5416,7219,0.500000000000
32472961,2.632306,2.141252,0.491054,2.147801,0.484505,5416,7219,0.500000000000
32919296,2.630170,2.140992,0.489178,2.147840,0.482330,5416,7219,0.500000000000
33019706,2.628541,2.140999,0.487541,2.147848,0.480692,5416,7219,0.500000000000
33279284,2.631961,2.141652,0.490309,2.147871,0.484090,5416,7219,0.500000000000
33643406,2.629604,2.142324,0.487280,2.147902,0.481702,5416,7219,0.500000000000
33777019,2.632037,2.142264,0.489773,2.147913,0.484124,5416,7219,0.500000000000
34046093,2.632356,2.142218,0.490138,2.147935,0.484421,5416,7219,0.500000000000
34266923,2.630062,2.141749,0.488313,2.147954,0.482109,5416,7219,0.500000000000
34576216,2.634091,2.141247,0.492843,2.147979,0.486112,5416,7219,0.500000000000
34954384,2.627883,2.141060,0.486823,2.148010,0.479873,5416,7219,0.500000000000
35084837,2.631588,2.140730,0.490858,2.148020,0.483568,5416,7219,0.500000000000
35316493,2.629890,2.141630,0.488260,2.148039,0.481851,5416,7219,0.500000000000
35590364,2.632190,2.142586,0.489604,2.148060,0.484130,5416,7219,0.500000000000
35642969,2.631976,2.142364,0.489612,2.148065,0.483911,5416,7219,0.500000000000
35899592,2.628367,2.142537,0.485830,2.148085,0.480283,5416,7219,0.500000000000
36073241,2.633081,2.143143,0.489938,2.148098,0.484983,5416,7219,0.500000000000
36398188,2.630918,2.143991,0.486927,2.148124,0.482795,5416,7219,0.500000000000
36581563,2.629058,2.143874,0.485184,2.148138,0.480920,5416,7219,0.500000000000
36973873,2.633653,2.144219,0.489433,2.148168,0.485485,5416,7219,0.500000000000
37016704,2.630069,2.144216,0.485853,2.148171,0.481898,5416,7219,0.500000000000
37496491,2.629585,2.143620,0.485965,2.148207,0.481378,5416,7219,0.500000000000
37751653,2.626389,2.143382,0.483007,2.148226,0.478163,5416,7219,0.500000000000
37963693,2.632427,2.143556,0.488871,2.148241,0.484186,5416,7219,0.500000000000
38099641,2.633034,2.143235,0.489799,2.148251,0.484783,5416,7219,0.500000000000
38387458,2.631562,2.143603,0.487959,2.148273,0.483290,5416,7219,0.500000000000
38661856,2.632132,2.142495,0.489637,2.148292,0.483840,5416,7219,0.500000000000
38836108,2.629723,2.142628,0.487095,2.148305,0.481418,5416,7219,0.500000000000
39131578,2.631563,2.143302,0.488261,2.148326,0.483237,5416,7219,0.500000000000
39347939,2.631460,2.142448,0.489013,2.148341,0.483119,5416,7219,0.500000000000
39766889,2.633842,2.142010,0.491831,2.148371,0.485471,5416,7219,0.500000000000
39934108,2.634013,2.142082,0.491931,2.148383,0.485630,5416,7219,0.500000000000
40313531,2.634894,2.141937,0.492958,2.148409,0.486486,5416,7219,0.500000000000
40519231,2.632190,2.141621,0.490570,2.148423,0.483767,5416,7219,0.500000000000
40758841,2.633124,2.141780,0.491344,2.148439,0.484684,5416,7219,0.500000000000
41026108,2.632692,2.141886,0.490806,2.148457,0.484235,5416,7219,0.500000000000
41344276,2.629465,2.142290,0.487175,2.148479,0.480986,5416,7219,0.500000000000
41405201,2.633644,2.142105,0.491539,2.148483,0.485161,5416,7219,0.500000000000
41515829,2.633681,2.142485,0.491196,2.148490,0.485191,5416,7219,0.500000000000
41744774,2.631825,2.142622,0.489203,2.148505,0.483320,5416,7219,0.500000000000
41954984,2.633679,2.142645,0.491034,2.148519,0.485159,5416,7219,0.500000000000
42145777,2.633117,2.142013,0.491104,2.148532,0.484585,5416,7219,0.500000000000
42624509,2.632990,2.143903,0.489087,2.148563,0.484427,5416,7219,0.500000000000
42661672,2.632549,2.143787,0.488762,2.148565,0.483983,5416,7219,0.500000000000
43062872,2.633218,2.144286,0.488932,2.148591,0.484627,5416,7219,0.500000000000
43159756,2.631244,2.143914,0.487330,2.148597,0.482647,5416,7219,0.500000000000
43543622,2.631252,2.144032,0.487221,2.148622,0.482631,5416,7219,0.500000000000
43817623,2.631417,2.143527,0.487890,2.148639,0.482778,5416,7219,0.500000000000
43986944,2.634464,2.143938,0.490526,2.148650,0.485815,5416,7219,0.500000000000
44294533,2.631231,2.144463,0.486768,2.148669,0.482562,5416,7219,0.500000000000
44528149,2.634733,2.144312,0.490421,2.148683,0.486050,5416,7219,0.500000000000
44731231,2.634755,2.144254,0.490501,2.148696,0.486059,5416,7219,0.500000000000
45173824,2.632683,2.143686,0.488996,2.148723,0.483960,5416,7219,0.500000000000
45267808,2.635113,2.143671,0.491442,2.148729,0.486385,5416,7219,0.500000000000
45561898,2.634634,2.144090,0.490545,2.148746,0.485888,5416,7219,0.500000000000
45750142,2.633862,2.143939,0.489922,2.148758,0.485104,5416,7219,0.500000000000
46085467,2.634998,2.143789,0.491208,2.148778,0.486220,5416,7219,0.500000000000
46431778,2.632357,2.144146,0.488211,2.148798,0.483559,5416,7219,0.500000000000
46594183,2.635729,2.144423,0.491306,2.148808,0.486921,5416,7219,0.500000000000
46894108,2.633895,2.143957,0.489938,2.148825,0.485070,5416,7219,0.500000000000
47087281,2.633008,2.144131,0.488877,2.148836,0.484171,5416,7219,0.500000000000
47309188,2.633116,2.143825,0.489291,2.148849,0.484267,5416,7219,0.500000000000
47622787,2.634875,2.143789,0.491086,2.148867,0.486008,5416,7219,0.500000000000
47873767,2.635685,2.143627,0.492059,2.148881,0.486804,5416,7219,0.500000000000
48190642,2.635323,2.144974,0.490349,2.148899,0.486424,5416,7219,0.500000000000
48285199,2.635154,2.145140,0.490013,2.148905,0.486249,5416,7219,0.500000000000
48626887,2.632639,2.144051,0.488588,2.148924,0.483715,5416,7219,0.500000000000
48879484,2.633137,2.144134,0.489003,2.148938,0.484199,5416,7219,0.500000000000
49187434,2.632998,2.143986,0.489012,2.148955,0.484043,5416,7219,0.500000000000
49318109,2.635156,2.143824,0.491332,2.148962,0.486193,5416,7219,0.500000000000
49635736,2.634741,2.143717,0.491025,2.148980,0.485762,5416,7219,0.500000000000
49940141,2.633450,2.144147,0.489303,2.148996,0.484454,5416,7219,0.500000000000
50141197,2.634563,2.144018,0.490545,2.149007,0.485556,5416,7219,0.500000000000
50458396,2.635375,2.144007,0.491368,2.149024,0.486351,5416,7219,0.500000000000
50608574,2.633957,2.144177,0.489780,2.149032,0.484925,5416,7219,0.500000000000
50912011,2.636007,2.143736,0.492270,2.149048,0.486958,5416,7219,0.500000000000
51198841,2.634543,2.143813,0.490730,2.149064,0.485480,5416,7219,0.500000000000
51539167,2.635865,2.144327,0.491539,2.149082,0.486784,5416,7219,0.500000000000
51716248,2.634955,2.144369,0.490586,2.149091,0.485864,5416,7219,0.500000000000
52007056,2.633287,2.144101,0.489186,2.149106,0.484181,5416,7219,0.500000000000
52116109,2.633243,2.143527,0.489716,2.149112,0.484131,5416,7219,0.500000000000
52371376,2.633141,2.143683,0.489459,2.149125,0.484017,5416,7219,0.500000000000
52646206,2.633595,2.143520,0.490076,2.149139,0.484456,5416,7219,0.500000000000
52911227,2.635705,2.144248,0.491457,2.149152,0.486552,5416,7219,0.500000000000
53265791,2.635671,2.144549,0.491122,2.149170,0.486501,5416,7219,0.500000000000
53359531,2.635169,2.144733,0.490435,2.149175,0.485993,5416,7219,0.500000000000
53699671,2.633020,2.144428,0.488592,2.149192,0.483828,5416,7219,0.500000000000
53928967,2.635751,2.144869,0.490882,2.149204,0.486548,5416,7219,0.500000000000
54054124,2.635260,2.144367,0.490893,2.149210,0.486050,5416,7219,0.500000000000
54226726,2.635112,2.144421,0.490691,2.149218,0.485893,5416,7219,0.500000000000
54448969,2.634606,2.144877,0.489729,2.149229,0.485377,5416,7219,0.500000000000
54684703,2.633856,2.144916,0.488940,2.149241,0.484615,5416,7219,0.500000000000
55083529,2.633461,2.145613,0.487848,2.149261,0.484200,5416,7219,0.500000000000
55192084,2.635633,2.145851,0.489782,2.149266,0.486367,5416,7219,0.500000000000
55473001,2.636138,2.146313,0.489825,2.149279,0.486858,5416,7219,0.500000000000
55853137,2.636086,2.146153,0.489933,2.149298,0.486788,5416,7219,0.500000000000
56049046,2.635400,2.145953,0.489447,2.149307,0.486093,5416,7219,0.500000000000
56165927,2.635609,2.145647,0.489963,2.149313,0.486296,5416,7219,0.500000000000
56548759,2.635267,2.145256,0.490011,2.149331,0.485936,5416,7219,0.500000000000
56673544,2.633961,2.145500,0.488460,2.149337,0.484624,5416,7219,0.500000000000
56969719,2.635792,2.144685,0.491108,2.149351,0.486441,5416,7219,0.500000000000
57242986,2.635920,2.144750,0.491169,2.149363,0.486556,5416,7219,0.500000000000
57577804,2.636144,2.144377,0.491767,2.149379,0.486765,5416,7219,0.500000000000
57712034,2.637007,2.144371,0.492636,2.149385,0.487622,5416,7219,0.500000000000
57988096,2.635972,2.144261,0.491711,2.149398,0.486574,5416,7219,0.500000000000
58047664,2.636124,2.144508,0.491617,2.149401,0.486724,5416,7219,0.500000000000
58327037,2.635784,2.144460,0.491324,2.149414,0.486370,5416,7219,0.500000000000
58622908,2.634749,2.144374,0.490375,2.149427,0.485322,5416,7219,0.500000000000
58803007,2.634830,2.144881,0.489949,2.149435,0.485395,5416,7219,0.500000000000
59035969,2.635746,2.144534,0.491212,2.149446,0.486300,5416,7219,0.500000000000
59213989,2.635457,2.144014,0.491442,2.149454,0.486003,5416,7219,0.500000000000
59297873,2.634889,2.143848,0.491042,2.149457,0.485432,5416,7219,0.500000000000
59503861,2.637234,2.143718,0.493515,2.149467,0.487767,5416,7219,0.500000000000
59774947,2.635060,2.143294,0.491766,2.149479,0.485581,5416,7219,0.500000000000
60116767,2.634939,2.143427,0.491512,2.149494,0.485445,5416,7219,0.500000000000
60336769,2.636403,2.143298,0.493106,2.149504,0.486899,5416,7219,0.500000000000
60497854,2.634093,2.143710,0.490383,2.149511,0.484582,5416,7219,0.500000000000
60816697,2.635280,2.143519,0.491761,2.149525,0.485755,5416,7219,0.500000000000
61220564,2.635772,2.144554,0.491218,2.149542,0.486230,5416,7219,0.500000000000
61395833,2.637005,2.144740,0.492266,2.149550,0.487456,5416,7219,0.500000000000
61421233,2.637042,2.144839,0.492203,2.149551,0.487491,5416,7219,0.500000000000
61759091,2.633558,2.144711,0.488847,2.149565,0.483992,5416,7219,0.500000000000
61983998,2.636409,2.144862,0.491546,2.149575,0.486834,5416,7219,0.500000000000
62244289,2.637559,2.144108,0.493451,2.149586,0.487973,5416,7219,0.500000000000
62376973,2.635962,2.144617,0.491345,2.149592,0.486370,5416,7219,0.500000000000
62587496,2.633622,2.144215,0.489408,2.149601,0.484021,5416,7219,0.500000000000
62989169,2.635139,2.144489,0.490650,2.149618,0.485521,5416,7219,0.500000000000
63087593,2.637375,2.144371,0.493004,2.149622,0.487754,5416,7219,0.500000000000
63287786,2.637261,2.143927,0.493334,2.149630,0.487631,5416,7219,0.500000000000
63537428,2.635042,2.144378,0.490664,2.149641,0.485402,5416,7219,0.500000000000
63618773,2.633530,2.144464,0.489066,2.149644,0.483886,5416,7219,0.500000000000
63890804,2.632723,2.144556,0.488168,2.149655,0.483068,5416,7219,0.500000000000
64316048,2.636346,2.144460,0.491886,2.149673,0.486674,5416,7219,0.500000000000
64403323,2.637267,2.144784,0.492483,2.149676,0.487591,5416,7219,0.500000000000
64424396,2.637243,2.144644,0.492600,2.149677,0.487566,5416,7219,0.500000000000
64765823,2.636032,2.144984,0.491048,2.149691,0.486341,5416,7219,0.500000000000
64931122,2.634970,2.144890,0.490081,2.149698,0.485273,5416,7219,0.500000000000
65322134,2.633716,2.144872,0.488844,2.149714,0.484003,5416,7219,0.500000000000
65582632,2.636488,2.144592,0.491896,2.149724,0.486764,5416,7219,0.500000000000
65836588,2.636090,2.144336,0.491755,2.149734,0.486356,5416,7219,0.500000000000
65963042,2.635804,2.144313,0.491491,2.149739,0.486065,5416,7219,0.500000000000
66330947,2.636673,2.144728,0.491945,2.149754,0.486919,5416,7219,0.500000000000
66475847,2.636600,2.144984,0.491616,2.149760,0.486841,5416,7219,0.500000000000
66572543,2.636881,2.145330,0.491550,2.149763,0.487117,5416,7219,0.500000000000
66759878,2.632266,2.145474,0.486792,2.149771,0.482495,5416,7219,0.500000000000
67003604,2.638001,2.145388,0.492613,2.149780,0.488220,5416,7219,0.500000000000
67307957,2.635541,2.145778,0.489764,2.149792,0.485749,5416,7219,0.500000000000
67561558,2.637463,2.145937,0.491526,2.149802,0.487660,5416,7219,0.500000000000
67837898,2.635003,2.145487,0.489516,2.149813,0.485190,5416,7219,0.500000000000
68084449,2.637449,2.144979,0.492470,2.149822,0.487627,5416,7219,0.500000000000
68374573,2.637397,2.145519,0.491879,2.149833,0.487564,5416,7219,0.500000000000
68573404,2.636503,2.145055,0.491447,2.149841,0.486662,5416,7219,0.500000000000
68827744,2.637719,2.144737,0.492982,2.149851,0.487868,5416,7219,0.500000000000
68941876,2.637597,2.144450,0.493147,2.149855,0.487742,5416,7219,0.500000000000
69300487,2.639059,2.144535,0.494524,2.149869,0.489190,5416,7219,0.500000000000
69484453,2.638006,2.144907,0.493099,2.149876,0.488131,5416,7219,0.500000000000
69727604,2.637982,2.145317,0.492665,2.149885,0.488097,5416,7219,0.500000000000
69916351,2.638163,2.145702,0.492460,2.149892,0.488271,5416,7219,0.500000000000
70017487,2.636601,2.145370,0.491230,2.149896,0.486705,5416,7219,0.500000000000
70230652,2.636101,2.145161,0.490940,2.149904,0.486198,5416,7219,0.500000000000
70519193,2.637251,2.144997,0.492254,2.149914,0.487337,5416,7219,0.500000000000
70943798,2.635591,2.145334,0.490257,2.149930,0.485661,5416,7219,0.500000000000
71076134,2.638363,2.145059,0.493304,2.149935,0.488428,5416,7219,0.500000000000
71221001,2.638419,2.144872,0.493547,2.149940,0.488479,5416,7219,0.500000000000
71656906,2.638110,2.144936,0.493174,2.149956,0.488154,5416,7219,0.500000000000
71735264,2.638721,2.144735,0.493986,2.149959,0.488762,5416,7219,0.500000000000
72112511,2.637571,2.145566,0.492005,2.149972,0.487599,5416,7219,0.500000000000
72336923,2.639129,2.146050,0.493079,2.149981,0.489149,5416,7219,0.500000000000
72721048,2.636909,2.145933,0.490976,2.149994,0.486915,5416,7219,0.500000000000
72970318,2.636999,2.145626,0.491373,2.150003,0.486996,5416,7219,0.500000000000
73162897,2.637547,2.145794,0.491753,2.150010,0.487537,5416,7219,0.500000000000
73416388,2.639578,2.145954,0.493624,2.150019,0.489559,5416,7219,0.500000000000
73429184,2.639615,2.145995,0.493620,2.150020,0.489596,5416,7219,0.500000000000
73679659,2.637208,2.145893,0.491315,2.150028,0.487179,5416,7219,0.500000000000
73865923,2.637441,2.146287,0.491155,2.150035,0.487406,5416,7219,0.500000000000
73895641,2.637510,2.146382,0.491128,2.150036,0.487474,5416,7219,0.500000000000
74198197,2.636120,2.146194,0.489927,2.150047,0.486073,5416,7219,0.500000000000
74415724,2.637634,2.146435,0.491199,2.150054,0.487580,5416,7219,0.500000000000
74595188,2.638243,2.146304,0.491939,2.150060,0.488182,5416,7219,0.500000000000
74903176,2.637385,2.146378,0.491007,2.150071,0.487314,5416,7219,0.500000000000
75214519,2.637605,2.146257,0.491348,2.150082,0.487523,5416,7219,0.500000000000
75547741,2.637880,2.145956,0.491924,2.150093,0.487786,5416,7219,0.500000000000
75693764,2.637004,2.145718,0.491286,2.150098,0.486906,5416,7219,0.500000000000
75996457,2.636998,2.145565,0.491433,2.150109,0.486890,5416,7219,0.500000000000
76103812,2.635696,2.145653,0.490043,2.150112,0.485584,5416,7219,0.500000000000
76446592,2.637419,2.145577,0.491842,2.150124,0.487295,5416,7219,0.500000000000
76519952,2.637322,2.145158,0.492164,2.150127,0.487195,5416,7219,0.500000000000
76785391,2.637657,2.145086,0.492571,2.150135,0.487521,5416,7219,0.500000000000
76801957,2.637580,2.144937,0.492643,2.150136,0.487444,5416,7219,0.500000000000
77046511,2.637491,2.145488,0.492002,2.150144,0.487346,5416,7219,0.500000000000
77118317,2.636486,2.145264,0.491221,2.150147,0.486339,5416,7219,0.500000000000
77547046,2.634729,2.145688,0.489041,2.150161,0.484568,5416,7219,0.500000000000
77647972,2.636782,2.145552,0.491229,2.150164,0.486617,5416,7219,0.500000000000
77874982,2.638674,2.145557,0.493118,2.150172,0.488502,5416,7219,0.500000000000
77933056,2.638704,2.145733,0.492971,2.150174,0.488530,5416,7219,0.500000000000
78275107,2.638349,2.145840,0.492509,2.150185,0.488164,5416,7219,0.500000000000
78486157,2.635975,2.145837,0.490138,2.150192,0.485783,5416,7219,0.500000000000
78822322,2.634340,2.145329,0.489010,2.150203,0.484136,5416,7219,0.500000000000
78966427,2.638268,2.145563,0.492705,2.150208,0.488060,5416,7219,0.500000000000
79334581,2.639112,2.145587,0.493525,2.150220,0.488892,5416,7219,0.500000000000
79340026,2.638984,2.145407,0.493578,2.150220,0.488764,5416,7219,0.500000000000
79589386,2.634917,2.146147,0.488771,2.150228,0.484689,5416,7219,0.500000000000
79813457,2.637192,2.145696,0.491496,2.150235,0.486957,5416,7219,0.500000000000
79993982,2.637292,2.145793,0.491499,2.150241,0.487051,5416,7219,0.500000000000
80189056,2.636042,2.145932,0.490110,2.150247,0.485795,5416,7219,0.500000000000
80483692,2.637151,2.145492,0.491659,2.150257,0.486894,5416,7219,0.500000000000
80775787,2.638658,2.145956,0.492702,2.150266,0.488392,5416,7219,0.500000000000
81090704,2.637190,2.146202,0.490989,2.150276,0.486914,5416,7219,0.500000000000
81205606,2.638884,2.146059,0.492825,2.150280,0.488604,5416,7219,0.500000000000
81457762,2.636467,2.146357,0.490110,2.150288,0.486179,5416,7219,0.500000000000
81734194,2.639346,2.146142,0.493205,2.150296,0.489050,5416,7219,0.500000000000
81745228,2.639338,2.145936,0.493402,2.150297,0.489041,5416,7219,0.500000000000
81948434,2.636703,2.145659,0.491044,2.150303,0.486400,5416,7219,0.500000000000
82299649,2.636581,2.145999,0.490582,2.150314,0.486266,5416,7219,0.500000000000
82476448,2.635786,2.145925,0.489861,2.150320,0.485467,5416,7219,0.500000000000
82772831,2.636570,2.146341,0.490229,2.150329,0.486241,5416,7219,0.500000000000
82974277,2.638083,2.146249,0.491834,2.150335,0.487748,5416,7219,0.500000000000
83270389,2.638021,2.146319,0.491703,2.150344,0.487677,5416,7219,0.500000000000
83573866,2.635813,2.146278,0.489536,2.150354,0.485460,5416,7219,0.500000000000
83908249,2.637948,2.146365,0.491583,2.150364,0.487584,5416,7219,0.500000000000
84107501,2.638511,2.146689,0.491823,2.150370,0.488142,5416,7219,0.500000000000
84251312,2.638312,2.146666,0.491646,2.150374,0.487937,5416,7219,0.500000000000
84692869,2.638572,2.146431,0.492141,2.150388,0.488184,5416,7219,0.500000000000
84806881,2.637017,2.146091,0.490926,2.150391,0.486625,5416,7219,0.500000000000
85253866,2.638908,2.146291,0.492618,2.150405,0.488504,5416,7219,0.500000000000
85368512,2.638315,2.146184,0.492131,2.150408,0.487907,5416,7219,0.500000000000
85668334,2.637413,2.146207,0.491206,2.150417,0.486996,5416,7219,0.500000000000
85894337,2.638894,2.146594,0.492300,2.150424,0.488471,5416,7219,0.500000000000
86057368,2.638057,2.146662,0.491395,2.150429,0.487629,5416,7219,0.500000000000
86277679,2.638048,2.146380,0.491669,2.150435,0.487613,5416,7219,0.500000000000
86606642,2.639383,2.146666,0.492717,2.150445,0.488938,5416,7219,0.500000000000
86635817,2.639347,2.146556,0.492790,2.150446,0.488901,5416,7219,0.500000000000
86986723,2.638438,2.146626,0.491811,2.150456,0.487982,5416,7219,0.500000000000
87237119,2.638759,2.146696,0.492063,2.150463,0.488295,5416,7219,0.500000000000
87336859,2.639474,2.146317,0.493157,2.150466,0.489008,5416,7219,0.500000000000
87739513,2.640518,2.146605,0.493912,2.150478,0.490040,5416,7219,0.500000000000
87885779,2.639603,2.146767,0.492836,2.150482,0.489121,5416,7219,0.500000000000
87907256,2.639516,2.146637,0.492879,2.150483,0.489033,5416,7219,0.500000000000
88317857,2.637953,2.146298,0.491655,2.150495,0.487458,5416,7219,0.500000000000
88332746,2.639604,2.146337,0.493266,2.150495,0.489108,5416,7219,0.500000000000
88779079,2.639884,2.146235,0.493649,2.150508,0.489376,5416,7219,0.500000000000
88877512,2.639661,2.146495,0.493166,2.150511,0.489150,5416,7219,0.500000000000
89108666,2.637577,2.145822,0.491755,2.150517,0.487060,5416,7219,0.500000000000
89533657,2.638480,2.146340,0.492139,2.150530,0.487950,5416,7219,0.500000000000
89819974,2.638140,2.146038,0.492102,2.150538,0.487603,5416,7219,0.500000000000
90020452,2.637408,2.146150,0.491258,2.150543,0.486864,5416,7219,0.500000000000
90240302,2.637067,2.145900,0.491167,2.150550,0.486518,5416,7219,0.500000000000
90408334,2.637155,2.146336,0.490820,2.150554,0.486601,5416,7219,0.500000000000
90811001,2.636897,2.146742,0.490155,2.150566,0.486331,5416,7219,0.500000000000
90875329,2.638249,2.146908,0.491342,2.150567,0.487682,5416,7219,0.500000000000
91148602,2.639899,2.146384,0.493514,2.150575,0.489324,5416,7219,0.500000000000
91216616,2.640016,2.146559,0.493457,2.150577,0.489439,5416,7219,0.500000000000
91405261,2.638676,2.146451,0.492225,2.150582,0.488094,5416,7219,0.500000000000
91757573,2.638221,2.146803,0.491418,2.150592,0.487629,5416,7219,0.500000000000
92067589,2.638822,2.147186,0.491637,2.150600,0.488222,5416,7219,0.500000000000
92385088,2.637805,2.147768,0.490037,2.150609,0.487196,5416,7219,0.500000000000
92519813,2.637801,2.147521,0.490280,2.150613,0.487188,5416,7219,0.500000000000
92901394,2.637219,2.147046,0.490173,2.150623,0.486595,5416,7219,0.500000000000
92977351,2.636052,2.147055,0.488997,2.150625,0.485427,5416,7219,0.500000000000
93168766,2.638208,2.146728,0.491480,2.150631,0.487578,5416,7219,0.500000000000
93595127,2.639289,2.146848,0.492441,2.150642,0.488647,5416,7219,0.500000000000
93719959,2.639809,2.146716,0.493093,2.150646,0.489164,5416,7219,0.500000000000
94104617,2.639076,2.146869,0.492206,2.150656,0.488420,5416,7219,0.500000000000
94231087,2.638209,2.147003,0.491206,2.150659,0.487550,5416,7219,0.500000000000
94591381,2.639222,2.146912,0.492310,2.150669,0.488553,5416,7219,0.500000000000
94942972,2.637647,2.146578,0.491069,2.150678,0.486969,5416,7219,0.500000000000
95018488,2.639047,2.146764,0.492283,2.150680,0.488366,5416,7219,0.500000000000
95327212,2.640352,2.146762,0.493590,2.150689,0.489664,5416,7219,0.500000000000
95638024,2.638354,2.146545,0.491808,2.150697,0.487657,5416,7219,0.500000000000
95862097,2.640045,2.146295,0.493750,2.150703,0.489342,5416,7219,0.500000000000
96228532,2.639652,2.146390,0.493262,2.150712,0.488939,5416,7219,0.500000000000
96281998,2.635636,2.146301,0.489335,2.150714,0.484922,5416,7219,0.500000000000
96590467,2.639794,2.146829,0.492965,2.150722,0.489073,5416,7219,0.500000000000
96761953,2.639482,2.146272,0.493210,2.150726,0.488756,5416,7219,0.500000000000
97088941,2.637926,2.146445,0.491481,2.150735,0.487191,5416,7219,0.500000000000
97285939,2.639383,2.146127,0.493256,2.150740,0.488643,5416,7219,0.500000000000
97680082,2.638759,2.146281,0.492478,2.150750,0.488009,5416,7219,0.500000000000
97795063,2.639579,2.145984,0.493596,2.150753,0.488826,5416,7219,0.500000000000
98047841,2.640364,2.146015,0.494350,2.150760,0.489605,5416,7219,0.500000000000
98359288,2.640322,2.146361,0.493961,2.150768,0.489554,5416,7219,0.500000000000
98775877,2.639451,2.145992,0.493459,2.150778,0.488673,5416,7219,0.500000000000
98843674,2.640498,2.145936,0.494562,2.150780,0.489718,5416,7219,0.500000000000
98964694,2.640592,2.146221,0.494371,2.150783,0.489809,5416,7219,0.500000000000
99073283,2.639764,2.146261,0.493503,2.150786,0.488978,5416,7219,0.500000000000
99111769,2.639822,2.146352,0.493470,2.150787,0.489035,5416,7219,0.500000000000
99515047,2.639813,2.146340,0.493473,2.150797,0.489016,5416,7219,0.500000000000
99768322,2.637211,2.146757,0.490454,2.150803,0.486408,5416,7219,0.500000000000
99946831,2.638389,2.146823,0.491566,2.150808,0.487581,5416,7219,0.500000000000
100111906,2.638212,2.146857,0.491355,2.150812,0.487400,5416,7219,0.500000000000
100388272,2.639528,2.146720,0.492808,2.150819,0.488709,5416,7219,0.500000000000
100693913,2.639089,2.146904,0.492185,2.150827,0.488262,5416,7219,0.500000000000
101034746,2.641022,2.147089,0.493933,2.150835,0.490187,5416,7219,0.500000000000
101260834,2.638852,2.147222,0.491630,2.150841,0.488011,5416,7219,0.500000000000
101352367,2.639342,2.147045,0.492297,2.150843,0.488499,5416,7219,0.500000000000
101621434,2.637634,2.147062,0.490571,2.150850,0.486784,5416,7219,0.500000000000
101991091,2.639018,2.147096,0.491922,2.150859,0.488159,5416,7219,0.500000000000
102196747,2.638929,2.146832,0.492097,2.150864,0.488065,5416,7219,0.500000000000
102382802,2.637417,2.146870,0.490547,2.150868,0.486549,5416,7219,0.500000000000
102817096,2.639161,2.146912,0.492249,2.150879,0.488282,5416,7219,0.500000000000
103122529,2.639256,2.146661,0.492594,2.150886,0.488369,5416,7219,0.500000000000
103320814,2.640236,2.146685,0.493551,2.150891,0.489345,5416,7219,0.500000000000
103389514,2.639476,2.146668,0.492808,2.150893,0.488583,5416,7219,0.500000000000
103821217,2.637721,2.146488,0.491234,2.150903,0.486818,5416,7219,0.500000000000
103945861,2.637746,2.146556,0.491190,2.150906,0.486840,5416,7219,0.500000000000
104239084,2.640232,2.146524,0.493709,2.150913,0.489319,5416,7219,0.500000000000
104612386,2.639666,2.146592,0.493074,2.150922,0.488743,5416,7219,0.500000000000
104680729,2.639588,2.146572,0.493016,2.150924,0.488664,5416,7219,0.500000000000
104983624,2.639516,2.146521,0.492995,2.150931,0.488585,5416,7219,0.500000000000
105392479,2.636846,2.146454,0.490392,2.150941,0.485905,5416,7219,0.500000000000
105477209,2.638788,2.146261,0.492527,2.150943,0.487845,5416,7219,0.500000000000
105589153,2.638582,2.145919,0.492663,2.150946,0.487636,5416,7219,0.500000000000
105751579,2.641308,2.146106,0.495202,2.150949,0.490358,5416,7219,0.500000000000
106101026,2.638222,2.146153,0.492070,2.150958,0.487265,5416,7219,0.500000000000
106267321,2.639040,2.145929,0.493111,2.150962,0.488079,5416,7219,0.500000000000
106519801,2.639658,2.146103,0.493555,2.150967,0.488690,5416,7219,0.500000000000
106738804,2.639706,2.145655,0.494052,2.150973,0.488734,5416,7219,0.500000000000
107167198,2.640604,2.145623,0.494982,2.150983,0.489622,5416,7219,0.500000000000
107225416,2.639657,2.145749,0.493908,2.150984,0.488673,5416,7219,0.500000000000
107655619,2.638636,2.145757,0.492879,2.150994,0.487642,5416,7219,0.500000000000
107972233,2.639745,2.146101,0.493644,2.151001,0.488743,5416,7219,0.500000000000
108107212,2.638805,2.146184,0.492621,2.151004,0.487801,5416,7219,0.500000000000
108237937,2.639201,2.146090,0.493111,2.151007,0.488193,5416,7219,0.500000000000
108679906,2.639922,2.146530,0.493392,2.151018,0.488904,5416,7219,0.500000000000
108743017,2.638278,2.146459,0.491819,2.151019,0.487259,5416,7219,0.500000000000
109080151,2.639030,2.146430,0.492601,2.151027,0.488003,5416,7219,0.500000000000
109485668,2.640213,2.146134,0.494079,2.151036,0.489177,5416,7219,0.500000000000
109695448,2.639208,2.146243,0.492965,2.151041,0.488167,5416,7219,0.500000000000
109966684,2.640010,2.146276,0.493734,2.151047,0.488963,5416,7219,0.500000000000
110067109,2.640378,2.146283,0.494095,2.151049,0.489329,5416,7219,0.500000000000
110442529,2.636421,2.146496,0.489924,2.151058,0.485363,5416,7219,0.500000000000
110725558,2.639394,2.146885,0.492509,2.151064,0.488330,5416,7219,0.500000000000
110996521,2.639285,2.146545,0.492741,2.151070,0.488215,5416,7219,0.500000000000
111052807,2.640713,2.146662,0.494051,2.151071,0.489641,5416,7219,0.500000000000
111443336,2.639024,2.146644,0.492380,2.151080,0.487944,5416,7219,0.500000000000
