START,n_0,C_min,Npred_0,CpredAlign,Lambda_min,Jitter,JitterRatio,Status
5,5,2.590290,5,1.114773,8.431190e-01,3.663224,4.027919e-01,EXPECTED
6,6,3.210402,6,0.873613,1.301514e+00,4.540194,5.146892e-01,EXPECTED
8,8,2.162039,8,0.445228,1.580221e+00,3.724143,4.609949e-01,EXPECTED
9,9,4.827796,9,2.324833,7.307418e-01,4.158239,6.019286e-01,EXPECTED
10,10,2.120759,10,0.634184,1.207190e+00,4.430333,3.355448e-01,EXPECTED
12,12,4.116507,12,2.007550,7.180899e-01,4.006582,5.263731e-01,EXPECTED
13,13,2.192988,13,0.763571,1.055014e+00,4.269037,3.348336e-01,EXPECTED
14,14,1.989892,14,0.324487,1.813590e+00,4.142552,4.020239e-01,EXPECTED
(7#),223,1.053604,223,0.001027,6.933330e+00,2.880515,3.654128e-01,EXPECTED
(5#)8,241,1.504150,251,0.153961,2.279284e+00,2.608840,5.175438e-01,EXPECTED
(5#)17/2,262,2.366905,256,0.122748,2.959205e+00,2.564762,8.749962e-01,EXPECTED
(5#)9,283,1.808288,283,0.211780,2.144588e+00,2.511701,6.356282e-01,EXPECTED
(5#)19/2,292,2.207228,293,0.406384,1.692194e+00,2.475251,7.275400e-01,EXPECTED
(5#)10,313,1.693274,313,0.299359,1.732776e+00,2.429812,5.736720e-01,EXPECTED
(7#)3/2,316,2.096745,317,0.314076,1.898506e+00,2.563808,6.953208e-01,EXPECTED
(5#)11,337,1.613017,337,0.370193,1.471837e+00,2.359837,5.266567e-01,EXPECTED
(5#)23/2,349,1.970222,359,0.340106,1.756644e+00,2.332769,6.987902e-01,EXPECTED
(5#)12,362,1.917761,373,0.404197,1.557011e+00,2.308019,6.557849e-01,EXPECTED
(5#)25/2,379,1.492247,379,0.421429,1.264387e+00,2.275859,4.705116e-01,EXPECTED
(5#)13,391,1.826947,401,0.465702,1.366856e+00,2.246644,6.059015e-01,EXPECTED
(5#)27/2,412,2.111809,419,0.891480,8.624172e-01,2.226052,5.482033e-01,EXPECTED
(7#)2,433,1.364958,433,0.505618,9.930975e-01,2.375785,3.617078e-01,EXPECTED
(5#)29/2,439,2.366648,439,0.516258,1.522623e+00,2.182142,8.479696e-01,EXPECTED
(5#)15,463,1.956971,463,0.528698,1.308736e+00,2.159287,6.614558e-01,EXPECTED
(5#)31/2,466,1.944258,479,0.579721,1.210089e+00,2.143191,6.366847e-01,EXPECTED
(5#)16,481,1.907067,491,0.594921,1.164893e+00,2.123378,6.179521e-01,EXPECTED
(5#)33/2,496,1.863948,499,1.156139,4.776108e-01,2.108454,3.357005e-01,EXPECTED
(5#)17,524,2.394277,512,0.624953,1.343160e+00,2.090167,8.464989e-01,EXPECTED
(7#)5/2,526,2.089567,538,0.653512,1.162351e+00,2.076108,6.917053e-01,EXPECTED
(5#)18,548,2.031998,541,0.660779,1.123355e+00,2.060868,6.653599e-01,EXPECTED
(5#)37/2,569,1.983900,557,0.646329,1.121511e+00,2.049345,6.526822e-01,EXPECTED
(5#)19,577,2.245675,577,0.661663,1.222005e+00,2.034463,7.785897e-01,EXPECTED
(5#)39/2,599,2.188595,599,0.924340,8.619351e-01,2.024086,6.246054e-01,EXPECTED
(5#)20,601,1.910627,601,0.992241,6.552207e-01,2.010595,4.567732e-01,EXPECTED
(5#)41/2,617,1.876316,619,0.830944,8.145032e-01,2.001252,5.223590e-01,EXPECTED
(7#)3,631,2.111378,643,0.733417,1.057382e+00,1.991297,6.919917e-01,EXPECTED
(5#)43/2,649,2.329513,659,0.894484,9.571675e-01,1.980483,7.245854e-01,EXPECTED
(5#)22,661,1.788981,661,0.782687,8.266686e-01,1.969307,5.109889e-01,EXPECTED
(5#)45/2,677,2.010889,677,0.983366,7.153508e-01,1.962256,5.236437e-01,EXPECTED
(5#)23,697,2.216917,701,0.964544,8.322173e-01,1.961464,6.384889e-01,EXPECTED
(5#)47/2,706,1.706515,719,0.837726,7.115175e-01,1.944446,4.468054e-01,EXPECTED
(5#)24,734,2.135493,733,1.010875,7.478812e-01,1.935113,5.811640e-01,EXPECTED
(7#)7/2,743,2.355865,739,0.966411,8.910740e-01,2.133209,6.513445e-01,EXPECTED
(5#)25,751,2.338294,761,0.798453,1.074501e+00,1.920230,8.019045e-01,EXPECTED
(5#)51/2,766,2.072834,773,0.784556,9.715541e-01,1.914472,6.729156e-01,EXPECTED
(5#)26,788,1.806384,787,0.776549,8.442226e-01,1.906633,5.401328e-01,EXPECTED
(5#)53/2,802,1.784236,797,0.930229,6.513148e-01,1.901396,4.491474e-01,EXPECTED
(5#)27,821,1.976976,823,0.796043,9.096705e-01,1.894202,6.234462e-01,EXPECTED
(5#)55/2,839,2.379710,839,1.072826,7.966823e-01,1.889440,6.916780e-01,EXPECTED
(7#)4,841,2.159749,853,0.801991,9.906499e-01,1.884215,7.205961e-01,EXPECTED
(5#)57/2,859,1.914982,859,0.961537,6.889305e-01,1.889245,5.046699e-01,EXPECTED
(5#)29,883,2.295458,883,0.811399,1.039928e+00,1.873150,7.922798e-01,EXPECTED
(5#)59/2,886,2.287381,887,0.823368,1.021760e+00,1.868503,7.835219e-01,EXPECTED
(5#)30,904,2.050129,911,0.831295,9.026733e-01,1.862926,6.542579e-01,EXPECTED
(5#)61/2,919,1.825774,919,0.893409,7.147148e-01,1.859357,5.014449e-01,EXPECTED
(5#)31,943,1.991920,941,0.831648,8.734450e-01,1.854233,6.257423e-01,EXPECTED
(7#)9/2,958,2.164457,953,0.931638,8.429805e-01,1.850438,6.662309e-01,EXPECTED
(5#)32,967,1.761041,971,0.963707,6.028731e-01,1.846293,4.318567e-01,EXPECTED
(5#)65/2,982,1.933461,977,0.886103,7.802337e-01,1.843370,5.681757e-01,EXPECTED
(5#)33,997,2.106150,997,0.842782,9.159086e-01,1.839049,6.869681e-01,EXPECTED
(5#)67/2,1009,1.898450,1019,1.140895,5.092247e-01,1.836413,4.125189e-01,EXPECTED
(5#)34,1024,2.252124,1024,0.853691,9.700597e-01,1.843887,7.584158e-01,EXPECTED
(5#)69/2,1048,2.030676,1039,0.944136,7.658538e-01,1.830079,5.937121e-01,EXPECTED
(7#)5,1063,2.195023,1063,0.868913,9.267048e-01,1.827324,7.257115e-01,EXPECTED
(5#)71/2,1072,2.361462,1069,1.160701,7.102568e-01,1.825061,6.579292e-01,EXPECTED
(5#)36,1094,2.506504,1093,0.895408,1.029365e+00,1.821003,8.847300e-01,EXPECTED
(5#)73/2,1109,1.952088,1097,0.883886,7.923268e-01,1.819110,5.872113e-01,EXPECTED
(5#)37,1123,2.110511,1123,0.879879,8.749010e-01,1.816078,6.776317e-01,EXPECTED
(5#)75/2,1126,2.104611,1129,0.952705,7.925806e-01,1.814433,6.348573e-01,EXPECTED
(5#)38,1147,2.252003,1153,0.870875,9.500769e-01,1.811637,7.623646e-01,EXPECTED
(11#)/2,1244,2.122683,1259,0.888189,8.712516e-01,1.799985,6.858357e-01,EXPECTED
(7#)6,1319,1.723241,1361,0.889702,6.610755e-01,1.804692,4.618733e-01,EXPECTED
(7#)13/2,1402,1.647631,1459,0.896015,6.091366e-01,1.789072,4.201150e-01,EXPECTED
(7#)7,1489,1.865276,1571,0.896381,7.327988e-01,1.786976,5.421981e-01,EXPECTED
(7#)15/2,1676,2.104753,1669,0.906925,8.418936e-01,1.788933,6.695768e-01,EXPECTED
(7#)8,1774,2.019039,1783,0.913802,7.927630e-01,1.792594,6.165573e-01,EXPECTED
(7#)17/2,1849,2.204669,1889,0.887891,9.094837e-01,1.798631,7.321001e-01,EXPECTED
(7#)9,1966,1.989272,1993,0.882130,8.131846e-01,1.805978,6.130429e-01,EXPECTED
(7#)19/2,2029,1.715762,2048,0.872370,6.763989e-01,1.815142,4.646424e-01,EXPECTED
(7#)10,2104,2.003507,2203,0.865237,8.396510e-01,1.825373,6.235821e-01,EXPECTED
(7#)21/2,2287,1.989104,2309,0.846146,8.547476e-01,1.837023,6.221795e-01,EXPECTED
(11#),2347,2.156625,2411,0.836850,9.466549e-01,1.849632,7.135338e-01,EXPECTED
(7#)23/2,2447,2.190317,2503,0.827222,9.737285e-01,1.840188,7.407368e-01,EXPECTED
(7#)12,2623,2.363446,2621,0.884012,9.834054e-01,1.775215,8.333830e-01,EXPECTED
(7#)25/2,2633,2.168203,2729,0.910591,8.675602e-01,1.732243,7.260021e-01,EXPECTED
(7#)13,2809,2.065835,2833,0.960422,7.659170e-01,1.691968,6.533297e-01,EXPECTED
(7#)27/2,2909,2.274897,2939,1.000851,8.210841e-01,1.652993,7.707510e-01,EXPECTED
(7#)14,2974,2.064698,3041,1.038211,6.874849e-01,1.616363,6.350597e-01,EXPECTED
(7#)29/2,3076,1.845344,3137,1.074175,5.411128e-01,1.582700,4.872490e-01,EXPECTED
(7#)15,3221,2.107297,3253,1.110062,6.409902e-01,1.550012,6.433724e-01,EXPECTED
(7#)31/2,3334,2.210551,3359,1.144699,6.581001e-01,1.519859,7.012835e-01,EXPECTED
(7#)16,3386,2.340982,3463,1.183671,6.819499e-01,1.490480,7.764687e-01,EXPECTED
(11#)3/2,3559,2.029695,3559,1.201444,5.243614e-01,1.757796,4.711872e-01,EXPECTED
(7#)17,3571,2.249487,3673,1.217226,6.141277e-01,1.725822,5.981272e-01,EXPECTED
(7#)35/2,3769,1.943543,3779,1.263405,4.307021e-01,1.697720,4.006185e-01,EXPECTED
(7#)18,3799,2.075010,3881,1.280484,4.827278e-01,1.667074,4.765991e-01,EXPECTED
(7#)37/2,3964,2.216472,3989,1.301004,5.327805e-01,1.640021,5.582050e-01,EXPECTED
(7#)19,4051,2.044491,4093,1.311835,4.437219e-01,1.613451,4.540925e-01,EXPECTED
(7#)39/2,4153,2.340594,4096,1.341344,5.567326e-01,1.588671,6.289849e-01,EXPECTED
(7#)20,4282,2.220909,4297,1.361824,4.890916e-01,1.564279,5.491891e-01,EXPECTED
(7#)41/2,4393,2.306710,4409,1.410118,4.921489e-01,1.542695,5.811855e-01,EXPECTED
(7#)21,4486,2.143577,4513,1.396543,4.284760e-01,1.520741,4.912303e-01,EXPECTED
(7#)43/2,4603,2.102361,4603,1.411593,3.983421e-01,1.514955,4.559660e-01,EXPECTED
(11#)2,4651,2.085780,4723,1.429308,3.779525e-01,1.495167,4.390627e-01,EXPECTED
(7#)45/2,4801,1.856187,4817,1.459950,2.401222e-01,1.473404,2.689262e-01,EXPECTED
(7#)23,4909,2.178086,4933,1.463933,3.973199e-01,1.601006,4.460652e-01,EXPECTED
(7#)47/2,4987,2.151973,5039,1.481669,3.732159e-01,1.578307,4.246981e-01,EXPECTED
(7#)24,5086,2.176695,5119,1.497108,3.742724e-01,1.561355,4.352546e-01,EXPECTED
(7#)49/2,5242,2.126897,5237,1.509018,3.432050e-01,1.538876,4.015132e-01,EXPECTED
(7#)25,5308,2.217466,5351,1.534216,3.683456e-01,1.521337,4.491115e-01,EXPECTED
(7#)51/2,5416,1.965120,5449,1.542851,2.419213e-01,1.502676,2.810113e-01,EXPECTED
(7#)26,5557,2.301782,5563,1.555720,3.917451e-01,1.485226,5.023222e-01,EXPECTED
(7#)53/2,5596,2.182571,5669,1.567497,3.310235e-01,1.469331,4.186082e-01,EXPECTED
(7#)27,5728,2.248387,5749,1.579011,3.534144e-01,1.452388,4.608796e-01,EXPECTED
(11#)5/2,5857,2.159168,5879,1.596508,3.019042e-01,1.436921,3.915734e-01,EXPECTED
(7#)28,5906,2.349289,5981,1.617918,3.729726e-01,1.422427,5.141712e-01,EXPECTED
(7#)57/2,6038,2.309643,6089,1.610026,3.608426e-01,1.406953,4.972568e-01,EXPECTED
(7#)29,6131,2.233345,6173,1.625857,3.174654e-01,1.392432,4.362784e-01,EXPECTED
(7#)59/2,6218,2.356115,6299,1.630286,3.682586e-01,1.378691,5.264624e-01,EXPECTED
(7#)30,6353,2.124621,6397,1.642539,2.573502e-01,1.367064,3.526404e-01,EXPECTED
(7#)61/2,6421,2.298798,6469,1.655232,3.284452e-01,1.363250,4.720822e-01,EXPECTED
(7#)31,6568,2.399779,6607,1.668935,3.631910e-01,1.350753,5.410641e-01,EXPECTED
(7#)63/2,6719,2.265862,6719,1.673071,3.032944e-01,1.336180,4.436461e-01,EXPECTED
(7#)32,6791,2.430712,6823,1.702832,3.558915e-01,1.324796,5.494280e-01,EXPECTED
(7#)65/2,6863,2.365471,6917,1.691869,3.351433e-01,1.312863,5.130787e-01,EXPECTED
(11#)3,7024,2.323062,7027,1.700169,3.121585e-01,1.300928,4.788067e-01,EXPECTED
(7#)67/2,7108,2.390305,7129,1.742832,3.159096e-01,1.289598,5.020735e-01,EXPECTED
(7#)34,7219,2.055910,7243,1.718126,1.794844e-01,1.278930,2.641145e-01,EXPECTED
(7#)69/2,7246,2.136908,7349,1.732739,2.096565e-01,1.267486,3.188745e-01,EXPECTED
(7#)35,7351,2.199762,7451,1.768798,2.180490e-01,1.257335,3.427599e-01,EXPECTED
(7#)71/2,7522,2.372402,7559,1.742943,3.083279e-01,1.246438,5.050063e-01,EXPECTED
(7#)36,7561,2.321013,7649,1.747163,2.840104e-01,1.236156,4.642213e-01,EXPECTED
(7#)73/2,7727,2.199214,7759,1.755798,2.251766e-01,1.224850,3.620166e-01,EXPECTED
(7#)37,7846,2.336977,7873,1.770506,2.775928e-01,1.215327,4.661058e-01,EXPECTED
(7#)75/2,7951,2.232082,7963,1.768965,2.325402e-01,1.206339,3.839029e-01,EXPECTED
(7#)38,8062,2.328303,8081,1.778847,2.691743e-01,1.198415,4.584856e-01,EXPECTED
(11#)7/2,8116,2.236375,8179,1.787188,2.242128e-01,1.188934,3.778065e-01,EXPECTED
(7#)39,8224,2.292547,8192,1.791546,2.465845e-01,1.179140,4.248868e-01,EXPECTED
(7#)79/2,8311,2.234912,8389,1.799644,2.166130e-01,1.170618,3.718275e-01,EXPECTED
(7#)40,8429,2.249292,8501,1.808013,2.183870e-01,1.162054,3.797405e-01,EXPECTED
(7#)81/2,8599,2.329117,8609,1.807168,2.537282e-01,1.153393,4.525335e-01,EXPECTED
(7#)41,8614,2.287560,8713,1.812513,2.327715e-01,1.146935,4.141882e-01,EXPECTED
(7#)83/2,8777,2.179478,8819,1.817242,1.817654e-01,1.137853,3.183504e-01,EXPECTED
(7#)42,8839,2.279660,8923,1.831185,2.190630e-01,1.130711,3.966310e-01,EXPECTED
(7#)85/2,9014,2.281605,9029,1.834283,2.182255e-01,1.123180,3.982639e-01,EXPECTED
(7#)43,9091,2.412999,9133,1.894872,2.417191e-01,1.114644,4.648363e-01,EXPECTED
(7#)87/2,9173,2.323530,9239,1.847577,2.292125e-01,1.107677,4.296857e-01,EXPECTED
(11#)4,9283,2.301998,9343,1.856456,2.151081e-01,1.100407,4.048884e-01,EXPECTED
(7#)89/2,9349,2.396602,9439,1.851212,2.582113e-01,1.094127,4.984705e-01,EXPECTED
(7#)45,9511,2.294051,9551,1.863924,2.076353e-01,1.086467,3.958951e-01,EXPECTED
(7#)91/2,9649,2.163663,9649,1.864692,1.487067e-01,1.080423,2.767166e-01,EXPECTED
(7#)46,9748,2.284701,9749,1.869444,2.005941e-01,1.074077,3.866175e-01,EXPECTED
(7#)93/2,9817,2.375649,9829,1.873569,2.374255e-01,1.067449,4.703550e-01,EXPECTED
(7#)47,9941,2.284239,9973,1.877685,1.959933e-01,1.059901,3.835773e-01,EXPECTED
(7#)95/2,10078,2.360845,10079,1.880368,2.275521e-01,1.054506,4.556418e-01,EXPECTED
(7#)48,10174,2.343381,10181,1.898381,2.105933e-01,1.048609,4.243717e-01,EXPECTED
(7#)97/2,10273,2.292671,10289,1.903483,1.860321e-01,1.042237,3.734160e-01,EXPECTED
(7#)49,10369,2.243034,10391,1.895843,1.681658e-01,1.035420,3.353142e-01,EXPECTED
(11#)9/2,10462,2.194423,10499,1.952520,1.167983e-01,1.030395,2.347672e-01,EXPECTED
(7#)50,10501,2.449522,10601,1.907631,2.500307e-01,1.024552,5.289053e-01,EXPECTED
(7#)101/2,10687,2.319381,10709,1.968412,1.640732e-01,1.019150,3.443742e-01,EXPECTED
(7#)51,10786,2.430362,10799,1.933548,2.286836e-01,1.013646,4.901257e-01,EXPECTED
(7#)103/2,10883,2.318296,10909,1.916194,1.904915e-01,1.008088,3.988759e-01,EXPECTED
(7#)52,11023,2.452351,11003,1.921459,2.439624e-01,1.002440,5.295998e-01,EXPECTED
(7#)105/2,11054,2.258518,11087,1.940568,1.517281e-01,0.997208,3.188402e-01,EXPECTED
(7#)53,11197,2.391314,11213,1.927033,2.158615e-01,0.991924,4.680611e-01,EXPECTED
(7#)107/2,11272,2.131467,11329,1.944323,9.189663e-02,0.986375,1.897291e-01,EXPECTED
(7#)54,11353,2.334737,11443,1.971081,1.693171e-01,0.982048,3.703037e-01,EXPECTED
(7#)109/2,11461,2.347919,11549,1.938201,1.917692e-01,0.976370,4.196340e-01,EXPECTED
(11#)5,11593,2.296655,11633,1.944870,1.662586e-01,0.972178,3.618525e-01,EXPECTED
(7#)111/2,11749,2.392249,11743,1.944046,2.074626e-01,0.967130,4.634361e-01,EXPECTED
(7#)56,11839,2.348206,11863,1.966681,1.773043e-01,0.961716,3.967128e-01,EXPECTED
(7#)113/2,11932,2.392674,11969,1.953241,2.029215e-01,0.957877,4.587572e-01,EXPECTED
(7#)57,11971,2.386736,12073,1.956063,1.989930e-01,0.952467,4.521658e-01,EXPECTED
(7#)115/2,12101,2.395745,12163,1.959733,2.008860e-01,0.948588,4.596432e-01,EXPECTED
(7#)58,12281,2.223656,12281,1.971291,1.204640e-01,0.944336,2.672407e-01,EXPECTED
(7#)117/2,12326,2.217079,12347,1.969737,1.182905e-01,0.939728,2.632059e-01,EXPECTED
(7#)59,12422,2.346659,12491,1.969810,1.750555e-01,0.701823,5.369573e-01,EXPECTED
(7#)119/2,12574,2.295932,12589,1.973019,1.515740e-01,0.698587,4.622373e-01,EXPECTED
(7#)60,12671,2.225896,12703,1.977259,1.184480e-01,0.695457,3.575160e-01,EXPECTED
(11#)11/2,12757,2.354186,12809,1.978060,1.740785e-01,0.692301,5.432984e-01,EXPECTED
(7#)61,12878,2.336543,12911,1.981848,1.646427e-01,0.688981,5.148110e-01,EXPECTED
(7#)123/2,12982,2.377047,13009,2.008740,1.683513e-01,0.686215,5.367225e-01,EXPECTED
(7#)62,13049,2.340065,13121,2.014931,1.495938e-01,0.682920,4.760938e-01,EXPECTED
(7#)125/2,13142,2.381559,13229,1.992845,1.781920e-01,0.680286,5.713979e-01,EXPECTED
(7#)63,13241,2.313245,13331,1.994954,1.480303e-01,0.677136,4.700548e-01,EXPECTED
(7#)127/2,13339,2.408045,13421,1.996310,1.875147e-01,0.674520,6.104118e-01,EXPECTED
(7#)64,13451,2.365320,13537,2.002240,1.666468e-01,0.671722,5.405212e-01,EXPECTED
(7#)129/2,13646,2.418129,13649,2.002656,1.885198e-01,0.668750,6.212680e-01,EXPECTED
(7#)65,13729,2.380300,13751,2.007217,1.704773e-01,0.666071,5.601250e-01,EXPECTED
(7#)131/2,13807,2.343338,13859,2.012785,1.520571e-01,0.663446,4.982365e-01,EXPECTED
(11#)6,13943,2.508139,13963,2.011269,2.207752e-01,0.660490,7.522748e-01,EXPECTED
(7#)133/2,14051,2.389016,14029,2.012570,1.714691e-01,0.658126,5.719969e-01,EXPECTED
(7#)67,14096,2.408715,14173,2.013883,1.790287e-01,0.655542,6.022986e-01,EXPECTED
(7#)135/2,14243,2.286441,14251,2.018852,1.244674e-01,0.652943,4.098198e-01,EXPECTED
(7#)68,14332,2.428418,14369,2.021513,1.833938e-01,0.650425,6.255986e-01,EXPECTED
(7#)137/2,14411,2.316236,14489,2.040277,1.268579e-01,0.647891,4.259343e-01,EXPECTED
(7#)69,14528,2.225437,14593,2.040833,8.659524e-02,0.645333,2.860601e-01,EXPECTED
(7#)139/2,14699,2.430591,14699,2.035425,1.774298e-01,0.642540,6.150061e-01,EXPECTED
(7#)70,14779,2.470069,14797,2.030823,1.958050e-01,0.640517,6.857679e-01,EXPECTED
(7#)141/2,14831,2.313924,14869,2.035998,1.279587e-01,0.638027,4.356023e-01,EXPECTED
(7#)71,14951,2.398094,15013,2.036740,1.633238e-01,0.635729,5.684089e-01,EXPECTED
(13#)/2,15784,2.297078,16141,2.039452,1.189567e-01,0.633476,4.066863e-01,EXPECTED
(11#)7,17218,2.342733,17321,2.068409,1.245385e-01,0.609540,4.500509e-01,EXPECTED
(11#)15/2,18322,2.313856,18461,2.081186,1.059775e-01,0.588536,3.953369e-01,EXPECTED
(11#)8,18637,2.262025,19609,2.100211,7.422261e-02,0.569806,2.839809e-01,EXPECTED
(11#)17/2,20509,2.288028,20789,2.116911,7.773236e-02,0.552990,3.094396e-01,EXPECTED
(11#)9,20816,2.279925,21943,2.132395,6.689679e-02,0.537763,2.743402e-01,EXPECTED
(11#)19/2,22354,2.333078,23099,2.146943,8.314346e-02,0.524130,3.551314e-01,EXPECTED
(11#)10,23201,2.282149,24251,2.158285,5.580362e-02,0.511623,2.421001e-01,EXPECTED
(11#)21/2,24256,2.336632,25409,2.168161,7.483123e-02,0.499981,3.369548e-01,EXPECTED
(11#)11,25496,2.309603,26561,2.179665,5.790445e-02,0.489721,2.653307e-01,EXPECTED
(11#)23/2,27182,2.331847,27701,2.187231,6.402430e-02,0.479992,3.012884e-01,EXPECTED
(11#)12,27904,2.328254,28871,2.195929,5.851344e-02,0.471016,2.809353e-01,EXPECTED
(11#)25/2,29738,2.340355,30029,2.206475,5.890641e-02,0.462793,2.892870e-01,EXPECTED
(13#),30332,2.331433,31183,2.212780,5.223346e-02,0.455075,2.607328e-01,EXPECTED
(11#)27/2,31294,2.341935,32327,2.219947,5.349419e-02,0.447901,2.723548e-01,EXPECTED
(11#)14,32972,2.389670,32768,2.226303,7.081292e-02,0.441206,3.702737e-01,EXPECTED
(11#)29/2,34274,2.354215,34649,2.233029,5.284838e-02,0.434886,2.786615e-01,EXPECTED
(11#)15,35792,2.297694,35803,2.237744,2.643780e-02,0.429029,1.397341e-01,EXPECTED
(11#)31/2,36436,2.373766,36947,2.244380,5.604841e-02,0.423476,3.055333e-01,EXPECTED
(11#)16,37201,2.393769,38113,2.249365,6.222116e-02,0.418225,3.452783e-01,EXPECTED
(11#)33/2,38188,2.401751,39251,2.254105,6.344506e-02,0.413350,3.571937e-01,EXPECTED
(11#)17,39992,2.425829,40423,2.258285,7.156765e-02,0.408637,4.100069e-01,EXPECTED
(11#)35/2,40597,2.307754,41579,2.263139,1.952197e-02,0.404332,1.103425e-01,EXPECTED
(11#)18,41851,2.392174,42727,2.266540,5.394814e-02,0.400142,3.139735e-01,EXPECTED
(11#)37/2,43531,2.348344,43889,2.270834,3.356323e-02,0.396245,1.956113e-01,EXPECTED
(11#)19,44533,2.418503,45013,2.273618,6.177636e-02,0.392514,3.691206e-01,EXPECTED
(13#)3/2,45259,2.407217,46199,2.277230,5.551152e-02,0.388947,3.342023e-01,EXPECTED
(11#)20,46369,2.380141,47353,2.280464,4.278080e-02,0.385545,2.585353e-01,EXPECTED
(11#)41/2,47834,2.378831,48497,2.283189,4.103604e-02,0.382368,2.501308e-01,EXPECTED
(11#)21,48931,2.430664,49663,2.287470,6.071807e-02,0.379300,3.775218e-01,EXPECTED
(11#)43/2,50461,2.416903,50789,2.289123,5.431819e-02,0.376415,3.394657e-01,EXPECTED
(11#)22,51826,2.346624,51973,2.292047,2.353239e-02,0.373639,1.460688e-01,EXPECTED
(11#)45/2,52876,2.469593,53129,2.294934,7.334927e-02,0.370983,4.708005e-01,EXPECTED
(11#)23,53624,2.388364,54277,2.298733,3.825051e-02,0.368417,2.432868e-01,EXPECTED
(11#)47/2,54421,2.447211,55439,2.300173,6.196467e-02,0.366026,4.017146e-01,EXPECTED
(11#)24,56176,2.444148,56591,2.302027,5.990656e-02,0.363711,3.907525e-01,EXPECTED
(11#)49/2,57172,2.426083,57737,2.303963,5.164734e-02,0.361492,3.378221e-01,EXPECTED
(11#)25,58789,2.355012,58901,2.306180,2.095335e-02,0.359370,1.358822e-01,EXPECTED
(11#)51/2,59074,2.411060,60041,2.308269,4.356859e-02,0.357334,2.876608e-01,EXPECTED
(13#)2,61058,2.418361,61211,2.310168,4.576979e-02,0.355359,3.044611e-01,EXPECTED
(11#)53/2,61444,2.421746,62351,2.311445,4.661590e-02,0.353505,3.120210e-01,EXPECTED
(11#)27,63421,2.436905,63521,2.313830,5.182463e-02,0.350010,3.516328e-01,EXPECTED
(11#)55/2,64198,2.443219,64679,2.315363,5.374995e-02,0.348353,3.670300e-01,EXPECTED
(11#)28,65336,2.468498,65536,2.317479,6.312991e-02,0.346771,4.355007e-01,EXPECTED
(11#)57/2,66602,2.429966,66977,2.318876,4.679468e-02,0.345259,3.217584e-01,EXPECTED
(11#)29,67904,2.413565,68141,2.319665,3.968213e-02,0.343783,2.731374e-01,EXPECTED
(11#)59/2,69239,2.447118,69263,2.320982,5.292063e-02,0.342416,3.683706e-01,EXPECTED
(11#)30,69911,2.449157,70451,2.322580,5.306525e-02,0.341024,3.711674e-01,EXPECTED
(11#)61/2,70544,2.431070,71597,2.323749,4.514966e-02,0.339734,3.158971e-01,EXPECTED
(11#)31,71633,2.358847,72763,2.325481,1.424604e-02,0.338471,9.857861e-02,EXPECTED
(11#)63/2,73016,2.438849,73907,2.327241,4.684276e-02,0.337280,3.309061e-01,EXPECTED
(11#)32,74716,2.474061,75041,2.327845,6.091798e-02,0.336144,4.349802e-01,EXPECTED
(13#)5/2,75968,2.467098,76213,2.329443,5.741338e-02,0.335014,4.108933e-01,EXPECTED
(11#)33,77144,2.383605,77383,2.329744,2.285566e-02,0.333930,1.612943e-01,EXPECTED
(11#)67/2,78427,2.494035,78539,2.331148,6.754103e-02,0.332899,4.892986e-01,EXPECTED
(11#)34,79312,2.406904,79693,2.332448,3.142291e-02,0.331909,2.243265e-01,EXPECTED
(11#)69/2,79784,2.452666,80849,2.332802,5.010548e-02,0.330955,3.621761e-01,EXPECTED
(11#)35,81749,2.460417,82003,2.333901,5.278973e-02,0.330039,3.833365e-01,EXPECTED
(11#)71/2,82252,2.460452,83137,2.334513,5.254177e-02,0.329172,3.825933e-01,EXPECTED
(11#)36,84046,2.459958,84313,2.335319,5.199578e-02,0.328307,3.796416e-01,EXPECTED
(11#)73/2,84562,2.471941,85469,2.335798,5.665008e-02,0.327490,4.157165e-01,EXPECTED
(11#)37,86248,2.426071,86599,2.337163,3.733528e-02,0.326721,2.721221e-01,EXPECTED
(11#)75/2,87316,2.472748,87767,2.337394,5.629345e-02,0.325956,4.152524e-01,EXPECTED
(11#)38,88498,2.433762,88919,2.338219,4.004868e-02,0.325231,2.937697e-01,EXPECTED
(11#)77/2,89459,2.383150,90089,2.339139,1.864023e-02,0.324523,1.356175e-01,EXPECTED
(13#)3,90526,2.492321,91243,2.339474,6.328829e-02,0.323852,4.719656e-01,EXPECTED
(11#)79/2,92357,2.434532,92399,2.341108,3.913022e-02,0.323206,2.890540e-01,EXPECTED
(11#)40,92656,2.473194,93553,2.342849,5.414272e-02,0.322586,4.040628e-01,EXPECTED
(11#)81/2,94228,2.450231,94709,2.341404,4.543156e-02,0.321990,3.379825e-01,EXPECTED
(11#)41,95467,2.446013,95857,2.342021,4.344512e-02,0.321421,3.235383e-01,EXPECTED
(11#)83/2,96361,2.470995,97007,2.342674,5.332789e-02,0.320874,3.999109e-01,EXPECTED
(11#)42,97684,2.508166,98143,2.343183,6.804155e-02,0.320345,5.150166e-01,EXPECTED
(11#)85/2,98764,2.453349,99317,2.343521,4.579953e-02,0.319840,3.433842e-01,EXPECTED
(11#)43,99581,2.468655,100483,2.344250,5.170795e-02,0.319351,3.895557e-01,EXPECTED
(11#)87/2,101467,2.483060,101627,2.344624,5.736662e-02,0.318891,4.341170e-01,EXPECTED
(11#)44,102352,2.491281,102793,2.345663,6.022894e-02,0.318441,4.572841e-01,EXPECTED
(11#)89/2,103214,2.468903,103919,2.345196,5.140494e-02,0.318015,3.889974e-01,EXPECTED
(11#)45,104056,2.467765,105097,2.346333,5.045920e-02,0.317610,3.823305e-01,EXPECTED
(13#)7/2,105883,2.452749,106243,2.346112,4.444995e-02,0.317218,3.361631e-01,EXPECTED
(11#)46,106298,2.480088,107377,2.346323,5.544462e-02,0.316851,4.221700e-01,EXPECTED
(11#)93/2,107684,2.498534,108557,2.346667,6.270814e-02,0.316495,4.798401e-01,EXPECTED
(11#)47,109717,2.499467,109721,2.346926,6.297112e-02,0.316154,4.824895e-01,EXPECTED
(11#)95/2,110281,2.415536,110879,2.347414,2.860691e-02,0.315831,2.156913e-01,EXPECTED
(11#)48,111058,2.464714,112031,2.347760,4.861409e-02,0.315525,3.706648e-01,EXPECTED
(11#)97/2,112681,2.478536,113189,2.348669,5.381928e-02,0.315233,4.119715e-01,EXPECTED
(11#)49,113389,2.460935,114343,2.348208,4.688887e-02,0.314956,3.579135e-01,EXPECTED
(11#)99/2,115426,2.500222,115499,2.349210,6.230043e-02,0.314694,4.798693e-01,EXPECTED
(11#)50,116371,2.460027,116639,2.349446,4.599277e-02,0.314449,3.516659e-01,EXPECTED
(11#)101/2,116728,2.402456,117809,2.349114,2.245331e-02,0.314211,1.697649e-01,EXPECTED
(11#)51,118894,2.444233,118931,2.349283,3.962120e-02,0.313989,3.023991e-01,EXPECTED
(11#)103/2,119458,2.462122,120103,2.349583,4.678571e-02,0.313784,3.586512e-01,EXPECTED
(13#)4,121234,2.463828,121271,2.349641,4.745369e-02,0.313587,3.641318e-01,EXPECTED
(11#)105/2,121612,2.502568,122401,2.349745,6.301059e-02,0.313404,4.876230e-01,EXPECTED
(11#)53,123059,2.504951,123583,2.350170,6.378151e-02,0.313232,4.941417e-01,EXPECTED
(11#)107/2,124447,2.517146,124739,2.349909,6.874912e-02,0.313073,5.341789e-01,EXPECTED
(11#)54,125479,2.491172,125887,2.350998,5.791336e-02,0.312926,4.479462e-01,EXPECTED
(11#)109/2,126397,2.546025,127037,2.351778,7.936168e-02,0.312790,6.210141e-01,EXPECTED
(11#)55,127189,2.428594,128203,2.350372,3.273888e-02,0.312664,2.501791e-01,EXPECTED
(11#)111/2,129263,2.490514,129347,2.350536,5.784573e-02,0.312549,4.478594e-01,EXPECTED
(11#)56,130307,2.503745,130513,2.350728,6.306254e-02,0.312445,4.897406e-01,EXPECTED
(11#)113/2,131641,2.512217,131072,2.350805,6.640781e-02,0.312351,5.167648e-01,EXPECTED
(11#)57,131888,2.478781,132817,2.350709,5.304992e-02,0.312268,4.101349e-01,EXPECTED
(11#)115/2,133174,2.475614,133979,2.350861,5.170680e-02,0.312194,3.996009e-01,EXPECTED
(11#)58,134087,2.503206,135131,2.350781,6.282470e-02,0.312129,4.883398e-01,EXPECTED
(13#)9/2,135802,2.501586,136277,2.350881,6.213478e-02,0.312075,4.829128e-01,EXPECTED
(11#)59,136649,2.492808,137443,2.351063,5.854222e-02,0.312029,4.542687e-01,EXPECTED
(11#)119/2,137587,2.515309,138599,2.351807,6.721169e-02,0.311992,5.240583e-01,EXPECTED
(11#)60,139511,2.466330,139753,2.352103,4.742139e-02,0.311964,3.661544e-01,EXPECTED
(11#)121/2,140009,2.495139,140909,2.351127,5.944965e-02,0.311945,4.616583e-01,EXPECTED
(11#)61,141676,2.498497,142061,2.351245,6.074438e-02,0.311934,4.720614e-01,EXPECTED
(11#)123/2,142258,2.505830,143197,2.350937,6.380604e-02,0.311932,4.965601e-01,EXPECTED
(11#)62,143896,2.509536,144349,2.350889,6.530432e-02,0.311937,5.085867e-01,EXPECTED
(11#)125/2,145144,2.491578,145517,2.350866,5.813247e-02,0.311951,4.510708e-01,EXPECTED
(11#)63,146176,2.504029,146683,2.350790,6.314959e-02,0.311973,4.911931e-01,EXPECTED
(11#)127/2,147401,2.521313,147827,2.350876,6.999177e-02,0.312002,5.462689e-01,EXPECTED
(11#)64,148696,2.533538,148991,2.350700,7.490359e-02,0.312014,5.859929e-01,EXPECTED
(11#)129/2,149846,2.509766,150131,2.350693,6.547934e-02,0.312039,5.097856e-01,EXPECTED
(13#)5,150292,2.507348,151303,2.350751,6.449077e-02,0.312083,5.017800e-01,EXPECTED
(11#)131/2,151909,2.518866,152459,2.350501,6.918030e-02,0.312134,5.393997e-01,EXPECTED
(11#)66,152914,2.505061,153611,2.351395,6.330432e-02,0.312193,4.922148e-01,EXPECTED
(11#)133/2,154702,2.506776,154769,2.350499,6.436982e-02,0.312259,5.004724e-01,EXPECTED
(11#)67,155816,2.502854,155921,2.350309,6.288487e-02,0.312331,4.884081e-01,EXPECTED
(11#)135/2,156007,2.496651,157061,2.350194,6.045236e-02,0.312410,4.687974e-01,EXPECTED
(11#)68,157901,2.486203,158233,2.350102,5.629792e-02,0.312495,4.355302e-01,EXPECTED
(11#)137/2,158419,2.533724,159389,2.350054,7.525185e-02,0.312588,5.875785e-01,EXPECTED
(11#)69,159407,2.542242,160541,2.349838,7.869998e-02,0.312686,6.153266e-01,EXPECTED
(11#)139/2,161659,2.491347,161683,2.349915,5.844437e-02,0.312791,4.521613e-01,EXPECTED
(11#)70,162353,2.507294,162853,2.349675,6.492706e-02,0.312904,5.037296e-01,EXPECTED
(11#)141/2,163297,2.519915,163997,2.349681,6.994560e-02,0.313020,5.438438e-01,EXPECTED
(11#)71,164954,2.477786,165161,2.349790,5.303946e-02,0.313142,4.087475e-01,EXPECTED
(13#)11/2,165701,2.520785,166319,2.349468,7.038144e-02,0.313272,5.468634e-01,EXPECTED
(11#)72,166351,2.526473,167471,2.349514,7.261576e-02,0.313409,5.646264e-01,EXPECTED
(11#)145/2,167809,2.490909,168629,2.348972,5.866992e-02,0.313547,4.526817e-01,EXPECTED
(11#)73,168814,2.509419,169783,2.348922,6.609475e-02,0.313692,5.116388e-01,EXPECTED
(11#)147/2,170539,2.495056,170927,2.348450,6.055564e-02,0.313844,4.671302e-01,EXPECTED
(11#)74,171694,2.497959,172093,2.348407,6.173677e-02,0.314002,4.762772e-01,EXPECTED
(11#)149/2,172849,2.504239,173249,2.348483,6.421531e-02,0.314163,4.957809e-01,EXPECTED
(11#)75,174214,2.457750,174389,2.349110,4.520976e-02,0.314330,3.456240e-01,EXPECTED
(11#)151/2,174814,2.514062,175543,2.348664,6.805312e-02,0.314503,5.259028e-01,EXPECTED
(11#)76,176551,2.496728,176713,2.348020,6.140865e-02,0.314682,4.725660e-01,EXPECTED
(11#)153/2,177841,2.524335,177841,2.347512,7.262162e-02,0.314863,5.615871e-01,EXPECTED
(11#)77,178898,2.502055,179021,2.347744,6.365753e-02,0.315051,4.897969e-01,EXPECTED
(11#)155/2,179083,2.529322,180179,2.347222,7.471878e-02,0.315243,5.776496e-01,EXPECTED
(13#)6,180379,2.501151,181303,2.346941,6.363825e-02,0.315440,4.888727e-01,EXPECTED
(11#)157/2,181919,2.535068,182489,2.346583,7.726023e-02,0.315645,5.971424e-01,EXPECTED
(11#)79,182519,2.515243,183637,2.346503,6.944328e-02,0.315851,5.342392e-01,EXPECTED
(11#)159/2,184696,2.506373,184777,2.346179,6.604864e-02,0.316060,5.068468e-01,EXPECTED
(11#)80,185578,2.512282,185951,2.345903,6.852110e-02,0.316275,5.260580e-01,EXPECTED
(11#)161/2,187024,2.533868,187091,2.345651,7.718401e-02,0.316496,5.946900e-01,EXPECTED
(11#)81,187471,2.522543,188261,2.345418,7.280388e-02,0.316720,5.592479e-01,EXPECTED
(11#)163/2,189094,2.510677,189407,2.345633,6.799714e-02,0.316950,5.207257e-01,EXPECTED
(11#)82,189817,2.521375,190573,2.345378,7.235780e-02,0.317182,5.548770e-01,EXPECTED
(11#)165/2,191626,2.523077,191717,2.344602,7.336352e-02,0.317420,5.622677e-01,EXPECTED
(11#)83,191768,2.509171,192883,2.344792,6.775572e-02,0.317663,5.174635e-01,EXPECTED
(11#)167/2,193639,2.501153,194027,2.344182,6.481531e-02,0.317907,4.937639e-01,EXPECTED
(11#)84,194767,2.519507,195193,2.343834,7.227520e-02,0.318157,5.521582e-01,EXPECTED
(13#)13/2,195751,2.518018,196337,2.343652,7.176169e-02,0.318411,5.476130e-01,EXPECTED
(11#)85,197402,2.512439,197479,2.343388,6.965625e-02,0.318670,5.304892e-01,EXPECTED
(11#)171/2,198046,2.523633,198659,2.343278,7.414873e-02,0.318930,5.655003e-01,EXPECTED
(11#)86,199021,2.495353,199813,2.346888,6.134001e-02,0.319198,4.651188e-01,EXPECTED
(11#)173/2,200899,2.517394,200929,2.342782,7.188513e-02,0.319465,5.465763e-01,EXPECTED
(11#)87,201904,2.515768,202121,2.342604,7.131499e-02,0.319737,5.415826e-01,EXPECTED
(11#)175/2,203128,2.520731,203279,2.342482,7.333789e-02,0.320014,5.570038e-01,EXPECTED
(11#)88,203417,2.508934,204431,2.341876,6.890564e-02,0.320295,5.215754e-01,EXPECTED
(11#)177/2,204928,2.464243,205589,2.341473,5.110444e-02,0.320579,3.829633e-01,EXPECTED
(11#)89,205924,2.529874,206699,2.341000,7.759131e-02,0.320867,5.886364e-01,EXPECTED
(11#)179/2,206984,2.513240,207877,2.340810,7.107573e-02,0.321158,5.369008e-01,EXPECTED
(11#)90,208129,2.513207,209039,2.341982,7.056205e-02,0.321453,5.326595e-01,EXPECTED
(11#)181/2,209362,2.520880,210209,2.347311,7.133763e-02,0.321752,5.394496e-01,EXPECTED
(13#)7,210557,2.506060,211349,2.340029,6.854848e-02,0.322053,5.155394e-01,EXPECTED
(11#)183/2,211459,2.494267,212507,2.339438,6.408417e-02,0.322358,4.803014e-01,EXPECTED
(11#)92,212644,2.547725,213659,2.339353,8.532641e-02,0.322666,6.457823e-01,EXPECTED
(11#)185/2,213784,2.541986,214817,2.339014,8.321619e-02,0.322977,6.284410e-01,EXPECTED
(11#)93,215854,2.563496,215983,2.338978,9.165787e-02,0.323292,6.944743e-01,EXPECTED
(11#)187/2,216917,2.525146,217121,2.338350,7.685333e-02,0.323614,5.772185e-01,EXPECTED
(11#)94,217697,2.481485,218287,2.338032,5.954762e-02,0.323932,4.428491e-01,EXPECTED
(11#)189/2,219311,2.546183,219437,2.337689,8.543254e-02,0.324260,6.429840e-01,EXPECTED
(11#)95,220453,2.532386,220589,2.337113,8.024553e-02,0.324584,6.016101e-01,EXPECTED
(11#)191/2,221332,2.526687,221747,2.337979,7.762208e-02,0.324917,5.807883e-01,EXPECTED
(11#)96,222634,2.538822,222913,2.336494,8.304868e-02,0.325249,6.220711e-01,EXPECTED
(11#)193/2,223469,2.547178,224069,2.336509,8.632814e-02,0.325587,6.470436e-01,EXPECTED
(11#)97,225002,2.551522,225223,2.336424,8.806849e-02,0.325926,6.599596e-01,EXPECTED
(13#)15/2,225892,2.548480,226379,2.335872,8.711183e-02,0.326269,6.516341e-01,EXPECTED
(11#)98,227251,2.549104,227533,2.335783,8.739476e-02,0.326615,6.531268e-01,EXPECTED
(11#)197/2,228097,2.525164,228677,2.334813,7.837421e-02,0.326964,5.821772e-01,EXPECTED
(11#)99,229234,2.519971,229841,2.334271,7.654776e-02,0.327316,5.673417e-01,EXPECTED
(11#)199/2,230848,2.518411,230999,2.333858,7.610545e-02,0.327671,5.632265e-01,EXPECTED
(11#)100,231643,2.524351,232153,2.333650,7.855043e-02,0.328028,5.813559e-01,EXPECTED
(11#)201/2,232189,2.532524,233297,2.333329,8.192043e-02,0.328393,6.065750e-01,EXPECTED
(11#)101,233978,2.534564,234463,2.332923,8.289964e-02,0.328753,6.133511e-01,EXPECTED
(11#)203/2,235028,2.506846,235607,2.332558,7.205987e-02,0.329118,5.295608e-01,EXPECTED
(11#)102,236092,2.538865,236773,2.332617,8.472632e-02,0.329486,6.259689e-01,EXPECTED
(11#)205/2,237883,2.566648,237929,2.331903,9.591610e-02,0.329859,7.116526e-01,EXPECTED
(11#)103,238892,2.539570,239081,2.331948,8.529081e-02,0.330233,6.287137e-01,EXPECTED
(11#)207/2,239857,2.497741,240209,2.331206,6.900099e-02,0.330609,5.037219e-01,EXPECTED
(13#)8,241393,2.514952,241393,2.331133,7.589930e-02,0.330988,5.553645e-01,EXPECTED
(11#)209/2,242119,2.534017,242533,2.330190,8.385598e-02,0.331378,6.150891e-01,EXPECTED
(11#)105,243043,2.536059,243703,2.330086,8.470612e-02,0.331755,6.208588e-01,EXPECTED
(11#)211/2,243736,2.522425,244859,2.329901,7.939496e-02,0.332142,5.796436e-01,EXPECTED
(11#)106,245587,2.544113,246011,2.329015,8.833663e-02,0.332532,6.468490e-01,EXPECTED
(11#)213/2,246518,2.561050,247141,2.328567,9.516427e-02,0.332924,6.983065e-01,EXPECTED
(11#)107,247868,2.534405,248323,2.328175,8.487420e-02,0.333323,6.187092e-01,EXPECTED
(11#)215/2,248867,2.548208,249463,2.328485,9.017253e-02,0.333722,6.584013e-01,EXPECTED
(11#)108,249512,2.527815,250619,2.328377,8.218383e-02,0.334122,5.969017e-01,EXPECTED
(11#)217/2,251081,2.534266,251789,2.326939,8.535038e-02,0.334521,6.197727e-01,EXPECTED
(11#)109,252071,2.523456,252937,2.326492,8.126784e-02,0.334923,5.880874e-01,EXPECTED
(11#)219/2,253741,2.514393,254083,2.326180,7.780399e-02,0.335332,5.612736e-01,EXPECTED
(11#)110,255214,2.528919,255253,2.325577,8.382376e-02,0.335741,6.056514e-01,EXPECTED
(17#)/2,259801,2.503359,270269,2.320254,7.595677e-02,0.336153,5.447073e-01,EXPECTED
(13#)9,272794,2.510783,285283,2.313979,8.162610e-02,0.341718,5.759252e-01,EXPECTED
(13#)19/2,285424,2.505523,300299,2.309336,8.153746e-02,0.347652,5.643201e-01,EXPECTED
(13#)10,303904,2.513081,315313,2.313073,8.293255e-02,0.348927,5.732087e-01,EXPECTED
(13#)21/2,324223,2.512902,330329,2.324920,7.775263e-02,0.336519,5.586074e-01,EXPECTED
(13#)11,340261,2.521429,345329,2.336779,7.605232e-02,0.325157,5.678795e-01,EXPECTED
(13#)23/2,354971,2.521369,360337,2.346768,7.176295e-02,0.314669,5.548719e-01,EXPECTED
(13#)12,366794,2.499164,375373,2.356578,5.874571e-02,0.304967,4.675457e-01,EXPECTED
(13#)25/2,386068,2.523716,390389,2.365134,6.489774e-02,0.295958,5.358260e-01,EXPECTED
(13#)13,401509,2.524416,405401,2.373908,6.147221e-02,0.287587,5.233477e-01,EXPECTED
(13#)27/2,414448,2.520611,420419,2.382368,5.640638e-02,0.279766,4.941380e-01,EXPECTED
(13#)14,431146,2.523703,435427,2.388902,5.489342e-02,0.272449,4.947752e-01,EXPECTED
(13#)29/2,448444,2.521152,450431,2.395233,5.123543e-02,0.265584,4.741212e-01,EXPECTED
(13#)15,463549,2.513127,465463,2.401863,4.528311e-02,0.259132,4.293719e-01,EXPECTED
(13#)31/2,467009,2.541140,480463,2.409115,5.335334e-02,0.253052,5.217307e-01,EXPECTED
(13#)16,488339,2.536748,495491,2.414297,4.947480e-02,0.247310,4.951316e-01,EXPECTED
(13#)33/2,498436,2.527659,510481,2.419235,4.384220e-02,0.241887,4.482424e-01,EXPECTED
(17#),515611,2.539315,524288,2.424168,4.640599e-02,0.236752,4.863613e-01,EXPECTED
(13#)35/2,535858,2.540830,540539,2.428819,4.508567e-02,0.231881,4.830538e-01,EXPECTED
(13#)18,548461,2.531963,555523,2.433772,3.955257e-02,0.227251,4.320817e-01,EXPECTED
(13#)37/2,569077,2.543991,570569,2.438042,4.253885e-02,0.222846,4.754360e-01,EXPECTED
(13#)19,571262,2.550486,585581,2.442181,4.339244e-02,0.218648,4.953395e-01,EXPECTED
(13#)39/2,588338,2.563074,600577,2.446222,4.666253e-02,0.214646,5.443940e-01,EXPECTED
(13#)20,612022,2.551653,615607,2.449468,4.087053e-02,0.210822,4.846980e-01,EXPECTED
(13#)41/2,621472,2.552996,630613,2.453248,3.985471e-02,0.207166,4.814883e-01,EXPECTED
(13#)21,633967,2.541689,645641,2.456824,3.395936e-02,0.203660,4.166994e-01,EXPECTED
(13#)43/2,656629,2.539026,660659,2.460180,3.154602e-02,0.200313,3.936140e-01,EXPECTED
(13#)22,674719,2.554681,675643,2.463374,3.639541e-02,0.197097,4.632592e-01,EXPECTED
(13#)45/2,686398,2.527108,690689,2.466406,2.431354e-02,0.194002,3.128937e-01,EXPECTED
(13#)23,703568,2.559020,705689,2.469069,3.578322e-02,0.191036,4.708589e-01,EXPECTED
(13#)47/2,713309,2.554701,720703,2.472107,3.286437e-02,0.188186,4.388956e-01,EXPECTED
(13#)24,733528,2.558252,735733,2.474777,3.317392e-02,0.185436,4.501553e-01,EXPECTED
(13#)49/2,748691,2.568782,750749,2.477650,3.612133e-02,0.182793,4.985530e-01,EXPECTED
(13#)25,758411,2.555201,765763,2.479834,2.993927e-02,0.180239,4.181503e-01,EXPECTED
(17#)3/2,770558,2.532269,780733,2.482134,1.999706e-02,0.177781,2.820043e-01,EXPECTED
(13#)26,787162,2.561586,795793,2.484678,3.048352e-02,0.175404,4.384621e-01,EXPECTED
(13#)53/2,804191,2.552045,810809,2.487171,2.574908e-02,0.173108,3.747603e-01,EXPECTED
(13#)27,819212,2.562766,825821,2.489123,2.915670e-02,0.170888,4.309431e-01,EXPECTED
(13#)55/2,831373,2.564720,840839,2.491130,2.911289e-02,0.168741,4.361121e-01,EXPECTED
(13#)28,850253,2.564273,855851,2.493245,2.808993e-02,0.166663,4.261774e-01,EXPECTED
(13#)57/2,860422,2.564422,870853,2.495765,2.713782e-02,0.164650,4.169875e-01,EXPECTED
(13#)29,883648,2.566164,885883,2.497286,2.720763e-02,0.162699,4.233462e-01,EXPECTED
(13#)59/2,891427,2.564719,900869,2.498844,2.602070e-02,0.160808,4.096500e-01,EXPECTED
(13#)30,909037,2.548728,915911,2.500810,1.897973e-02,0.158973,3.014223e-01,EXPECTED
(13#)61/2,915961,2.547074,930911,2.502835,1.752116e-02,0.157193,2.814311e-01,EXPECTED
(13#)31,944161,2.565326,945943,2.504376,2.404596e-02,0.155464,3.920522e-01,EXPECTED
(13#)63/2,957844,2.549019,960941,2.506062,1.699598e-02,0.153784,2.793334e-01,EXPECTED
(13#)32,968299,2.573348,975967,2.507373,2.597218e-02,0.152152,4.336124e-01,EXPECTED
(13#)65/2,990586,2.569172,990989,2.508964,2.371375e-02,0.150564,3.998831e-01,EXPECTED
(13#)33,1004449,2.563918,1006003,2.510791,2.093871e-02,0.149018,3.565140e-01,EXPECTED
(13#)67/2,1016921,2.561834,1021019,2.511966,1.965769e-02,0.147517,3.380492e-01,EXPECTED
(17#)2,1034134,2.571303,1036027,2.513457,2.275368e-02,0.146052,3.960644e-01,EXPECTED
(13#)69/2,1050706,2.556321,1051027,2.514840,1.635993e-02,0.144628,2.868117e-01,EXPECTED
(13#)35,1053142,2.560025,1066063,2.516568,1.712096e-02,0.143240,3.033859e-01,EXPECTED
(13#)71/2,1067611,2.564956,1081079,2.517602,1.863446e-02,0.141887,3.337445e-01,EXPECTED
(13#)36,1093418,2.575284,1096079,2.518847,2.215856e-02,0.140566,4.014982e-01,EXPECTED
(13#)73/2,1101119,2.571810,1111091,2.520199,2.027206e-02,0.139280,3.705557e-01,EXPECTED
(13#)37,1116337,2.566773,1126093,2.521273,1.788554e-02,0.138023,3.296552e-01,EXPECTED
(13#)75/2,1138519,2.571708,1141139,2.522588,1.928491e-02,0.136795,3.590775e-01,EXPECTED
(13#)38,1154584,2.576126,1156151,2.523775,2.053092e-02,0.135598,3.860750e-01,EXPECTED
(13#)77/2,1166306,2.582036,1171133,2.524836,2.240212e-02,0.134432,4.254939e-01,EXPECTED
(13#)39,1171721,2.577143,1186181,2.525927,2.007330e-02,0.133288,3.842506e-01,EXPECTED
(13#)79/2,1190542,2.575724,1201183,2.527257,1.899613e-02,0.132171,3.666992e-01,EXPECTED
(13#)40,1201553,2.553525,1216213,2.528273,9.938297e-03,0.131082,1.926428e-01,EXPECTED
(13#)81/2,1227416,2.574592,1231229,2.529198,1.778882e-02,0.130013,3.491497e-01,EXPECTED
(13#)41,1239109,2.571541,1246243,2.530170,1.621884e-02,0.128972,3.207751e-01,EXPECTED
(13#)83/2,1246537,2.571671,1261259,2.531368,1.579601e-02,0.127951,3.149878e-01,EXPECTED
(13#)42,1271308,2.567174,1276271,2.532221,1.370890e-02,0.126952,2.753245e-01,EXPECTED
(17#)5/2,1287808,2.580738,1291271,2.533172,1.860313e-02,0.125974,3.775859e-01,EXPECTED
(13#)43,1305097,2.580555,1306289,2.534158,1.814306e-02,0.125015,3.711315e-01,EXPECTED
(13#)87/2,1308529,2.570502,1321319,2.535155,1.384643e-02,0.124078,2.848773e-01,EXPECTED
(13#)44,1327552,2.567012,1336333,2.535940,1.217820e-02,0.123160,2.522897e-01,EXPECTED
(13#)89/2,1347289,2.580835,1351327,2.536791,1.721309e-02,0.122260,3.602487e-01,EXPECTED
(13#)45,1352977,2.568573,1366349,2.537731,1.208012e-02,0.121376,2.541030e-01,EXPECTED
(13#)91/2,1367291,2.578175,1381349,2.538821,1.538198e-02,0.120513,3.265540e-01,EXPECTED
(13#)46,1392068,2.581279,1396393,2.539517,1.631111e-02,0.119665,3.489909e-01,EXPECTED
(13#)93/2,1403569,2.576241,1411387,2.540146,1.410980e-02,0.118833,3.037456e-01,EXPECTED
(13#)47,1421554,2.574203,1426393,2.540932,1.300903e-02,0.118018,2.819146e-01,EXPECTED
(13#)95/2,1427329,2.563568,1441439,2.541764,8.541710e-03,0.117218,1.860124e-01,EXPECTED
(13#)48,1446013,2.577389,1456451,2.542713,1.354525e-02,0.116432,2.978219e-01,EXPECTED
(13#)97/2,1460213,2.583438,1471447,2.543251,1.567789e-02,0.115660,3.474581e-01,EXPECTED
(13#)49,1485139,2.569529,1486451,2.543990,9.988899e-03,0.114905,2.222619e-01,EXPECTED
(13#)99/2,1498438,2.572049,1501499,2.544774,1.066101e-02,0.114162,2.389149e-01,EXPECTED
(13#)50,1508933,2.579741,1516513,2.545731,1.327117e-02,0.113433,2.998246e-01,EXPECTED
(13#)101/2,1525204,2.588498,1531499,2.546152,1.649458e-02,0.112716,3.756876e-01,EXPECTED
(17#)3,1538384,2.572062,1546537,2.546932,9.818414e-03,0.112012,2.243510e-01,EXPECTED
(13#)103/2,1552613,2.581629,1561559,2.547613,1.326375e-02,0.111322,3.055640e-01,EXPECTED
(13#)52,1568978,2.579733,1576571,2.548379,1.222843e-02,0.110641,2.833850e-01,EXPECTED
(13#)105/2,1588283,2.576881,1591589,2.548834,1.094375e-02,0.109974,2.550330e-01,EXPECTED
(13#)53,1600058,2.588112,1606603,2.549496,1.503296e-02,0.109318,3.532447e-01,EXPECTED
(13#)107/2,1611293,2.582728,1621619,2.550292,1.263834e-02,0.108671,2.984789e-01,EXPECTED
(13#)54,1625321,2.576631,1636627,2.550986,1.000278e-02,0.108037,2.373724e-01,EXPECTED
(13#)109/2,1647964,2.569523,1651621,2.551409,7.074523e-03,0.107413,1.686388e-01,EXPECTED
(13#)55,1658869,2.582682,1666657,2.552043,1.193418e-02,0.106798,2.868874e-01,EXPECTED
(13#)111/2,1668971,2.593334,1681679,2.552632,1.581932e-02,0.106193,3.832833e-01,EXPECTED
(13#)56,1693639,2.579746,1696693,2.553318,1.029725e-02,0.105600,2.502652e-01,EXPECTED
(13#)113/2,1708321,2.575121,1711687,2.553793,8.316818e-03,0.105016,2.030929e-01,EXPECTED
(13#)57,1725814,2.588012,1726693,2.554358,1.308909e-02,0.104440,3.222329e-01,EXPECTED
(13#)115/2,1740821,2.579711,1741723,2.554859,9.680341e-03,0.103873,2.392537e-01,EXPECTED
(13#)58,1746859,2.570141,1756747,2.555402,5.751211e-03,0.103315,1.426608e-01,EXPECTED
(13#)117/2,1770016,2.583728,1771751,2.556071,1.076200e-02,0.102765,2.691286e-01,EXPECTED
(13#)59,1777753,2.573578,1786781,2.556441,6.681092e-03,0.102224,1.676416e-01,EXPECTED
(17#)7/2,1791778,2.589083,1801781,2.556943,1.249135e-02,0.101692,3.160524e-01,EXPECTED
(13#)60,1802266,2.584393,1816813,2.557671,1.039359e-02,0.101167,2.641375e-01,EXPECTED
(13#)121/2,1831436,2.577516,1831811,2.558213,7.517177e-03,0.100650,1.917834e-01,EXPECTED
(13#)61,1835741,2.571404,1846843,2.558527,5.020351e-03,0.100141,1.285887e-01,EXPECTED
(13#)123/2,1858867,2.583732,1861859,2.559012,9.613619e-03,0.099639,2.480956e-01,EXPECTED
(13#)62,1872751,2.587271,1876859,2.559508,1.078860e-02,0.099145,2.800242e-01,EXPECTED
(13#)125/2,1877164,2.577582,1891889,2.559956,6.861679e-03,0.098656,1.786612e-01,EXPECTED
(13#)63,1892416,2.592349,1906889,2.560570,1.233452e-02,0.098176,3.236942e-01,EXPECTED
(13#)127/2,1908661,2.585161,1921919,2.560871,9.440353e-03,0.097703,2.486106e-01,EXPECTED
(13#)64,1931242,2.580351,1936889,2.561464,7.346466e-03,0.097236,1.942388e-01,EXPECTED
(13#)129/2,1939141,2.593342,1951949,2.561784,1.224350e-02,0.096775,3.260966e-01,EXPECTED
(13#)65,1953379,2.593798,1966963,2.562281,1.222533e-02,0.096321,3.272080e-01,EXPECTED
(13#)131/2,1969936,2.574568,1981963,2.562756,4.598511e-03,0.095873,1.232047e-01,EXPECTED
(13#)66,1988632,2.587112,1996979,2.563050,9.344240e-03,0.095431,2.521403e-01,EXPECTED
(13#)133/2,1997902,2.586030,2012009,2.563645,8.693807e-03,0.094996,2.356415e-01,EXPECTED
(13#)67,2021137,2.583325,2027023,2.564088,7.474469e-03,0.094566,2.034241e-01,EXPECTED
(13#)135/2,2033041,2.591447,2042039,2.564360,1.050747e-02,0.094142,2.877249e-01,EXPECTED
(17#)4,2053553,2.579809,2057053,2.564715,5.868004e-03,0.093723,1.610490e-01,EXPECTED
(13#)137/2,2071096,2.585053,2072053,2.565159,7.725546e-03,0.093310,2.132033e-01,EXPECTED
(13#)69,2076304,2.586796,2087081,2.565724,8.179344e-03,0.092902,2.268197e-01,EXPECTED
(13#)139/2,2098952,2.580068,2102099,2.565993,5.470217e-03,0.092500,1.521622e-01,EXPECTED
(13#)70,2106019,2.587094,2117099,2.566290,8.073962e-03,0.092103,2.258776e-01,EXPECTED
(13#)141/2,2118514,2.592353,2132129,2.566742,9.928567e-03,0.091711,2.792577e-01,EXPECTED
(13#)71,2136091,2.592237,2147137,2.567062,9.759155e-03,0.091324,2.756669e-01,EXPECTED
(13#)143/2,2149759,2.601746,2162137,2.567498,1.325087e-02,0.090942,3.765917e-01,EXPECTED
(13#)72,2166772,2.597074,2177167,2.567864,1.131100e-02,0.090564,3.225343e-01,EXPECTED
(13#)145/2,2191216,2.591899,2192161,2.568187,9.190609e-03,0.090191,2.629087e-01,EXPECTED
(13#)73,2198473,2.595378,2207203,2.568572,1.038207e-02,0.089823,2.984314e-01,EXPECTED
(13#)147/2,2210389,2.596815,2222219,2.568950,1.078844e-02,0.089460,3.114800e-01,EXPECTED
(13#)74,2222702,2.600920,2237219,2.569319,1.222435e-02,0.089101,3.546649e-01,EXPECTED
(13#)149/2,2246323,2.596339,2252233,2.569595,1.035408e-02,0.088746,3.013544e-01,EXPECTED
(13#)75,2263843,2.582011,2267263,2.569958,4.678996e-03,0.088396,1.363523e-01,EXPECTED
(13#)151/2,2279476,2.588150,2282257,2.570316,6.914486e-03,0.088049,2.025463e-01,EXPECTED
(13#)76,2294377,2.602427,2297291,2.570637,1.229074e-02,0.087707,3.624568e-01,EXPECTED
(17#)9/2,2309311,2.594955,2312293,2.570960,9.289805e-03,0.087369,2.746397e-01,EXPECTED
(13#)77,2316212,2.583454,2327323,2.571484,4.644099e-03,0.087035,1.375309e-01,EXPECTED
(13#)155/2,2338396,2.592073,2342309,2.571679,7.898949e-03,0.086704,2.352141e-01,EXPECTED
(13#)78,2352563,2.595422,2357353,2.571969,9.077370e-03,0.086378,2.715159e-01,EXPECTED
(13#)157/2,2368486,2.590531,2372369,2.572232,7.088870e-03,0.086055,2.126431e-01,EXPECTED
(13#)79,2375998,2.595066,2387383,2.572543,8.717046e-03,0.085736,2.627018e-01,EXPECTED
(13#)159/2,2391856,2.585609,2402383,2.572883,4.934010e-03,0.085421,1.489798e-01,EXPECTED
(13#)80,2409742,2.596264,2417399,2.573160,8.938773e-03,0.085109,2.714637e-01,EXPECTED
(13#)161/2,2425117,2.592377,2432429,2.573455,7.325861e-03,0.084801,2.231342e-01,EXPECTED
(13#)81,2434183,2.589718,2447437,2.573738,6.189673e-03,0.084496,1.891214e-01,EXPECTED
(13#)163/2,2459998,2.595797,2462443,2.574094,8.395971e-03,0.084195,2.577707e-01,EXPECTED
(13#)82,2473948,2.581392,2477471,2.574369,2.724333e-03,0.083896,8.371078e-02,EXPECTED
(13#)165/2,2484971,2.595580,2492461,2.574627,8.105329e-03,0.083601,2.506310e-01,EXPECTED
(13#)83,2495473,2.597962,2507489,2.574889,8.920865e-03,0.083310,2.769535e-01,EXPECTED
(13#)167/2,2511253,2.602871,2522503,2.575197,1.068903e-02,0.083021,3.333373e-01,EXPECTED
(13#)84,2525273,2.595884,2537527,2.575530,7.871776e-03,0.082736,2.460114e-01,EXPECTED
(13#)169/2,2548498,2.597963,2552531,2.575790,8.571393e-03,0.082454,2.689136e-01,EXPECTED
(17#)5,2555363,2.595337,2567557,2.575970,7.490211e-03,0.082174,2.356828e-01,EXPECTED
(13#)171/2,2578036,2.596895,2582551,2.576282,7.969226e-03,0.081898,2.516911e-01,EXPECTED
(13#)86,2594246,2.593958,2597591,2.576571,6.725449e-03,0.081625,2.130107e-01,EXPECTED
(13#)173/2,2612419,2.590050,2612549,2.576804,5.127309e-03,0.081354,1.628193e-01,EXPECTED
(13#)87,2622619,2.592665,2627617,2.577086,6.027001e-03,0.081085,1.921317e-01,EXPECTED
(13#)175/2,2640928,2.597647,2642639,2.577325,7.853996e-03,0.080821,2.514446e-01,EXPECTED
(13#)88,2653489,2.589649,2657651,2.577551,4.682622e-03,0.080558,1.501775e-01,EXPECTED
(13#)177/2,2662903,2.599814,2672639,2.577865,8.478367e-03,0.080299,2.733409e-01,EXPECTED
(13#)89,2683354,2.590833,2687677,2.578038,4.950801e-03,0.080042,1.598536e-01,EXPECTED
(13#)179/2,2695961,2.593039,2702681,2.578323,5.691359e-03,0.079787,1.844411e-01,EXPECTED
(13#)90,2717602,2.598752,2717713,2.578540,7.807983e-03,0.079536,2.541239e-01,EXPECTED
(13#)181/2,2719121,2.594914,2732701,2.578874,6.200506e-03,0.079287,2.023030e-01,EXPECTED
(13#)91,2739127,2.593271,2747713,2.579062,5.494246e-03,0.079040,1.797697e-01,EXPECTED
(13#)183/2,2759311,2.597895,2762759,2.579285,7.189273e-03,0.078796,2.361795e-01,EXPECTED
(13#)92,2774917,2.605239,2777771,2.579528,9.917981e-03,0.078554,3.273035e-01,EXPECTED
(13#)185/2,2781718,2.593394,2792773,2.579772,5.266420e-03,0.078314,1.739408e-01,EXPECTED
(13#)93,2798351,2.597376,2807789,2.579994,6.714631e-03,0.078077,2.226264e-01,EXPECTED
(17#)11/2,2812492,2.599243,2822819,2.580201,7.352946e-03,0.077842,2.446237e-01,EXPECTED
(13#)94,2825503,2.600128,2837803,2.580419,7.608886e-03,0.077609,2.539525e-01,EXPECTED
(13#)189/2,2849842,2.600123,2852849,2.580713,7.493034e-03,0.077379,2.508433e-01,EXPECTED
(13#)95,2863901,2.601423,2867861,2.580934,7.907254e-03,0.077151,2.655701e-01,EXPECTED
(13#)191/2,2873672,2.596843,2882863,2.581159,6.057954e-03,0.076925,2.038869e-01,EXPECTED
(13#)96,2895122,2.601897,2897893,2.581428,7.898060e-03,0.076701,2.668674e-01,EXPECTED
(13#)193/2,2904764,2.591674,2912893,2.581544,3.916329e-03,0.076480,1.324529e-01,EXPECTED
(13#)97,2919424,2.602268,2927917,2.581776,7.905838e-03,0.076260,2.687123e-01,EXPECTED
(13#)195/2,2936938,2.587620,2942909,2.581960,2.189734e-03,0.076042,7.443255e-02,EXPECTED
(13#)98,2949664,2.600223,2957947,2.582227,6.945006e-03,0.075826,2.373328e-01,EXPECTED
(13#)197/2,2970467,2.599407,2972969,2.582412,6.559496e-03,0.075613,2.247629e-01,EXPECTED
(13#)99,2980234,2.595608,2987983,2.582647,5.005944e-03,0.075401,1.718943e-01,EXPECTED
(13#)199/2,2997242,2.598877,3002981,2.582784,6.211542e-03,0.075192,2.140254e-01,EXPECTED
(13#)100,3004042,2.591117,3018013,2.582980,3.145286e-03,0.074984,1.085165e-01,EXPECTED
(13#)201/2,3021439,2.592341,3033011,2.583265,3.507226e-03,0.074778,1.213726e-01,EXPECTED
(13#)101,3040787,2.595932,3048043,2.583449,4.820276e-03,0.074574,1.673908e-01,EXPECTED
(13#)203/2,3053924,2.607868,3063059,2.583574,9.359318e-03,0.074372,3.266552e-01,EXPECTED
(17#)6,3066709,2.591466,3078073,2.583745,2.983842e-03,0.074171,1.040973e-01,EXPECTED
(13#)205/2,3092806,2.597068,3093071,2.584010,5.040661e-03,0.073972,1.765263e-01,EXPECTED
(13#)103,3107012,2.604617,3108103,2.584204,7.868109e-03,0.073775,2.766926e-01,EXPECTED
(13#)207/2,3115766,2.600286,3123091,2.584339,6.151670e-03,0.073581,2.167271e-01,EXPECTED
(13#)104,3127703,2.602558,3138131,2.584553,6.942235e-03,0.073387,2.453432e-01,EXPECTED
(13#)209/2,3144191,2.605823,3153149,2.584721,8.130984e-03,0.073195,2.882984e-01,EXPECTED
(13#)105,3159916,2.603373,3168119,2.584885,7.126892e-03,0.073005,2.532429e-01,EXPECTED
(13#)211/2,3177964,2.601562,3183179,2.585106,6.345521e-03,0.072817,2.259912e-01,EXPECTED
(13#)106,3192643,2.602437,3198191,2.585230,6.633835e-03,0.072630,2.369131e-01,EXPECTED
(13#)213/2,3201973,2.598668,3213163,2.585438,5.104073e-03,0.072445,1.826213e-01,EXPECTED
(13#)107,3226558,2.596537,3228223,2.585634,4.207895e-03,0.072261,1.508836e-01,EXPECTED
(13#)215/2,3235957,2.604722,3243239,2.585824,7.281732e-03,0.072079,2.621845e-01,EXPECTED
(13#)108,3245252,2.608783,3258247,2.585975,8.781216e-03,0.071898,3.172272e-01,EXPECTED
(13#)217/2,3260314,2.604682,3273269,2.586170,7.132578e-03,0.071719,2.581185e-01,EXPECTED
(13#)109,3275093,2.605763,3288269,2.586296,7.498794e-03,0.071542,2.721059e-01,EXPECTED
(13#)219/2,3290396,2.600457,3303281,2.586562,5.357618e-03,0.071366,1.947006e-01,EXPECTED
(13#)110,3317926,2.603487,3318307,2.586659,6.484619e-03,0.071191,2.363782e-01,EXPECTED
(17#)13/2,3326234,2.605172,3333313,2.586847,7.058940e-03,0.071018,2.580332e-01,EXPECTED
(13#)111,3341761,2.604131,3348307,2.587079,6.569590e-03,0.070846,2.406911e-01,EXPECTED
(13#)223/2,3354079,2.597185,3363343,2.587166,3.865098e-03,0.070676,1.417596e-01,EXPECTED
(13#)112,3364727,2.596771,3378373,2.587387,3.620264e-03,0.070507,1.330932e-01,EXPECTED
(13#)225/2,3380669,2.605672,3393373,2.587508,6.995357e-03,0.070340,2.582314e-01,EXPECTED
(13#)113,3395806,2.609983,3408389,2.587643,8.596285e-03,0.070173,3.183561e-01,EXPECTED
(13#)227/2,3411274,2.603699,3423419,2.587870,6.097983e-03,0.070009,2.260995e-01,EXPECTED
(13#)114,3434458,2.611137,3438419,2.587946,8.921248e-03,0.069845,3.320352e-01,EXPECTED
(13#)229/2,3439621,2.611954,3453409,2.588129,9.163379e-03,0.069683,3.419055e-01,EXPECTED
(13#)115,3464267,2.603425,3468463,2.588349,5.807665e-03,0.069522,2.168522e-01,EXPECTED
(13#)231/2,3479059,2.604518,3483463,2.588460,6.184525e-03,0.069362,2.315100e-01,EXPECTED
(13#)116,3489916,2.613878,3498493,2.588589,9.722003e-03,0.069204,3.654269e-01,EXPECTED
(13#)233/2,3502439,2.610699,3513491,2.588736,8.448276e-03,0.069047,3.180877e-01,EXPECTED
(13#)117,3515401,2.612171,3528521,2.588853,8.966756e-03,0.068891,3.384767e-01,EXPECTED
(13#)235/2,3539002,2.606307,3543523,2.589063,6.638243e-03,0.068736,2.508729e-01,EXPECTED
(13#)118,3553097,2.606045,3558553,2.589223,6.475916e-03,0.068582,2.452830e-01,EXPECTED
(13#)237/2,3561149,2.602978,3573529,2.589328,5.257792e-03,0.068430,1.994739e-01,EXPECTED
(17#)7,3576721,2.610207,3588527,2.589483,7.971287e-03,0.068279,3.035194e-01,EXPECTED
(13#)239/2,3591949,2.611007,3603583,2.589663,8.208219e-03,0.068129,3.132880e-01,EXPECTED
(13#)120,3616831,2.603235,3618583,2.589798,5.175022e-03,0.067980,1.976611e-01,EXPECTED
(13#)241/2,3633412,2.606239,3633583,2.589902,6.288149e-03,0.067833,2.408415e-01,EXPECTED
(13#)121,3644584,2.609578,3648643,2.590036,7.516747e-03,0.067686,2.887155e-01,EXPECTED
(13#)243/2,3658834,2.606500,3663659,2.590202,6.272460e-03,0.067541,2.413053e-01,EXPECTED
(13#)122,3675767,2.603042,3678671,2.590351,4.887373e-03,0.067397,1.883021e-01,EXPECTED
(13#)245/2,3682709,2.606978,3693689,2.590515,6.334998e-03,0.067253,2.447921e-01,EXPECTED
(13#)123,3704819,2.596930,3708697,2.590570,2.452049e-03,0.067111,9.476837e-02,EXPECTED
(13#)247/2,3722221,2.602626,3723719,2.590728,4.582018e-03,0.066970,1.776616e-01,EXPECTED
(13#)124,3735406,2.608630,3738733,2.590861,6.834926e-03,0.066830,2.658836e-01,EXPECTED
(13#)249/2,3753443,2.600434,3753721,2.591018,3.627505e-03,0.066691,1.411885e-01,EXPECTED
(13#)125,3760034,2.593551,3768731,2.591133,9.327474e-04,0.066553,3.633195e-02,EXPECTED
(13#)251/2,3783313,2.604192,3783739,2.591258,4.978982e-03,0.066416,1.947422e-01,EXPECTED
(13#)126,3797879,2.598422,3798793,2.591383,2.712628e-03,0.066279,1.062026e-01,EXPECTED
(13#)253/2,3801443,2.606210,3813773,2.591542,5.643993e-03,0.066144,2.217586e-01,EXPECTED
(13#)127,3822034,2.613491,3828821,2.591655,8.390208e-03,0.066010,3.307984e-01,EXPECTED
(17#)15/2,3834151,2.598408,3843823,2.591790,2.550193e-03,0.065877,1.004599e-01,EXPECTED
(13#)128,3853924,2.606403,3858851,2.591921,5.571810e-03,0.065745,2.202753e-01,EXPECTED
(13#)257/2,3858931,2.597507,3873847,2.592051,2.102685e-03,0.065614,8.315299e-02,EXPECTED
(13#)129,3883478,2.594628,3888851,2.592165,9.497199e-04,0.065484,3.761224e-02,EXPECTED
(13#)259/2,3891541,2.606291,3903899,2.592333,5.369895e-03,0.065354,2.135753e-01,EXPECTED
(13#)130,3912628,2.602100,3918913,2.592412,3.730095e-03,0.065226,1.485297e-01,EXPECTED
(13#)261/2,3927556,2.600320,3933929,2.592584,2.979453e-03,0.065099,1.188344e-01,EXPECTED
(13#)131,3936293,2.599760,3948911,2.592651,2.738229e-03,0.064972,1.094164e-01,EXPECTED
(13#)263/2,3961283,2.606488,3963959,2.592790,5.269205e-03,0.064846,2.112389e-01,EXPECTED
(13#)132,3974746,2.609044,3978971,2.592878,6.215415e-03,0.064721,2.497798e-01,EXPECTED
(13#)265/2,3992123,2.608902,3993959,2.593007,6.111237e-03,0.064597,2.460641e-01,EXPECTED
(13#)133,3996758,2.606043,4009003,2.593156,4.957312e-03,0.064474,1.998790e-01,EXPECTED
(13#)267/2,4015034,2.596429,4024003,2.593259,1.221654e-03,0.064352,4.926032e-02,EXPECTED
(13#)134,4034477,2.610102,4039019,2.593365,6.433041e-03,0.064231,2.605751e-01,EXPECTED
(13#)269/2,4047991,2.608708,4054033,2.593549,5.827872e-03,0.064110,2.364530e-01,EXPECTED
(13#)135,4060838,2.605187,4069063,2.593651,4.437922e-03,0.063990,1.802782e-01,EXPECTED
(13#)271/2,4069376,2.607269,4084079,2.593714,5.212488e-03,0.063871,2.122246e-01,EXPECTED
(17#)8,4087942,2.607185,4099093,2.593808,5.144029e-03,0.063753,2.098254e-01,EXPECTED
(13#)273/2,4099112,2.611193,4114087,2.593998,6.606890e-03,0.063636,2.702087e-01,EXPECTED
(13#)137,4115572,2.602570,4129109,2.594062,3.274431e-03,0.063519,1.339442e-01,EXPECTED
(13#)275/2,4131313,2.600695,4144121,2.594174,2.510555e-03,0.063404,1.028484e-01,EXPECTED
(13#)138,4154263,2.606322,4159153,2.594262,4.637949e-03,0.063289,1.905544e-01,EXPECTED
(13#)277/2,4161457,2.607097,4174151,2.594404,4.880524e-03,0.063174,2.009213e-01,EXPECTED
(13#)139,4186967,2.607727,4189183,2.594496,5.086683e-03,0.063061,2.098127e-01,EXPECTED
(13#)279/2,4197376,2.593242,4204169,2.594627,-5.339379e-04,0.062948,-2.200229e-02,OUTLIER
(13#)140,4208627,2.613973,4219211,2.594723,7.391519e-03,0.062836,3.063530e-01,EXPECTED
(13#)281/2,4222718,2.607053,4234229,2.594816,4.704856e-03,0.062725,1.950897e-01,EXPECTED
(13#)141,4242659,2.608260,4249241,2.594933,5.122635e-03,0.062615,2.128404e-01,EXPECTED
(13#)283/2,4254164,2.607386,4264259,2.595041,4.745871e-03,0.062505,1.975042e-01,EXPECTED
(13#)142,4270639,2.603665,4279267,2.595125,3.285383e-03,0.062396,1.368677e-01,EXPECTED
(13#)285/2,4280083,2.607170,4294259,2.595248,4.583261e-03,0.062288,1.914012e-01,EXPECTED
(13#)143,4298422,2.609440,4309297,2.595335,5.420036e-03,0.062180,2.268414e-01,EXPECTED
(13#)287/2,4323628,2.609173,4324303,2.595472,5.264925e-03,0.062073,2.207240e-01,EXPECTED
(13#)144,4333132,2.610882,4339333,2.595554,5.888114e-03,0.061967,2.473575e-01,EXPECTED
(17#)17/2,4342687,2.606964,4354349,2.595670,4.341654e-03,0.061861,1.825706e-01,EXPECTED
(13#)145,4354381,2.614402,4369349,2.595743,7.162595e-03,0.061756,3.021407e-01,EXPECTED
(13#)291/2,4372499,2.601775,4384379,2.595862,2.275266e-03,0.061652,9.590930e-02,EXPECTED
(13#)146,4392541,2.607219,4399363,2.595965,4.325820e-03,0.061549,1.828462e-01,EXPECTED
(13#)293/2,4400353,2.604258,4414379,2.596108,3.134397e-03,0.061446,1.326368e-01,EXPECTED
(13#)147,4416868,2.603212,4429417,2.596128,2.724963e-03,0.061344,1.154799e-01,EXPECTED
(13#)295/2,4441462,2.609455,4444409,2.596274,5.064047e-03,0.061242,2.152281e-01,EXPECTED
(13#)148,4447771,2.609820,4459451,2.596354,5.173100e-03,0.061141,2.202450e-01,EXPECTED
(13#)297/2,4469884,2.605726,4474469,2.596447,3.567359e-03,0.061041,1.520126e-01,EXPECTED
(13#)149,4475881,2.602272,4489483,2.596533,2.207816e-03,0.060941,9.417305e-02,EXPECTED
(13#)299/2,4499059,2.612312,4504457,2.596698,5.995015e-03,0.060842,2.566319e-01,EXPECTED
(13#)150,4512502,2.605336,4519499,2.596737,3.305993e-03,0.060744,1.415613e-01,EXPECTED
(13#)301/2,4520101,2.610048,4534501,2.596815,5.082918e-03,0.060646,2.182007e-01,EXPECTED
(13#)151,4540321,2.610081,4549537,2.596888,5.067450e-03,0.060549,2.178896e-01,EXPECTED
(13#)303/2,4562161,2.604160,4564559,2.596992,2.756314e-03,0.060452,1.185734e-01,EXPECTED
(13#)152,4568336,2.615511,4579567,2.597097,7.065207e-03,0.060356,3.050898e-01,EXPECTED
(13#)305/2,4593406,2.608216,4594589,2.597183,4.239067e-03,0.060260,1.830899e-01,EXPECTED
(17#)9,4602932,2.612112,4609597,2.597260,5.702046e-03,0.060166,2.468504e-01,EXPECTED
(13#)307/2,4621748,2.615499,4624603,2.597413,6.938952e-03,0.060071,3.010771e-01,EXPECTED
(13#)154,4638149,2.615785,4639633,2.597463,7.029044e-03,0.059978,3.054787e-01,EXPECTED
(13#)309/2,4642907,2.600257,4654649,2.597563,1.036589e-03,0.059884,4.498697e-02,EXPECTED
(13#)155,4657141,2.599418,4669627,2.597626,6.896228e-04,0.059792,2.997056e-02,EXPECTED
(13#)311/2,4674077,2.610601,4684661,2.597736,4.940167e-03,0.059700,2.154941e-01,EXPECTED
(13#)156,4687861,2.607950,4699691,2.597833,3.886836e-03,0.059608,1.697255e-01,EXPECTED
(13#)313/2,4710718,2.609368,4714691,2.597912,4.400001e-03,0.059517,1.924828e-01,EXPECTED
(13#)157,4729297,2.607043,4729693,2.597977,3.483564e-03,0.059427,1.525569e-01,EXPECTED
(13#)315/2,4734448,2.611760,4744711,2.598096,5.245455e-03,0.059337,2.302779e-01,EXPECTED
(13#)158,4749676,2.609849,4759753,2.598160,4.488863e-03,0.059248,1.972894e-01,EXPECTED
(13#)317/2,4765841,2.612665,4774769,2.598249,5.533017e-03,0.059159,2.436823e-01,EXPECTED
(13#)159,4785362,2.612487,4789783,2.598310,5.441408e-03,0.059071,2.399993e-01,EXPECTED
(13#)319/2,4792159,2.588525,4804799,2.598414,-3.813043e-03,0.058983,-1.676585e-01,OUTLIER
(13#)160,4818013,2.609266,4819813,2.598508,4.131522e-03,0.058896,1.826610e-01,EXPECTED
(13#)321/2,4824811,2.601355,4834829,2.598581,1.066936e-03,0.058809,4.716965e-02,EXPECTED
(13#)161,4837909,2.605804,4849843,2.598658,2.746107e-03,0.058723,1.216900e-01,EXPECTED
(19#)/2,4918721,2.600756,5105063,2.598732,7.785382e-04,0.058637,3.451745e-02,EXPECTED
(17#)10,5167067,2.597599,5360353,2.600059,-9.465802e-04,0.057252,-4.296793e-02,OUTLIER
(17#)21/2,5572393,2.607352,5615609,2.601254,2.341510e-03,0.055993,1.089065e-01,EXPECTED
(17#)11,5638274,2.605302,5870857,2.602352,1.132948e-03,0.054842,5.379089e-02,EXPECTED
(17#)23/2,5878723,2.605254,6126091,2.603357,7.284092e-04,0.053786,3.526940e-02,EXPECTED
(17#)12,6175451,2.603294,6381371,2.604282,-3.794472e-04,0.052816,-1.870645e-02,OUTLIER
(17#)25/2,6634582,2.604438,6636611,2.605125,-2.637457e-04,0.051920,-1.323190e-02,OUTLIER
(17#)13,6670333,2.604986,6891883,2.605935,-3.642350e-04,0.051092,-1.857434e-02,OUTLIER
(17#)27/2,6924206,2.610703,7147139,2.606692,1.537549e-03,0.050324,7.970352e-02,EXPECTED
(17#)14,7376626,2.610535,7402363,2.607317,1.233458e-03,0.049610,6.486595e-02,EXPECTED
(17#)29/2,7515967,2.611962,7657613,2.607938,1.541792e-03,0.048945,8.221473e-02,EXPECTED
(17#)15,7808617,2.611891,7912889,2.608536,1.285336e-03,0.048325,6.942576e-02,EXPECTED
(17#)31/2,8143934,2.607556,8168117,2.609060,-5.766190e-04,0.047745,-3.150068e-02,OUTLIER
(17#)16,8377064,2.615094,8423407,2.609592,2.106156e-03,0.047202,1.165629e-01,EXPECTED
(17#)33/2,8527412,2.609130,8678669,2.610051,-3.529289e-04,0.046693,-1.972458e-02,OUTLIER
(17#)17,8870593,2.615707,8933917,2.610499,1.993033e-03,0.046215,1.126907e-01,EXPECTED
(17#)35/2,9121549,2.613892,9189157,2.610906,1.143011e-03,0.045766,6.524494e-02,EXPECTED
(17#)18,9307022,2.615493,9444403,2.611317,1.597916e-03,0.045343,9.209801e-02,EXPECTED
(17#)37/2,9601418,2.616651,9699667,2.611674,1.903861e-03,0.044945,1.107353e-01,EXPECTED
(19#),9798904,2.616429,9954907,2.612018,1.687308e-03,0.044569,9.897014e-02,EXPECTED
(17#)39/2,10030684,2.609830,10210177,2.612355,-9.670282e-04,0.044215,-5.710732e-02,OUTLIER
(17#)20,10279447,2.610716,10465453,2.612664,-7.458772e-04,0.043880,-4.439380e-02,OUTLIER
(17#)41/2,10509104,2.610205,10720709,2.612951,-1.051472e-03,0.043563,-6.303514e-02,OUTLIER
(17#)21,10730206,2.616253,10975927,2.613219,1.160347e-03,0.042980,7.059097e-02,EXPECTED
(17#)43/2,11035639,2.619300,11231219,2.613489,2.220996e-03,0.042712,1.360508e-01,EXPECTED
(17#)22,11262739,2.617318,11486467,2.613725,1.373722e-03,0.042457,8.462680e-02,EXPECTED
(17#)45/2,11722628,2.612843,11741729,2.613953,-4.247344e-04,0.042216,-2.629335e-02,OUTLIER
(17#)23,11980162,2.618144,11996939,2.614174,1.517492e-03,0.041987,9.455308e-02,EXPECTED
(17#)47/2,12176348,2.615986,12252197,2.614383,6.129587e-04,0.041770,3.837683e-02,EXPECTED
(17#)24,12503914,2.618371,12507457,2.614595,1.443159e-03,0.041564,9.084785e-02,EXPECTED
(17#)49/2,12674359,2.620449,12762727,2.614779,2.166096e-03,0.041369,1.370592e-01,EXPECTED
(17#)25,12945293,2.619810,13018003,2.614934,1.862938e-03,0.041183,1.183984e-01,EXPECTED
(17#)51/2,13157726,2.614254,13273207,2.615096,-3.220286e-04,0.041007,-2.053308e-02,OUTLIER
(17#)26,13383668,2.621737,13528507,2.615259,2.473939e-03,0.040840,1.586190e-01,EXPECTED
(17#)53/2,13598296,2.621948,13783751,2.615400,2.500503e-03,0.040681,1.609597e-01,EXPECTED
(17#)27,13890334,2.615375,14039023,2.615543,-6.423347e-05,0.040531,-4.144975e-03,OUTLIER
(17#)55/2,14203249,2.615943,14294261,2.615671,1.039832e-04,0.040388,6.734674e-03,EXPECTED
(17#)28,14546944,2.610027,14549527,2.615796,-2.207883e-03,0.040252,-1.433221e-01,OUTLIER
(19#)3/2,14653259,2.623627,14804767,2.615917,2.943006e-03,0.040123,1.921591e-01,EXPECTED
(17#)29,14993599,2.620451,15060043,2.616035,1.686628e-03,0.040001,1.103972e-01,EXPECTED
(17#)59/2,15201136,2.622150,15315281,2.616130,2.298465e-03,0.039885,1.509339e-01,EXPECTED
(17#)30,15512572,2.621195,15570553,2.616234,1.894442e-03,0.039775,1.247266e-01,EXPECTED
(17#)61/2,15580924,2.620941,15825787,2.616323,1.763517e-03,0.039671,1.164075e-01,EXPECTED
(17#)31,15903079,2.620396,16081027,2.616414,1.520773e-03,0.039573,1.006242e-01,EXPECTED
(17#)63/2,16105231,2.624621,16336301,2.616501,3.098576e-03,0.039480,2.056738e-01,EXPECTED
(17#)32,16453264,2.623584,16591571,2.616574,2.675493e-03,0.039391,1.779594e-01,EXPECTED
(17#)65/2,16618577,2.617779,16846811,2.616643,4.340498e-04,0.039308,2.889997e-02,EXPECTED
(17#)33,17086924,2.622329,17102077,2.616714,2.143522e-03,0.039230,1.431303e-01,EXPECTED
(17#)67/2,17157347,2.615508,17357339,2.616777,-4.850653e-04,0.039156,-3.240883e-02,OUTLIER
(17#)34,17438299,2.625902,17612593,2.616838,3.457737e-03,0.039086,2.318989e-01,EXPECTED
(17#)69/2,17754362,2.624263,17867827,2.616895,2.811594e-03,0.039021,1.888214e-01,EXPECTED
(17#)35,17939156,2.615320,18123097,2.616942,-6.199996e-04,0.038959,-4.163351e-02,OUTLIER
(17#)71/2,18252083,2.624696,18378337,2.616989,2.940660e-03,0.038901,1.981183e-01,EXPECTED
(17#)36,18564664,2.625098,18633599,2.617039,3.074703e-03,0.038847,2.074549e-01,EXPECTED
(17#)73/2,18652631,2.624112,18888851,2.617075,2.685271e-03,0.038797,1.813800e-01,EXPECTED
(17#)37,18955823,2.626048,19144117,2.617114,3.407871e-03,0.038750,2.305548e-01,EXPECTED
(17#)75/2,19271158,2.619062,19399379,2.617145,7.322094e-04,0.038707,4.952593e-02,EXPECTED
(19#)2,19443122,2.621885,19654597,2.617179,1.796505e-03,0.038666,1.217090e-01,EXPECTED
(17#)77/2,19708879,2.625817,19909867,2.617203,3.285895e-03,0.038629,2.229931e-01,EXPECTED
(17#)39,19998859,2.625370,20165143,2.617232,3.104568e-03,0.038595,2.108563e-01,EXPECTED
(17#)79/2,20283568,2.627375,20420377,2.617252,3.860337e-03,0.038564,2.624987e-01,EXPECTED
(17#)40,20429401,2.628649,20675653,2.617272,4.337472e-03,0.038535,2.952381e-01,EXPECTED
(17#)81/2,20718961,2.625233,20930909,2.617287,3.031369e-03,0.038509,2.063414e-01,EXPECTED
(17#)41,21107407,2.622493,21186149,2.617299,1.982522e-03,0.038486,1.349582e-01,EXPECTED
(17#)83/2,21411154,2.624482,21441383,2.617312,2.735706e-03,0.038466,1.863984e-01,EXPECTED
(17#)42,21448858,2.626527,21696629,2.617319,3.511930e-03,0.038448,2.394923e-01,EXPECTED
(17#)85/2,21902344,2.627307,21951929,2.617327,3.805799e-03,0.038432,2.596794e-01,EXPECTED
(17#)43,22109926,2.625829,22207153,2.617331,3.241559e-03,0.038419,2.211926e-01,EXPECTED
(17#)87/2,22446616,2.626041,22462411,2.617332,3.321911e-03,0.038408,2.267496e-01,EXPECTED
(17#)44,22683424,2.626940,22717687,2.617330,3.664957e-03,0.038399,2.502669e-01,EXPECTED
(17#)89/2,22916389,2.628539,22972931,2.617327,4.274611e-03,0.038392,2.920400e-01,EXPECTED
(17#)45,23227639,2.627468,23228143,2.617321,3.869369e-03,0.038388,2.643274e-01,EXPECTED
(17#)91/2,23248021,2.624545,23483459,2.617313,2.759329e-03,0.038385,1.884069e-01,EXPECTED
(17#)46,23613664,2.628503,23738711,2.617303,4.270084e-03,0.038385,2.917806e-01,EXPECTED
(17#)93/2,23763461,2.627766,23993911,2.617295,3.992714e-03,0.038386,2.727817e-01,EXPECTED
(17#)47,24170554,2.626512,24249217,2.617279,3.521502e-03,0.038389,2.405116e-01,EXPECTED
(19#)5/2,24496594,2.621733,24504479,2.617265,1.705670e-03,0.038395,1.163693e-01,EXPECTED
(17#)48,24691036,2.622891,24759733,2.617247,2.154143e-03,0.038401,1.469753e-01,EXPECTED
(17#)97/2,24916354,2.626999,25014989,2.617232,3.724859e-03,0.038410,2.542827e-01,EXPECTED
(17#)49,25251022,2.623810,25270243,2.617216,2.516303e-03,0.038411,1.716696e-01,EXPECTED
(17#)99/2,25283017,2.628372,25525477,2.617191,4.263038e-03,0.038420,2.910203e-01,EXPECTED
(17#)50,25696939,2.623817,25780709,2.617166,2.538075e-03,0.038432,1.730589e-01,EXPECTED
(17#)101/2,25801309,2.627088,26036009,2.617144,3.792362e-03,0.038446,2.586485e-01,EXPECTED
(17#)51,26141191,2.629090,26291263,2.617118,4.564066e-03,0.038461,3.112764e-01,EXPECTED
(17#)103/2,26306708,2.628417,26546491,2.617089,4.319132e-03,0.038478,2.944020e-01,EXPECTED
(17#)52,26617804,2.631407,26801767,2.617061,5.466752e-03,0.038496,3.726621e-01,EXPECTED
(17#)105/2,27035497,2.629789,27057011,2.617030,4.863528e-03,0.038515,3.312735e-01,EXPECTED
(17#)53,27158464,2.629023,27312283,2.617002,4.582907e-03,0.038536,3.119421e-01,EXPECTED
(17#)107/2,27501673,2.628960,27567511,2.616968,4.571935e-03,0.038559,3.110039e-01,EXPECTED
(17#)54,27760763,2.629751,27822793,2.616937,4.884615e-03,0.038583,3.321152e-01,EXPECTED
(17#)109/2,27980503,2.628691,28078031,2.616899,4.495975e-03,0.038608,3.054289e-01,EXPECTED
(17#)55,28301542,2.630045,28333303,2.616861,5.025448e-03,0.038634,3.412538e-01,EXPECTED
(17#)111/2,28396519,2.630694,28588537,2.616824,5.286321e-03,0.038662,3.587502e-01,EXPECTED
(17#)56,28691977,2.629850,28843783,2.616791,4.978052e-03,0.038691,3.375204e-01,EXPECTED
(17#)113/2,28929157,2.630176,29099069,2.616748,5.118439e-03,0.038721,3.467886e-01,EXPECTED
(19#)3,29155046,2.630441,29354323,2.616710,5.233709e-03,0.038753,3.543210e-01,EXPECTED
(17#)115/2,29565262,2.629070,29609561,2.616670,4.727654e-03,0.038786,3.197030e-01,EXPECTED
(17#)58,29613937,2.628569,29864803,2.616631,4.551979e-03,0.038819,3.075298e-01,EXPECTED
(17#)117/2,30099763,2.626030,30120061,2.616578,3.605843e-03,0.038854,2.432697e-01,EXPECTED
(17#)59,30218456,2.627828,30375337,2.616535,4.306726e-03,0.038890,2.903831e-01,EXPECTED
(17#)119/2,30382789,2.631909,30630599,2.616488,5.876478e-03,0.038928,3.961416e-01,EXPECTED
(17#)60,30883093,2.633360,30885853,2.616445,6.444071e-03,0.038966,4.340964e-01,EXPECTED
(17#)121/2,31009246,2.629683,31141109,2.616397,5.065126e-03,0.039005,3.406230e-01,EXPECTED
(17#)61,31171139,2.631779,31396333,2.616349,5.880209e-03,0.039045,3.951850e-01,EXPECTED
(17#)123/2,31624316,2.631075,31651597,2.616293,5.634078e-03,0.039087,3.781820e-01,EXPECTED
(17#)62,31887652,2.631962,31906867,2.616244,5.989874e-03,0.039129,4.016970e-01,EXPECTED
(17#)125/2,31961998,2.630995,32162129,2.616194,5.641512e-03,0.039172,3.778464e-01,EXPECTED
(17#)63,32354356,2.632298,32417381,2.616146,6.154987e-03,0.039217,4.118622e-01,EXPECTED
(17#)127/2,32472961,2.632306,32672639,2.616088,6.180196e-03,0.039262,4.130712e-01,EXPECTED
(17#)64,32919296,2.630170,32927837,2.616032,5.389817e-03,0.039308,3.596723e-01,EXPECTED
(17#)129/2,33019706,2.628541,33183149,2.615979,4.790533e-03,0.039355,3.191971e-01,EXPECTED
(17#)65,33279284,2.631961,33438359,2.615926,6.111050e-03,0.039403,4.069487e-01,EXPECTED
(17#)131/2,33643406,2.629604,33693641,2.615864,5.238820e-03,0.039452,3.482713e-01,EXPECTED
(17#)66,33777019,2.632037,33948883,2.615808,6.185035e-03,0.039502,4.108400e-01,EXPECTED
(19#)7/2,34046093,2.632356,34204141,2.615749,6.328782e-03,0.039552,4.198776e-01,EXPECTED
(17#)67,34266923,2.630062,34459423,2.615691,5.479113e-03,0.039604,3.628674e-01,EXPECTED
(17#)135/2,34576216,2.634091,34714679,2.615634,7.031635e-03,0.039656,4.654277e-01,EXPECTED
(17#)68,34954384,2.627883,34969931,2.615569,4.696914e-03,0.039709,3.101060e-01,EXPECTED
(17#)137/2,35084837,2.631588,35225171,2.615509,6.128741e-03,0.039763,4.043709e-01,EXPECTED
(17#)69,35316493,2.629890,35480443,2.615454,5.504324e-03,0.039818,3.625496e-01,EXPECTED
(17#)139/2,35642969,2.631976,35735681,2.615384,6.323963e-03,0.039874,4.161107e-01,EXPECTED
(17#)70,35899592,2.628367,35990951,2.615327,4.973603e-03,0.039930,3.265715e-01,EXPECTED
(17#)141/2,36073241,2.633081,36246209,2.615260,6.791124e-03,0.039987,4.456698e-01,EXPECTED
(17#)71,36398188,2.630918,36501463,2.615198,5.993023e-03,0.040045,3.925584e-01,EXPECTED
(17#)143/2,36581563,2.629058,36756677,2.615128,5.312562e-03,0.040103,3.473556e-01,EXPECTED
(17#)72,36973873,2.633653,37011911,2.615066,7.082520e-03,0.040163,4.627891e-01,EXPECTED
(17#)145/2,37016704,2.630069,37267229,2.614997,5.747131e-03,0.040223,3.747110e-01,EXPECTED
(17#)73,37496491,2.629585,37522483,2.614926,5.590240e-03,0.040283,3.639004e-01,EXPECTED
(17#)147/2,37751653,2.626389,37777739,2.614859,4.399723e-03,0.040345,2.857851e-01,EXPECTED
(17#)74,37963693,2.632427,38032991,2.614789,6.722828e-03,0.040407,4.365085e-01,EXPECTED
(17#)149/2,38099641,2.633034,38288213,2.614722,6.979011e-03,0.040470,4.524833e-01,EXPECTED
(17#)75,38387458,2.631562,38543501,2.614649,6.447723e-03,0.040533,4.172649e-01,EXPECTED
(17#)151/2,38661856,2.632132,38798759,2.614580,6.690691e-03,0.040597,4.323472e-01,EXPECTED
(19#)4,38836108,2.629723,39054013,2.614517,5.799141e-03,0.040662,3.739609e-01,EXPECTED
(17#)153/2,39131578,2.631563,39309251,2.614433,6.530718e-03,0.040728,4.205952e-01,EXPECTED
(17#)77,39347939,2.631460,39564521,2.614371,6.515292e-03,0.040794,4.189096e-01,EXPECTED
(17#)155/2,39766889,2.633842,39819751,2.614291,7.450684e-03,0.040861,4.784758e-01,EXPECTED
(17#)78,39934108,2.634013,40074989,2.614221,7.542382e-03,0.040928,4.835809e-01,EXPECTED
(17#)157/2,40313531,2.634894,40330289,2.614146,7.905487e-03,0.040996,5.060982e-01,EXPECTED
(17#)79,40519231,2.632190,40585543,2.614076,6.905510e-03,0.041065,4.411056e-01,EXPECTED
(17#)159/2,40758841,2.633124,40840777,2.614002,7.288594e-03,0.041134,4.648709e-01,EXPECTED
(17#)80,41026108,2.632692,41096053,2.613913,7.158565e-03,0.041204,4.557567e-01,EXPECTED
(17#)161/2,41344276,2.629465,41351291,2.613839,5.960382e-03,0.041275,3.785827e-01,EXPECTED
(17#)81,41405201,2.633644,41606533,2.613767,7.575963e-03,0.041346,4.807478e-01,EXPECTED
(17#)163/2,41744774,2.631825,41861759,2.613684,6.916802e-03,0.041418,4.379980e-01,EXPECTED
(17#)82,41954984,2.633679,42117067,2.613603,7.651999e-03,0.041490,4.838756e-01,EXPECTED
(17#)165/2,42145777,2.633117,42372293,2.613529,7.466900e-03,0.041563,4.712846e-01,EXPECTED
(17#)83,42624509,2.632990,42627569,2.613447,7.450043e-03,0.041636,4.693775e-01,EXPECTED
(17#)167/2,42661672,2.632549,42882821,2.613369,7.312385e-03,0.041710,4.598418e-01,EXPECTED
(17#)84,43062872,2.633218,43138079,2.613286,7.598239e-03,0.041785,4.770133e-01,EXPECTED
(17#)169/2,43159756,2.631244,43393349,2.613207,6.878535e-03,0.041860,4.308887e-01,EXPECTED
(17#)85,43543622,2.631252,43648601,2.613126,6.912573e-03,0.041936,4.322301e-01,EXPECTED
(19#)9/2,43817623,2.631417,43903841,2.613046,7.005894e-03,0.042012,4.372798e-01,EXPECTED
(17#)86,43986944,2.634464,44159107,2.612959,8.196450e-03,0.042089,5.109411e-01,EXPECTED
(17#)173/2,44294533,2.631231,44414329,2.612888,6.995675e-03,0.042166,4.350187e-01,EXPECTED
(17#)87,44528149,2.634733,44669621,2.612792,8.362467e-03,0.042244,5.193874e-01,EXPECTED
(17#)175/2,44731231,2.634755,44924879,2.612722,8.397609e-03,0.042322,5.206039e-01,EXPECTED
(17#)88,45173824,2.632683,45180133,2.612634,7.644570e-03,0.042401,4.728426e-01,EXPECTED
(17#)177/2,45267808,2.635113,45435389,2.612542,8.602372e-03,0.042481,5.313199e-01,EXPECTED
(17#)89,45561898,2.634634,45690641,2.612456,8.453498e-03,0.042561,5.210874e-01,EXPECTED
(17#)179/2,45750142,2.633862,45945877,2.612370,8.193355e-03,0.042641,5.040220e-01,EXPECTED
(17#)90,46085467,2.634998,46201139,2.612286,8.656723e-03,0.042722,5.316231e-01,EXPECTED
(17#)181/2,46431778,2.632357,46456409,2.612202,7.686099e-03,0.042803,4.708782e-01,EXPECTED
(17#)91,46594183,2.635729,46711627,2.612119,8.998035e-03,0.042885,5.505421e-01,EXPECTED
(17#)183/2,46894108,2.633895,46966883,2.612020,8.339871e-03,0.042968,5.090998e-01,EXPECTED
(17#)92,47087281,2.633008,47222159,2.611932,8.036741e-03,0.043051,4.895589e-01,EXPECTED
(17#)185/2,47309188,2.633116,47477429,2.611851,8.108770e-03,0.043134,4.929986e-01,EXPECTED
(17#)93,47622787,2.634875,47732611,2.611761,8.811036e-03,0.043218,5.348235e-01,EXPECTED
(17#)187/2,47873767,2.635685,47987921,2.611667,9.154395e-03,0.043303,5.546498e-01,EXPECTED
(17#)94,48190642,2.635323,48243193,2.611584,9.048821e-03,0.043388,5.471328e-01,EXPECTED
(17#)189/2,48285199,2.635154,48498403,2.611486,9.022216e-03,0.043473,5.444299e-01,EXPECTED
(19#)5,48626887,2.632639,48753673,2.611412,8.095694e-03,0.043559,4.873161e-01,EXPECTED
(17#)191/2,48879484,2.633137,49008913,2.611304,8.326198e-03,0.043645,5.002406e-01,EXPECTED
(17#)96,49187434,2.632998,49264213,2.611220,8.305576e-03,0.043732,4.979877e-01,EXPECTED
(17#)193/2,49318109,2.635156,49519469,2.611127,9.160454e-03,0.043819,5.483694e-01,EXPECTED
(17#)97,49635736,2.634741,49774723,2.611034,9.038573e-03,0.043907,5.399367e-01,EXPECTED
(17#)195/2,49940141,2.633450,50029951,2.610933,8.587145e-03,0.043995,5.118082e-01,EXPECTED
(17#)98,50141197,2.634563,50285233,2.610916,9.016206e-03,0.044084,5.364078e-01,EXPECTED
(17#)197/2,50458396,2.635375,50540467,2.611044,9.275346e-03,0.043978,5.532539e-01,EXPECTED
(17#)99,50608574,2.633957,50795713,2.611210,8.673563e-03,0.043799,5.193498e-01,EXPECTED
(17#)199/2,50912011,2.636007,51050981,2.611399,9.379179e-03,0.043623,5.641061e-01,EXPECTED
(17#)100,51198841,2.634543,51306247,2.611559,8.762371e-03,0.043448,5.290002e-01,EXPECTED
(17#)201/2,51539167,2.635865,51561479,2.611729,9.198947e-03,0.043274,5.577483e-01,EXPECTED
(17#)101,51716248,2.634955,51816749,2.611894,8.790475e-03,0.043102,5.350332e-01,EXPECTED
(17#)203/2,52007056,2.633287,52072019,2.612059,8.094076e-03,0.042932,4.944563e-01,EXPECTED
(17#)102,52116109,2.633243,52327243,2.612239,8.008458e-03,0.042763,4.911723e-01,EXPECTED
(17#)205/2,52371376,2.633141,52582487,2.612404,7.906560e-03,0.042596,4.868297e-01,EXPECTED
(17#)103,52646206,2.633595,52837747,2.612550,8.023077e-03,0.042430,4.959934e-01,EXPECTED
(17#)207/2,52911227,2.635705,53093017,2.612707,8.763850e-03,0.042266,5.441253e-01,EXPECTED
(17#)104,53265791,2.635671,53348287,2.612867,8.689713e-03,0.042103,5.416241e-01,EXPECTED
(19#)11/2,53359531,2.635169,53603549,2.613030,8.436849e-03,0.041941,5.278606e-01,EXPECTED
(17#)105,53699671,2.633020,53858797,2.613179,7.563989e-03,0.041781,4.748809e-01,EXPECTED
(17#)211/2,54054124,2.635260,54114059,2.613354,8.347395e-03,0.041623,5.262956e-01,EXPECTED
(17#)106,54226726,2.635112,54369311,2.613488,8.239958e-03,0.041466,5.214875e-01,EXPECTED
(17#)213/2,54448969,2.634606,54624529,2.613658,7.982873e-03,0.041310,5.070927e-01,EXPECTED
(17#)107,54684703,2.633856,54879793,2.613787,7.648805e-03,0.041155,4.876443e-01,EXPECTED
(17#)215/2,55083529,2.633461,55135049,2.613937,7.441437e-03,0.041002,4.761719e-01,EXPECTED
(17#)108,55192084,2.635633,55390327,2.614109,8.200068e-03,0.040850,5.269033e-01,EXPECTED
(17#)217/2,55473001,2.636138,55645571,2.614231,8.344986e-03,0.040700,5.382555e-01,EXPECTED
(17#)109,55853137,2.636086,55900837,2.614384,8.266736e-03,0.040551,5.351779e-01,EXPECTED
(17#)219/2,56049046,2.635400,56156081,2.614527,7.951772e-03,0.040403,5.166201e-01,EXPECTED
(17#)110,56165927,2.635609,56411353,2.614684,7.971026e-03,0.040256,5.197983e-01,EXPECTED
(17#)221/2,56548759,2.635267,56666579,2.614805,7.794980e-03,0.040110,5.101471e-01,EXPECTED
(17#)111,56673544,2.633961,56921863,2.614951,7.243438e-03,0.039966,4.756543e-01,EXPECTED
(17#)223/2,56969719,2.635792,57177101,2.615102,7.880604e-03,0.039823,5.195490e-01,EXPECTED
(17#)112,57242986,2.635920,57432373,2.615222,7.883278e-03,0.039681,5.216098e-01,EXPECTED
(17#)225/2,57577804,2.636144,57687607,2.615373,7.910517e-03,0.039540,5.253161e-01,EXPECTED
(17#)113,57712034,2.637007,57942883,2.615500,8.189278e-03,0.039400,5.458629e-01,EXPECTED
(17#)227/2,57988096,2.635972,58198097,2.615637,7.744332e-03,0.039262,5.179308e-01,EXPECTED
(19#)6,58327037,2.635784,58453393,2.615785,7.616427e-03,0.039125,5.111565e-01,EXPECTED
(17#)229/2,58622908,2.634749,58708621,2.615901,7.179332e-03,0.038988,4.834308e-01,EXPECTED
(17#)115,58803007,2.634830,58963889,2.616041,7.156558e-03,0.038853,4.835920e-01,EXPECTED
(17#)231/2,59213989,2.635457,59219141,2.616181,7.340981e-03,0.038719,4.978434e-01,EXPECTED
(17#)116,59297873,2.634889,59474407,2.616292,7.083008e-03,0.038586,4.819624e-01,EXPECTED
(17#)233/2,59503861,2.637234,59729633,2.616427,7.920994e-03,0.038454,5.410881e-01,EXPECTED
(17#)117,59774947,2.635060,59984921,2.616552,7.048532e-03,0.038323,4.829476e-01,EXPECTED
(17#)235/2,60116767,2.634939,60240179,2.616684,6.952165e-03,0.038193,4.779672e-01,EXPECTED
(17#)118,60336769,2.636403,60495433,2.616795,7.465202e-03,0.038064,5.151324e-01,EXPECTED
(17#)237/2,60497854,2.634093,60750689,2.616926,6.538564e-03,0.037936,4.525253e-01,EXPECTED
(17#)119,60816697,2.635280,61005929,2.617044,6.944002e-03,0.037810,4.823063e-01,EXPECTED
(17#)239/2,61220564,2.635772,61261199,2.617170,7.082537e-03,0.037684,4.936312e-01,EXPECTED
(17#)120,61395833,2.637005,61516447,2.617299,7.500933e-03,0.037559,5.246679e-01,EXPECTED
(17#)241/2,61759091,2.633558,61771691,2.617426,6.144392e-03,0.037435,4.309336e-01,EXPECTED
(17#)121,61983998,2.636409,62026961,2.617533,7.185493e-03,0.037312,5.058962e-01,EXPECTED
(17#)243/2,62244289,2.637559,62282179,2.617653,7.575753e-03,0.037190,5.352514e-01,EXPECTED
(17#)122,62376973,2.635962,62537473,2.617761,6.928828e-03,0.037068,4.910165e-01,EXPECTED
(17#)245/2,62587496,2.633622,62792693,2.617880,5.995255e-03,0.036948,4.260582e-01,EXPECTED
(17#)123,62989169,2.635139,63047981,2.618011,6.521063e-03,0.036829,4.650683e-01,EXPECTED
(19#)13/2,63287786,2.637261,63303217,2.618115,7.286285e-03,0.036710,5.215473e-01,EXPECTED
(17#)124,63537428,2.635042,63558491,2.618231,6.400222e-03,0.036593,4.594048e-01,EXPECTED
(17#)249/2,63618773,2.633530,63813731,2.618348,5.781567e-03,0.036476,4.162189e-01,EXPECTED
(17#)125,63890804,2.632723,64069003,2.618453,5.434986e-03,0.036360,3.924642e-01,EXPECTED
(17#)251/2,64316048,2.636346,64324237,2.618567,6.766646e-03,0.036245,4.905228e-01,EXPECTED
(17#)126,64424396,2.637243,64579511,2.618675,7.065589e-03,0.036131,5.139077e-01,EXPECTED
(17#)253/2,64765823,2.636032,64834751,2.618788,6.563141e-03,0.036018,4.787606e-01,EXPECTED
(17#)127,64931122,2.634970,65090021,2.618895,6.119324e-03,0.035905,4.477092e-01,EXPECTED
(17#)255/2,65322134,2.633716,65345279,2.619001,5.602829e-03,0.035794,4.111024e-01,EXPECTED
(17#)128,65582632,2.636488,65600489,2.619124,6.607818e-03,0.035683,4.866183e-01,EXPECTED
(17#)257/2,65836588,2.636090,65855771,2.619215,6.422104e-03,0.035573,4.743766e-01,EXPECTED
(17#)129,65963042,2.635804,66111043,2.619333,6.268554e-03,0.035463,4.644559e-01,EXPECTED
(17#)259/2,66330947,2.636673,66366281,2.619436,6.558868e-03,0.035355,4.875407e-01,EXPECTED
(17#)130,66475847,2.636600,66621551,2.619537,6.492624e-03,0.035247,4.840979e-01,EXPECTED
(17#)261/2,66759878,2.632266,66876791,2.619639,4.808550e-03,0.035140,3.593341e-01,EXPECTED
(17#)131,67003604,2.638001,67132063,2.619748,6.943303e-03,0.035034,5.210082e-01,EXPECTED
(17#)263/2,67307957,2.635541,67387291,2.619856,5.969120e-03,0.034928,4.490667e-01,EXPECTED
(17#)132,67561558,2.637463,67642571,2.619947,6.663382e-03,0.034823,5.030009e-01,EXPECTED
(17#)265/2,67837898,2.635003,67897807,2.620046,5.692446e-03,0.034719,4.308016e-01,EXPECTED
(19#)7,68084449,2.637449,68153077,2.620147,6.581739e-03,0.034616,4.998267e-01,EXPECTED
(17#)267/2,68374573,2.637397,68408339,2.620240,6.526529e-03,0.034514,4.971026e-01,EXPECTED
(17#)134,68573404,2.636503,68663593,2.620352,6.144758e-03,0.034412,4.693421e-01,EXPECTED
(17#)269/2,68827744,2.637719,68918771,2.620443,6.571141e-03,0.034311,5.035120e-01,EXPECTED
(17#)135,68941876,2.637597,69174101,2.620549,6.484438e-03,0.034210,4.983338e-01,EXPECTED
(17#)271/2,69300487,2.639059,69429337,2.620636,7.005378e-03,0.034110,5.401055e-01,EXPECTED
(17#)136,69484453,2.638006,69684611,2.620735,6.568516e-03,0.034011,5.078063e-01,EXPECTED
(17#)273/2,69727604,2.637982,69939847,2.620836,6.520880e-03,0.033913,5.055878e-01,EXPECTED
(17#)137,70017487,2.636601,70195093,2.620927,5.962516e-03,0.033815,4.635221e-01,EXPECTED
(17#)275/2,70230652,2.636101,70450379,2.621016,5.738903e-03,0.033718,4.473872e-01,EXPECTED
(17#)138,70519193,2.637251,70705627,2.621108,6.139958e-03,0.033621,4.801463e-01,EXPECTED
(17#)277/2,70943798,2.635591,70960871,2.621206,5.472928e-03,0.033525,4.290828e-01,EXPECTED
(17#)139,71076134,2.638363,71216129,2.621292,6.491323e-03,0.033430,5.106491e-01,EXPECTED
(17#)279/2,71221001,2.638419,71471363,2.621383,6.477833e-03,0.033336,5.110391e-01,EXPECTED
(17#)140,71656906,2.638110,71726651,2.621475,6.325615e-03,0.033242,5.004212e-01,EXPECTED
(17#)281/2,71735264,2.638721,71981879,2.621570,6.520955e-03,0.033148,5.174068e-01,EXPECTED
(17#)141,72112511,2.637571,72237163,2.621659,6.051094e-03,0.033056,4.813650e-01,EXPECTED
(17#)283/2,72336923,2.639129,72492419,2.621757,6.604235e-03,0.032963,5.270151e-01,EXPECTED
(17#)142,72721048,2.636909,72747673,2.621840,5.731037e-03,0.032872,4.584145e-01,EXPECTED
(19#)15/2,72970318,2.636999,73002877,2.621923,5.733510e-03,0.032781,4.599006e-01,EXPECTED
(17#)143,73162897,2.637547,73258169,2.622013,5.906975e-03,0.032691,4.751767e-01,EXPECTED
(17#)287/2,73416388,2.639578,73513421,2.622108,6.640481e-03,0.032601,5.358731e-01,EXPECTED
(17#)144,73679659,2.637208,73768691,2.622189,5.711317e-03,0.032512,4.619525e-01,EXPECTED
(17#)289/2,73865923,2.637441,74023903,2.622266,5.770299e-03,0.032423,4.680320e-01,EXPECTED
(17#)145,74198197,2.636120,74279201,2.622360,5.233463e-03,0.032335,4.255451e-01,EXPECTED
(17#)291/2,74415724,2.637634,74534459,2.622445,5.775214e-03,0.032248,4.710060e-01,EXPECTED
(17#)146,74595188,2.638243,74789713,2.622526,5.975190e-03,0.032161,4.886975e-01,EXPECTED
(17#)293/2,74903176,2.637385,75044969,2.622608,5.618653e-03,0.032074,4.607158e-01,EXPECTED
(17#)147,75214519,2.637605,75300223,2.622690,5.670800e-03,0.031988,4.662686e-01,EXPECTED
(17#)295/2,75547741,2.637880,75555479,2.622772,5.743791e-03,0.031903,4.735605e-01,EXPECTED
(17#)148,75693764,2.637004,75810697,2.622854,5.380386e-03,0.031818,4.447168e-01,EXPECTED
(17#)297/2,75996457,2.636998,76065989,2.622935,5.347229e-03,0.031734,4.431525e-01,EXPECTED
(17#)149,76103812,2.635696,76321207,2.623021,4.820577e-03,0.031650,4.004739e-01,EXPECTED
(17#)299/2,76519952,2.637322,76576477,2.623097,5.408328e-03,0.031567,4.506288e-01,EXPECTED
(17#)150,76801957,2.637580,76831739,2.623187,5.471839e-03,0.031484,4.571528e-01,EXPECTED
(17#)301/2,77046511,2.637491,77086979,2.623257,5.411411e-03,0.031402,4.532832e-01,EXPECTED
(17#)151,77118317,2.636486,77342257,2.623342,4.997892e-03,0.031320,4.196679e-01,EXPECTED
(17#)303/2,77547046,2.634729,77597441,2.623413,4.304189e-03,0.031239,3.622395e-01,EXPECTED
(19#)8,77647972,2.636782,77852771,2.623497,5.051074e-03,0.031159,4.263616e-01,EXPECTED
(17#)305/2,77874982,2.638674,78108001,2.623568,5.741295e-03,0.031078,4.860673e-01,EXPECTED
(17#)153,78275107,2.638349,78363281,2.623655,5.584959e-03,0.030999,4.740153e-01,EXPECTED
(17#)307/2,78486157,2.635975,78618521,2.623722,4.659212e-03,0.030919,3.962935e-01,EXPECTED
(17#)154,78822322,2.634340,78873787,2.623808,4.005979e-03,0.030841,3.414935e-01,EXPECTED
(17#)309/2,78966427,2.638268,79129049,2.623890,5.464692e-03,0.030762,4.673948e-01,EXPECTED
(17#)155,79340026,2.638984,79384289,2.623957,5.710511e-03,0.030684,4.897341e-01,EXPECTED
(17#)311/2,79589386,2.634917,79639537,2.624028,4.141141e-03,0.030607,3.557683e-01,EXPECTED
(17#)156,79813457,2.637192,79894807,2.624097,4.977878e-03,0.030530,4.289224e-01,EXPECTED
(17#)313/2,79993982,2.637292,80150047,2.624175,4.986072e-03,0.030454,4.307152e-01,EXPECTED
(17#)157,80189056,2.636042,80405279,2.624243,4.486076e-03,0.030378,3.884061e-01,EXPECTED
(17#)315/2,80483692,2.637151,80660579,2.624321,4.876972e-03,0.030302,4.234044e-01,EXPECTED
(17#)158,80775787,2.638658,80915819,2.624389,5.422348e-03,0.030227,4.720614e-01,EXPECTED
(17#)317/2,81090704,2.637190,81171061,2.624472,4.834223e-03,0.030152,4.217962e-01,EXPECTED
(17#)159,81205606,2.638884,81426337,2.624533,5.453125e-03,0.030078,4.771261e-01,EXPECTED
(17#)319/2,81457762,2.636467,81681563,2.624614,4.505926e-03,0.030004,3.950473e-01,EXPECTED
(17#)160,81745228,2.639338,81936851,2.624684,5.567620e-03,0.029931,4.895927e-01,EXPECTED
(17#)321/2,81948434,2.636703,82192109,2.624754,4.542096e-03,0.029858,4.001943e-01,EXPECTED
(17#)161,82299649,2.636581,82447357,2.624818,4.471442e-03,0.029785,3.949303e-01,EXPECTED
(19#)17/2,82476448,2.635786,82702597,2.624894,4.140915e-03,0.029713,3.665736e-01,EXPECTED
(17#)162,82772831,2.636570,82957873,2.624958,4.413934e-03,0.029641,3.917547e-01,EXPECTED
(17#)325/2,82974277,2.638083,83213071,2.625036,4.957907e-03,0.029570,4.412242e-01,EXPECTED
(17#)163,83270389,2.638021,83468347,2.625092,4.913072e-03,0.029499,4.382860e-01,EXPECTED
(17#)327/2,83573866,2.635813,83723639,2.625170,4.046017e-03,0.029428,3.616624e-01,EXPECTED
(17#)164,83908249,2.637948,83978893,2.625228,4.833593e-03,0.029358,4.332720e-01,EXPECTED
(17#)329/2,84107501,2.638511,84234149,2.625295,5.021472e-03,0.029288,4.512428e-01,EXPECTED
(17#)165,84251312,2.638312,84489347,2.625369,4.917861e-03,0.029219,4.429652e-01,EXPECTED
(17#)331/2,84692869,2.638572,84744659,2.625435,4.991265e-03,0.029150,4.506690e-01,EXPECTED
(17#)166,84806881,2.637017,84999913,2.625507,4.374334e-03,0.029081,3.957911e-01,EXPECTED
(17#)333/2,85253866,2.638908,85255169,2.625562,5.070227e-03,0.029013,4.600007e-01,EXPECTED
(17#)167,85368512,2.638315,85510423,2.625628,4.820350e-03,0.028945,4.383140e-01,EXPECTED
(17#)335/2,85668334,2.637413,85765679,2.625696,4.452509e-03,0.028878,4.057414e-01,EXPECTED
(17#)168,85894337,2.638894,86020871,2.625761,4.989131e-03,0.028811,4.558328e-01,EXPECTED
(17#)337/2,86057368,2.638057,86276167,2.625823,4.648291e-03,0.028744,4.256193e-01,EXPECTED
(17#)169,86277679,2.638048,86531429,2.625889,4.619744e-03,0.028678,4.239835e-01,EXPECTED
(17#)339/2,86635817,2.639347,86786681,2.625948,5.089564e-03,0.028612,4.683000e-01,EXPECTED
(17#)170,86986723,2.638438,87041951,2.626010,4.721491e-03,0.028546,4.353675e-01,EXPECTED
(17#)341/2,87237119,2.638759,87297169,2.626080,4.816491e-03,0.028481,4.451740e-01,EXPECTED
(19#)9,87336859,2.639474,87552457,2.626145,5.062663e-03,0.028416,4.690667e-01,EXPECTED
(17#)343/2,87739513,2.640518,87807719,2.626203,5.436033e-03,0.028351,5.049205e-01,EXPECTED
(17#)172,87907256,2.639516,88062899,2.626264,5.033263e-03,0.028287,4.684838e-01,EXPECTED
(17#)345/2,88317857,2.637953,88318211,2.626332,4.415042e-03,0.028223,4.117564e-01,EXPECTED
(17#)173,88332746,2.639604,88573477,2.626388,5.019388e-03,0.028160,4.693182e-01,EXPECTED
(17#)347/2,88779079,2.639884,88828721,2.626451,5.101472e-03,0.028096,4.781108e-01,EXPECTED
(17#)174,88877512,2.639661,89083993,2.626506,4.996054e-03,0.028034,4.692516e-01,EXPECTED
(17#)349/2,89108666,2.637577,89339221,2.626565,4.183784e-03,0.027971,3.936935e-01,EXPECTED
(17#)175,89533657,2.638480,89594503,2.626631,4.500957e-03,0.027909,4.245584e-01,EXPECTED
(17#)351/2,89819974,2.638140,89849731,2.626693,4.348483e-03,0.027847,4.110676e-01,EXPECTED
(17#)176,90020452,2.637408,90105013,2.626743,4.051941e-03,0.027785,3.838402e-01,EXPECTED
(17#)353/2,90240302,2.637067,90360241,2.626813,3.895990e-03,0.027724,3.698600e-01,EXPECTED
(17#)177,90408334,2.637155,90615509,2.626860,3.911468e-03,0.027663,3.721578e-01,EXPECTED
(17#)355/2,90811001,2.636897,90870761,2.626922,3.790028e-03,0.027603,3.613738e-01,EXPECTED
(17#)178,90875329,2.638249,91126003,2.626979,4.280923e-03,0.027542,4.091932e-01,EXPECTED
(17#)357/2,91148602,2.639899,91381271,2.627045,4.881018e-03,0.027482,4.677243e-01,EXPECTED
(17#)179,91405261,2.638676,91636541,2.627094,4.398984e-03,0.027423,4.223462e-01,EXPECTED
(17#)359/2,91757573,2.638221,91891799,2.627154,4.203695e-03,0.027363,4.044513e-01,EXPECTED
(17#)180,92067589,2.638822,92147051,2.627212,4.409398e-03,0.027304,4.252124e-01,EXPECTED
(19#)19/2,92385088,2.637805,92402281,2.627268,4.002609e-03,0.027245,3.867499e-01,EXPECTED
(17#)181,92519813,2.637801,92657519,2.627324,3.979778e-03,0.027187,3.853680e-01,EXPECTED
(17#)363/2,92901394,2.637219,92912789,2.627385,3.735898e-03,0.027129,3.624903e-01,EXPECTED
(17#)182,92977351,2.636052,93168073,2.627433,3.275019e-03,0.027071,3.183850e-01,EXPECTED
(17#)365/2,93168766,2.638208,93423329,2.627494,4.069359e-03,0.027013,3.966238e-01,EXPECTED
(17#)183,93595127,2.639289,93678581,2.627545,4.459613e-03,0.026956,4.356729e-01,EXPECTED
(17#)367/2,93719959,2.639809,93933809,2.627601,4.635303e-03,0.026899,4.538459e-01,EXPECTED
(17#)184,94104617,2.639076,94189091,2.627652,4.338184e-03,0.026842,4.256017e-01,EXPECTED
(17#)369/2,94231087,2.638209,94444331,2.627709,3.987914e-03,0.026786,3.919958e-01,EXPECTED
(17#)185,94591381,2.639222,94699573,2.627775,4.346696e-03,0.026730,4.282454e-01,EXPECTED
(17#)371/2,94942972,2.637647,94954859,2.627813,3.735291e-03,0.026674,3.686736e-01,EXPECTED
(17#)186,95018488,2.639047,95210113,2.627871,4.243854e-03,0.026618,4.198663e-01,EXPECTED
(17#)373/2,95327212,2.640352,95465369,2.627925,4.717680e-03,0.026563,4.678312e-01,EXPECTED
(17#)187,95638024,2.638354,95720551,2.627975,3.941650e-03,0.026508,3.915422e-01,EXPECTED
(17#)375/2,95862097,2.640045,95975861,2.628025,4.563349e-03,0.026453,4.543908e-01,EXPECTED
(17#)188,96228532,2.639652,96231133,2.628080,4.393549e-03,0.026398,4.383665e-01,EXPECTED
(17#)377/2,96281998,2.635636,96486371,2.628130,2.851952e-03,0.026344,2.849226e-01,EXPECTED
(17#)189,96590467,2.639794,96741613,2.628183,4.408151e-03,0.026290,4.416508e-01,EXPECTED
(17#)379/2,96761953,2.639482,96996877,2.628233,4.270929e-03,0.026237,4.287457e-01,EXPECTED
(19#)10,97088941,2.637926,97252153,2.628289,3.659938e-03,0.026183,3.680632e-01,EXPECTED
(17#)381/2,97285939,2.639383,97507391,2.628338,4.193470e-03,0.026130,4.226942e-01,EXPECTED
(17#)191,97680082,2.638759,97762663,2.628386,3.938761e-03,0.026077,3.977835e-01,EXPECTED
(17#)383/2,97795063,2.639579,98017901,2.628439,4.229301e-03,0.026024,4.280664e-01,EXPECTED
(17#)192,98047841,2.640364,98273143,2.628487,4.508391e-03,0.025972,4.573002e-01,EXPECTED
(17#)385/2,98359288,2.640322,98528401,2.628541,4.471940e-03,0.025920,4.545139e-01,EXPECTED
(17#)193,98775877,2.639451,98783677,2.628592,4.122599e-03,0.025868,4.197851e-01,EXPECTED
(17#)387/2,98843674,2.640498,99038939,2.628639,4.501314e-03,0.025816,4.593663e-01,EXPECTED
(17#)194,99073283,2.639764,99294187,2.628691,4.203516e-03,0.025764,4.297857e-01,EXPECTED
(17#)389/2,99515047,2.639813,99549449,2.628737,4.204579e-03,0.025713,4.307549e-01,EXPECTED
(17#)195,99768322,2.637211,99804697,2.628786,3.199777e-03,0.025662,3.283064e-01,EXPECTED
(17#)391/2,99946831,2.638389,100059937,2.628839,3.626200e-03,0.025612,3.728721e-01,EXPECTED
(17#)196,100111906,2.638212,100315157,2.628883,3.542374e-03,0.025561,3.649701e-01,EXPECTED
(17#)393/2,100388272,2.639528,100570441,2.628934,4.021672e-03,0.025511,4.152718e-01,EXPECTED
(17#)197,100693913,2.639089,100825667,2.628983,3.836702e-03,0.025461,3.969208e-01,EXPECTED
(17#)395/2,101034746,2.641022,101080961,2.629029,4.551387e-03,0.025411,4.719610e-01,EXPECTED
(17#)198,101260834,2.638852,101336233,2.629076,3.711520e-03,0.025362,3.854586e-01,EXPECTED
(17#)397/2,101352367,2.639342,101591467,2.629124,3.878933e-03,0.025312,4.036820e-01,EXPECTED
(17#)199,101621434,2.637634,101846741,2.629177,3.211434e-03,0.025263,3.347583e-01,EXPECTED
(19#)21/2,101991091,2.639018,102101971,2.629217,3.720795e-03,0.025214,3.887126e-01,EXPECTED
(17#)200,102196747,2.638929,102357239,2.629261,3.670335e-03,0.025166,3.841691e-01,EXPECTED
(17#)401/2,102382802,2.637417,102612481,2.629307,3.079716e-03,0.025117,3.228889e-01,EXPECTED
(17#)201,102817096,2.639161,102867757,2.629361,3.720213e-03,0.025069,3.909211e-01,EXPECTED
(17#)403/2,103122529,2.639256,103122997,2.629400,3.741376e-03,0.025021,3.939091e-01,EXPECTED
(17#)202,103320814,2.640236,103378271,2.629448,4.094369e-03,0.024973,4.319865e-01,EXPECTED
(17#)405/2,103389514,2.639476,103633477,2.629491,3.790121e-03,0.024926,4.005857e-01,EXPECTED
(17#)203,103821217,2.637721,103888783,2.629544,3.104840e-03,0.024878,3.286840e-01,EXPECTED
(17#)407/2,103945861,2.637746,104144009,2.629587,3.097965e-03,0.024831,3.285812e-01,EXPECTED
(17#)204,104239084,2.640232,104399293,2.629629,4.024020e-03,0.024784,4.278163e-01,EXPECTED
(17#)409/2,104612386,2.639666,104654549,2.629670,3.794031e-03,0.024738,4.040747e-01,EXPECTED
(17#)205,104680729,2.639588,104909803,2.629717,3.746609e-03,0.024691,3.997813e-01,EXPECTED
(17#)411/2,104983624,2.639516,105165059,2.629762,3.702219e-03,0.024645,3.957801e-01,EXPECTED
(17#)206,105392479,2.636846,105420311,2.629810,2.671906e-03,0.024599,2.860279e-01,EXPECTED
(17#)413/2,105589153,2.638582,105675569,2.629850,3.314841e-03,0.024553,3.556388e-01,EXPECTED
(17#)207,105751579,2.641308,105930787,2.629894,4.330708e-03,0.024507,4.657445e-01,EXPECTED
(17#)415/2,106101026,2.638222,106186037,2.629939,3.144553e-03,0.024462,3.386068e-01,EXPECTED
(17#)208,106267321,2.639040,106441273,2.629979,3.439353e-03,0.024417,3.710939e-01,EXPECTED
(17#)417/2,106519801,2.639658,106696589,2.630023,3.656772e-03,0.024372,3.953307e-01,EXPECTED
(19#)11,106738804,2.639706,106951841,2.630072,3.656325e-03,0.024327,3.960209e-01,EXPECTED
(17#)419/2,107167198,2.640604,107207099,2.630113,3.980868e-03,0.024282,4.320484e-01,EXPECTED
(17#)210,107225416,2.639657,107462339,2.630151,3.607725e-03,0.024238,3.921941e-01,EXPECTED
(17#)421/2,107655619,2.638636,107717609,2.630193,3.204889e-03,0.024194,3.489708e-01,EXPECTED
(17#)211,107972233,2.639745,107972863,2.630240,3.607225e-03,0.024149,3.935981e-01,EXPECTED
(17#)423/2,108107212,2.638805,108228083,2.630280,3.235859e-03,0.024106,3.536464e-01,EXPECTED
(17#)212,108237937,2.639201,108483373,2.630319,3.371088e-03,0.024062,3.691297e-01,EXPECTED
(17#)425/2,108679906,2.639922,108738611,2.630372,3.624090e-03,0.024018,3.976185e-01,EXPECTED
(17#)213,108743017,2.638278,108993883,2.630402,2.989745e-03,0.023975,3.285089e-01,EXPECTED
(17#)427/2,109080151,2.639030,109249139,2.630446,3.258012e-03,0.023932,3.586829e-01,EXPECTED
(17#)214,109485668,2.640213,109504363,2.630484,3.691736e-03,0.023889,4.072586e-01,EXPECTED
(17#)429/2,109695448,2.639208,109759627,2.630528,3.294286e-03,0.023846,3.640023e-01,EXPECTED
(17#)215,109966684,2.640010,110014873,2.630569,3.582532e-03,0.023804,3.966140e-01,EXPECTED
(17#)431/2,110067109,2.640378,110270117,2.630609,3.706710e-03,0.023761,4.111359e-01,EXPECTED
(17#)216,110442529,2.636421,110525407,2.630650,2.191352e-03,0.023719,2.433071e-01,EXPECTED
(17#)433/2,110725558,2.639394,110780641,2.630687,3.304317e-03,0.023677,3.677408e-01,EXPECTED
(17#)217,110996521,2.639285,111035923,2.630726,3.248193e-03,0.023635,3.621324e-01,EXPECTED
(17#)435/2,111052807,2.640713,111291161,2.630774,3.770857e-03,0.023594,4.212512e-01,EXPECTED
(17#)218,111443336,2.639024,111546433,2.630808,3.118128e-03,0.023552,3.488451e-01,EXPECTED
