START,n_1,C_max,Npred_1,CpredAlign,Lambda_max,Jitter,JitterRatio
4,4,3.843624,4,3.843624,2.861882e-08,5.013439,2.194103e-08
5,5,2.590290,5,5.180581,-6.931472e-01,3.585599,-7.224150e-01
6,6,3.210402,6,6.420804,-6.931472e-01,4.712567,-6.812427e-01
8,8,2.162039,8,6.538781,-1.106699e+00,3.724143,-1.175235e+00
9,9,4.827796,9,9.655592,-6.931472e-01,4.158239,-1.161019e+00
10,10,2.120759,10,8.285706,-1.362758e+00,3.801627,-1.621660e+00
12,12,4.116507,12,9.572519,-8.438913e-01,4.006582,-1.361762e+00
13,13,2.192988,13,7.359275,-1.210696e+00,4.268069,-1.210451e+00
14,14,1.989892,14,7.533093,-1.331225e+00,3.993247,-1.388144e+00
(5#)/2,21,5.561470,15,12.389644,-8.009985e-01,4.480635,-1.523930e+00
(5#),30,6.169677,30,12.866123,-7.349513e-01,4.648282,-1.440628e+00
(5#)3/2,45,6.586672,45,13.464246,-7.149895e-01,4.556597,-1.509366e+00
(5#)2,60,6.705463,60,13.194937,-6.769106e-01,4.126810,-1.572516e+00
(5#)5/2,75,7.053239,75,12.768142,-5.934662e-01,3.884322,-1.471274e+00
(5#)3,90,5.399543,90,12.341054,-8.266171e-01,3.624591,-1.915116e+00
(7#)/2,105,8.330518,105,13.708074,-4.980594e-01,3.244738,-1.657316e+00
(5#)4,120,6.876023,120,11.788280,-5.390654e-01,3.293536,-1.491484e+00
(5#)9/2,135,6.464343,135,11.608824,-5.854641e-01,3.181084,-1.617210e+00
(5#)5,150,5.356046,150,11.413909,-7.566067e-01,3.053212,-1.984095e+00
(5#)11/2,165,7.630443,165,12.091612,-4.603661e-01,2.968546,-1.502813e+00
(5#)6,189,7.015126,180,11.126891,-4.612961e-01,2.870378,-1.432482e+00
(5#)13/2,195,7.452759,195,11.679591,-4.492586e-01,2.787475,-1.516366e+00
(7#),210,8.169017,210,12.552967,-4.296085e-01,2.487155,-1.762636e+00
(5#)15/2,225,6.285888,225,10.829504,-5.439672e-01,2.672545,-1.700108e+00
(5#)8,252,6.794352,240,10.731593,-4.571003e-01,2.608840,-1.509192e+00
(5#)17/2,255,7.253292,255,11.144274,-4.294704e-01,2.564762,-1.517093e+00
(5#)9,270,6.964962,270,10.589327,-4.189545e-01,2.511701,-1.442992e+00
(5#)19/2,294,6.152967,285,10.956477,-5.769963e-01,2.472453,-1.942811e+00
(5#)10,300,6.940402,300,10.465923,-4.107648e-01,2.429812,-1.450944e+00
(7#)3/2,315,8.431106,315,12.073244,-3.590638e-01,2.146458,-1.696813e+00
(5#)11,330,7.744970,330,11.173486,-3.665000e-01,2.359837,-1.452861e+00
(5#)23/2,345,7.941165,345,10.666482,-2.950463e-01,2.332769,-1.168275e+00
(5#)12,360,6.159328,360,10.274505,-5.116979e-01,2.280395,-1.804590e+00
(5#)25/2,375,6.011286,375,10.239911,-5.326542e-01,2.275859,-1.858035e+00
(5#)13,390,6.571367,390,10.851788,-5.016079e-01,2.246644,-1.905251e+00
(5#)27/2,405,6.067260,405,10.168780,-5.164152e-01,2.226052,-1.842509e+00
(7#)2,420,7.991882,420,11.796064,-3.893397e-01,1.936632,-1.964329e+00
(5#)29/2,435,7.484021,435,10.369018,-3.260521e-01,2.182142,-1.322094e+00
(5#)15,462,7.496438,450,10.071860,-2.953174e-01,2.159287,-1.192719e+00
(5#)31/2,465,7.479882,465,10.295418,-3.194819e-01,2.143191,-1.313712e+00
(5#)16,483,6.655973,480,10.017722,-4.088411e-01,2.120196,-1.585584e+00
(5#)33/2,495,7.792821,495,10.805038,-3.268095e-01,2.108454,-1.428638e+00
(5#)17,510,7.011460,510,10.449281,-3.989872e-01,2.090167,-1.644759e+00
(7#)5/2,525,7.786138,525,11.630982,-4.013274e-01,2.076108,-1.851948e+00
(5#)18,540,7.037128,540,9.928141,-3.441732e-01,2.060868,-1.402814e+00
(5#)37/2,555,6.919167,555,10.115953,-3.798183e-01,2.049345,-1.559906e+00
(5#)19,570,7.912132,570,10.312257,-2.649359e-01,2.034463,-1.179734e+00
(5#)39/2,585,7.507745,585,10.527636,-3.380686e-01,2.024086,-1.491977e+00
(5#)20,609,7.032215,600,9.855524,-3.375303e-01,2.010595,-1.404215e+00
(5#)41/2,615,7.253455,615,10.025428,-3.236468e-01,2.001139,-1.385198e+00
(7#)3,630,7.913772,630,11.515283,-3.750706e-01,1.991297,-1.808626e+00
(5#)43/2,645,6.238688,645,9.987340,-4.705484e-01,1.980483,-1.892797e+00
(5#)22,660,7.918936,660,10.604410,-2.920130e-01,1.969307,-1.363664e+00
(5#)45/2,675,7.304469,675,9.784670,-2.923306e-01,1.958892,-1.266125e+00
(5#)23,693,7.172064,690,10.111679,-3.434976e-01,1.930320,-1.522864e+00
(5#)47/2,714,7.256555,705,9.919648,-3.126122e-01,1.944446,-1.369590e+00
(5#)24,720,6.733463,720,9.746496,-3.698183e-01,1.935113,-1.557032e+00
(7#)7/2,735,8.545496,735,11.439287,-2.916493e-01,1.631199,-1.774027e+00
(5#)25,750,7.245794,750,9.725651,-2.943456e-01,1.920230,-1.291437e+00
(5#)51/2,765,7.155636,765,10.194272,-3.539257e-01,1.914462,-1.587201e+00
(5#)26,780,7.049908,780,10.356595,-3.846089e-01,1.906633,-1.734307e+00
(5#)53/2,795,6.515906,795,9.837854,-4.119913e-01,1.901396,-1.747110e+00
(5#)27,810,6.644484,810,9.687881,-3.770887e-01,1.894202,-1.606691e+00
(5#)55/2,825,7.662005,825,10.489838,-3.141332e-01,1.889440,-1.496651e+00
(7#)4,840,8.204146,840,11.385042,-3.276608e-01,1.884215,-1.688181e+00
(5#)57/2,855,7.471700,855,10.085111,-2.999376e-01,1.855966,-1.408114e+00
(5#)29,870,7.793391,870,9.921134,-2.413912e-01,1.868241,-1.138902e+00
(5#)59/2,885,7.917102,885,9.775837,-2.108885e-01,1.868503,-9.947722e-01
(5#)30,900,6.786644,900,9.641762,-3.511473e-01,1.862926,-1.532599e+00
(5#)61/2,915,6.918699,915,9.757660,-3.438249e-01,1.859357,-1.526851e+00
(5#)31,930,6.631190,930,9.876212,-3.983447e-01,1.854233,-1.750062e+00
(7#)9/2,945,7.557932,945,11.351412,-4.067445e-01,1.850438,-2.050044e+00
(5#)32,960,7.073216,960,9.617429,-3.072617e-01,1.846293,-1.378012e+00
(5#)65/2,975,7.586652,975,10.264028,-3.022549e-01,1.843370,-1.452435e+00
(5#)33,990,7.497192,990,10.416812,-3.288925e-01,1.839049,-1.587571e+00
(5#)67/2,1005,6.853771,1005,9.713285,-3.486955e-01,1.836413,-1.557119e+00
(5#)34,1020,7.339809,1020,10.073743,-3.166195e-01,1.808466,-1.511742e+00
(5#)69/2,1035,7.084544,1035,9.933890,-3.380367e-01,1.830079,-1.556953e+00
(7#)5,1050,8.664745,1050,11.327751,-2.679930e-01,1.827324,-1.457325e+00
(5#)71/2,1071,6.913789,1065,9.688969,-3.374703e-01,1.821146,-1.523865e+00
(5#)36,1092,7.708615,1080,9.580061,-2.173454e-01,1.821003,-1.027700e+00
(5#)73/2,1095,6.984228,1095,9.677812,-3.261814e-01,1.819110,-1.480715e+00
(5#)37,1110,7.441910,1110,9.777372,-2.729432e-01,1.816078,-1.285992e+00
(5#)75/2,1125,6.850425,1125,9.570491,-3.343739e-01,1.814295,-1.499241e+00
(5#)38,1140,7.127451,1140,9.986471,-3.372777e-01,1.811637,-1.578142e+00
(11#)/2,1155,9.135596,1155,12.286302,-2.963066e-01,1.799985,-1.750407e+00
(7#)6,1260,8.736587,1260,11.309636,-2.581355e-01,1.764931,-1.457875e+00
(7#)13/2,1365,8.558090,1365,12.092640,-3.457199e-01,1.784594,-1.980590e+00
(7#)7,1470,7.815395,1470,11.318031,-3.703016e-01,1.786976,-1.960091e+00
(7#)15/2,1575,8.539645,1575,11.328965,-2.826433e-01,1.788933,-1.559209e+00
(7#)8,1680,8.404363,1680,11.343357,-2.998813e-01,1.792594,-1.639520e+00
(7#)17/2,1785,8.798305,1785,11.933133,-3.047598e-01,1.798631,-1.742897e+00
(7#)9,1890,8.432140,1890,11.382360,-3.000142e-01,1.805978,-1.633586e+00
(7#)19/2,1995,8.570591,1995,11.909414,-3.289925e-01,1.815142,-1.839428e+00
(7#)10,2145,8.123796,2145,11.430911,-3.415237e-01,1.825357,-1.811764e+00
(7#)21/2,2205,8.067147,2205,11.458769,-3.509554e-01,1.837023,-1.846260e+00
(11#),2310,9.140582,2310,12.467057,-3.103657e-01,1.849428,-1.798651e+00
(7#)23/2,2415,8.646399,2415,11.926838,-3.216482e-01,1.785320,-1.837452e+00
(7#)12,2520,7.983995,2520,11.476780,-3.628870e-01,1.775215,-1.967528e+00
(7#)25/2,2625,8.598050,2625,11.402829,-2.823260e-01,1.732243,-1.619160e+00
(7#)13,2730,9.539146,2730,12.111733,-2.387707e-01,1.686087,-1.525774e+00
(7#)27/2,2835,8.563346,2835,11.266406,-2.743344e-01,1.652993,-1.635252e+00
(7#)14,2940,8.677392,2940,11.203652,-2.555188e-01,1.616363,-1.562929e+00
(7#)29/2,3135,8.850708,3045,11.463251,-2.586489e-01,1.582700,-1.650687e+00
(7#)15,3150,8.074648,3150,11.090416,-3.173520e-01,1.550012,-1.945642e+00
(7#)31/2,3255,9.086519,3255,11.333974,-2.210129e-01,1.519859,-1.478726e+00
(7#)16,3360,8.555133,3360,10.988858,-2.503504e-01,1.490480,-1.632846e+00
(11#)3/2,3465,9.205098,3465,11.920962,-2.585409e-01,1.415150,-1.919135e+00
(7#)17,3570,8.472487,3570,11.468249,-3.027582e-01,1.422108,-2.106565e+00
(7#)35/2,3675,8.657968,3675,10.855729,-2.262129e-01,1.428940,-1.538036e+00
(7#)18,3795,8.163449,3780,10.814824,-2.812510e-01,1.437090,-1.844961e+00
(7#)37/2,3885,8.652843,3885,11.021364,-2.419477e-01,1.445058,-1.639049e+00
(7#)19,3990,8.615256,3990,11.242876,-2.662001e-01,1.453295,-1.808043e+00
(7#)39/2,4095,9.260206,4095,11.484136,-2.152403e-01,1.461820,-1.521343e+00
(7#)20,4200,8.219780,4290,10.670511,-2.609405e-01,1.470609,-1.666474e+00
(7#)41/2,4305,8.459134,4305,10.858028,-2.496579e-01,1.479042,-1.621924e+00
(7#)21,4410,8.622790,4410,10.607218,-2.071260e-01,1.488303,-1.333349e+00
(7#)43/2,4515,8.785192,4515,10.786292,-2.052084e-01,1.490815,-1.342286e+00
(11#)2,4620,9.432003,4620,11.525411,-2.004458e-01,1.499735,-1.395852e+00
(7#)45/2,4725,8.485605,4725,10.521443,-2.150442e-01,1.510170,-1.348085e+00
(7#)23,4830,9.236400,4830,10.901790,-1.657748e-01,1.373774,-1.212274e+00
(7#)47/2,4935,8.559950,4935,10.659157,-2.193250e-01,1.374037,-1.527766e+00
(7#)24,5040,8.479144,5040,10.444046,-2.084226e-01,1.374468,-1.429573e+00
(7#)49/2,5145,8.234373,5145,10.420560,-2.354636e-01,1.375363,-1.589535e+00
(7#)25,5250,8.888987,5250,10.397191,-1.567226e-01,1.376226,-1.095899e+00
(7#)51/2,5355,8.591447,5355,10.945260,-2.421393e-01,1.377363,-1.708927e+00
(7#)26,5460,8.734048,5460,11.132258,-2.426181e-01,1.378581,-1.739622e+00
(7#)53/2,5565,8.448369,5565,10.500359,-2.174361e-01,1.379939,-1.487015e+00
(7#)27,5670,8.273705,5670,10.312197,-2.202450e-01,1.381597,-1.475461e+00
(11#)5/2,5775,9.302545,5775,11.268628,-1.917346e-01,1.383371,-1.421226e+00
(7#)28,5880,8.404214,5880,10.273501,-2.008346e-01,1.385158,-1.349512e+00
(7#)57/2,5985,8.999710,5985,10.758317,-1.784868e-01,1.387268,-1.267677e+00
(7#)29,6090,8.529314,6090,10.553887,-2.129852e-01,1.389390,-1.457166e+00
(7#)59/2,6195,8.615973,6195,10.369972,-1.852965e-01,1.391700,-1.260328e+00
(7#)30,6300,8.260687,6300,10.202860,-2.111603e-01,1.393753,-1.393484e+00
(7#)61/2,6405,8.781065,6405,10.331610,-1.626105e-01,1.394457,-1.111935e+00
(7#)31,6510,8.480654,6510,10.465316,-2.102790e-01,1.396873,-1.420789e+00
(7#)63/2,6615,8.518159,6615,10.155101,-1.757759e-01,1.399910,-1.169319e+00
(7#)32,6765,7.911785,6720,10.139770,-2.481119e-01,1.402395,-1.588700e+00
(7#)65/2,6825,9.182816,6825,10.904017,-1.717973e-01,1.405288,-1.224803e+00
(11#)3,6930,9.570228,6930,11.085917,-1.470185e-01,1.408246,-1.076296e+00
(7#)67/2,7035,8.657545,7035,10.228360,-1.667331e-01,1.411338,-1.112997e+00
(7#)34,7140,8.998678,7140,10.652957,-1.687598e-01,1.414357,-1.169633e+00
(7#)69/2,7245,8.898695,7245,10.476984,-1.632762e-01,1.417777,-1.113214e+00
(7#)35,7350,8.151811,7350,10.056795,-2.100084e-01,1.420973,-1.340620e+00
(7#)71/2,7455,8.831682,7455,10.168096,-1.409095e-01,1.424582,-9.381094e-01
(7#)36,7560,8.650793,7560,10.031688,-1.480979e-01,1.428107,-9.669410e-01
(7#)73/2,7665,8.559782,7665,10.140192,-1.694322e-01,1.432249,-1.103446e+00
(7#)37,7770,9.129686,7770,10.252046,-1.159460e-01,1.435965,-7.816070e-01
(7#)75/2,7875,7.932160,7875,9.996400,-2.312997e-01,1.439573,-1.433925e+00
(7#)38,7980,8.861511,7980,10.487713,-1.684871e-01,1.442879,-1.127054e+00
(11#)7/2,8085,9.494047,8085,10.948792,-1.425641e-01,1.446996,-1.005355e+00
(7#)39,8190,9.199795,8190,10.741713,-1.549533e-01,1.451386,-1.062376e+00
(7#)79/2,8295,8.678196,8295,10.063716,-1.481228e-01,1.455471,-9.519394e-01
(7#)40,8400,8.398189,8400,9.942264,-1.687787e-01,1.459627,-1.057856e+00
(7#)81/2,8505,8.549372,8580,9.932327,-1.499370e-01,1.464054,-9.446066e-01
(7#)41,8610,8.810293,8610,10.141414,-1.407067e-01,1.467522,-9.070533e-01
(7#)83/2,8715,8.501738,8715,10.018166,-1.641294e-01,1.472496,-1.029835e+00
(7#)42,8820,8.721193,8820,9.903041,-1.270859e-01,1.476498,-8.004401e-01
(7#)85/2,8925,9.643464,8925,10.463643,-8.162625e-02,1.480971,-5.538114e-01
(7#)43,9030,8.342063,9030,10.093065,-1.905380e-01,1.486165,-1.178201e+00
(7#)87/2,9135,8.486567,9135,10.192243,-1.831424e-01,1.490554,-1.144323e+00
(11#)4,9240,9.637497,9240,10.841119,-1.176848e-01,1.495230,-8.049748e-01
(7#)89/2,9345,8.480367,9345,9.956640,-1.604860e-01,1.499493,-9.845149e-01
(7#)45,9450,8.618555,9450,9.849874,-1.335412e-01,1.504739,-8.182942e-01
(7#)91/2,9555,9.354148,9555,10.619970,-1.269163e-01,1.509104,-8.387901e-01
(7#)46,9660,8.924952,9660,10.240284,-1.374784e-01,1.513760,-8.689173e-01
(7#)93/2,9765,8.574123,9765,10.120204,-1.657851e-01,1.518716,-1.018018e+00
(7#)47,9870,8.741772,9870,10.007509,-1.352228e-01,1.524656,-8.301786e-01
(7#)95/2,9975,9.248575,9975,10.312586,-1.088957e-01,1.528990,-6.958917e-01
(7#)48,10080,8.329116,10080,9.802347,-1.628646e-01,1.533850,-9.604794e-01
(7#)97/2,10185,8.329507,10185,9.884991,-1.712133e-01,1.539250,-1.010547e+00
(7#)49,10290,8.593845,10290,9.787670,-1.300772e-01,1.545204,-7.726001e-01
(11#)9/2,10395,9.448356,10395,10.754469,-1.294806e-01,1.549713,-8.428094e-01
(7#)50,10500,8.524160,10500,9.773416,-1.367615e-01,1.555039,-8.033597e-01
(7#)101/2,10605,8.847616,10605,9.852912,-1.076190e-01,1.560138,-6.443636e-01
(7#)51,10710,8.907306,10710,10.329329,-1.481155e-01,1.565520,-9.083389e-01
(7#)103/2,10815,8.648719,10815,9.837654,-1.288060e-01,1.570990,-7.568061e-01
(7#)52,10920,9.437686,10920,10.524571,-1.090018e-01,1.576750,-6.893200e-01
(7#)105/2,11025,8.550569,11025,9.740041,-1.302474e-01,1.582273,-7.517486e-01
(7#)53,11130,8.579993,11130,9.901089,-1.432116e-01,1.587887,-8.319834e-01
(7#)107/2,11235,8.734519,11235,9.808714,-1.159883e-01,1.594040,-6.738820e-01
(7#)54,11385,8.429395,11340,9.721106,-1.425744e-01,1.598911,-8.078695e-01
(7#)109/2,11445,8.577796,11445,9.794980,-1.326930e-01,1.605456,-7.581546e-01
(11#)5,11550,9.485451,11550,10.682750,-1.188711e-01,1.610403,-7.434777e-01
(7#)111/2,11655,8.606500,11655,9.947301,-1.447835e-01,1.616493,-8.294507e-01
(7#)56,11760,8.395878,11760,9.697369,-1.441138e-01,1.623191,-8.018103e-01
(7#)113/2,11865,8.367746,11865,9.768722,-1.548011e-01,1.626188,-8.615095e-01
(7#)57,11970,8.986934,11970,10.188539,-1.254917e-01,1.614632,-7.441974e-01
(7#)115/2,12075,8.574915,12075,10.087320,-1.624382e-01,1.606353,-9.415150e-01
(7#)58,12180,8.864733,12180,9.991401,-1.196440e-01,1.597277,-7.053679e-01
(7#)117/2,12285,9.181055,12285,10.447815,-1.292507e-01,1.587441,-7.979887e-01
(7#)59,12390,8.402070,12390,9.814254,-1.553577e-01,0.701823,-2.012165e+00
(7#)119/2,12495,8.660430,12495,10.228707,-1.664338e-01,0.698587,-2.244927e+00
(7#)60,12600,8.631114,12600,9.654002,-1.119989e-01,0.695457,-1.470814e+00
(11#)11/2,12705,9.165957,12705,10.622478,-1.474760e-01,0.692301,-2.103884e+00
(7#)61,12810,8.463508,12810,9.788725,-1.454675e-01,0.688981,-1.923445e+00
(7#)123/2,12915,8.715155,12915,9.858059,-1.232258e-01,0.686215,-1.665518e+00
(7#)62,13020,8.714150,13020,9.928648,-1.304762e-01,0.682920,-1.778390e+00
(7#)125/2,13125,8.495334,13125,9.629429,-1.253068e-01,0.680286,-1.667085e+00
(7#)63,13230,8.332516,13230,9.624638,-1.441608e-01,0.677136,-1.908216e+00
(7#)127/2,13335,8.768441,13335,9.688325,-9.976257e-02,0.674520,-1.363761e+00
(7#)64,13440,8.632976,13440,9.615338,-1.077703e-01,0.671722,-1.462454e+00
(7#)129/2,13545,8.821299,13545,9.819189,-1.071694e-01,0.668750,-1.492172e+00
(7#)65,13650,8.952978,13650,10.384282,-1.483071e-01,0.666071,-2.148876e+00
(7#)131/2,13755,8.371422,13755,9.668152,-1.440134e-01,0.663446,-1.954537e+00
(11#)6,13860,9.554326,13860,10.570809,-1.011023e-01,0.660490,-1.538983e+00
(7#)133/2,13965,8.871930,13965,10.095671,-1.292144e-01,0.658126,-1.859433e+00
(7#)67,14070,8.326095,14070,9.720382,-1.548303e-01,0.655542,-2.126922e+00
(7#)135/2,14175,8.406814,14175,9.584822,-1.311382e-01,0.652943,-1.804151e+00
(7#)68,14280,8.793110,14280,10.150021,-1.435073e-01,0.650425,-2.086191e+00
(7#)137/2,14385,8.309587,14385,9.639869,-1.484976e-01,0.647891,-2.053250e+00
(7#)69,14490,8.894874,14490,9.979176,-1.150254e-01,0.645333,-1.680221e+00
(7#)139/2,14595,8.441621,14595,9.630883,-1.318006e-01,0.642540,-1.850876e+00
(7#)70,14700,8.493504,14700,9.564557,-1.187627e-01,0.640517,-1.672170e+00
(7#)141/2,14805,8.919746,14805,9.750509,-8.905200e-02,0.638027,-1.302081e+00
(7#)71,14910,8.472977,14910,9.680606,-1.332426e-01,0.635729,-1.899598e+00
(13#)/2,15015,10.422348,15015,11.390348,-8.881399e-02,0.633476,-1.528077e+00
(11#)7,16170,9.362340,16170,10.487131,-1.134536e-01,0.609540,-1.845311e+00
(11#)15/2,17745,9.322075,17325,10.452673,-1.144725e-01,0.588536,-1.921035e+00
(11#)8,18480,9.317703,18480,10.421909,-1.119941e-01,0.569806,-1.937863e+00
(11#)17/2,19635,9.854074,19635,11.026843,-1.124476e-01,0.552990,-2.120778e+00
(11#)9,20790,9.509176,20790,10.369604,-8.662160e-02,0.537763,-1.600013e+00
(11#)19/2,21945,10.036306,21945,10.905027,-8.301477e-02,0.524130,-1.657454e+00
(11#)10,23205,9.963427,23205,10.750343,-7.601654e-02,0.511623,-1.538077e+00
(11#)21/2,24255,9.263166,24255,10.307882,-1.068630e-01,0.499981,-2.089512e+00
(11#)11,25935,10.005154,25935,10.635501,-6.109719e-02,0.489721,-1.287155e+00
(11#)23/2,26565,9.689038,26565,10.726346,-1.017078e-01,0.479992,-2.161095e+00
(11#)12,28665,9.643002,27720,10.260115,-6.203156e-02,0.471016,-1.310174e+00
(11#)25/2,28875,9.338060,28875,10.246530,-9.284063e-02,0.462793,-1.963017e+00
(13#),30030,10.293246,30030,11.097387,-7.522168e-02,0.455075,-1.767051e+00
(11#)27/2,31395,9.616924,31395,10.467538,-8.475434e-02,0.447901,-1.899111e+00
(11#)14,32340,9.255797,32340,10.211073,-9.822263e-02,0.441206,-2.165147e+00
(11#)29/2,33495,9.866028,33495,10.551884,-6.720710e-02,0.434886,-1.577094e+00
(11#)15,34650,9.321536,34650,10.191114,-8.918871e-02,0.429029,-2.026851e+00
(11#)31/2,35805,9.802526,35805,10.508912,-6.958351e-02,0.423476,-1.668065e+00
(11#)16,36960,9.338029,36960,10.173476,-8.568871e-02,0.418225,-1.997601e+00
(11#)33/2,38115,9.353586,38115,10.165431,-8.323309e-02,0.413350,-1.964063e+00
(11#)17,39270,10.201100,39270,10.789788,-5.610459e-02,0.408637,-1.440614e+00
(11#)35/2,41055,9.763031,41055,10.175392,-4.136930e-02,0.404332,-1.019856e+00
(11#)18,42315,9.558485,42315,10.264026,-7.121592e-02,0.400142,-1.763227e+00
(11#)37/2,42735,9.801362,42735,10.408183,-6.007093e-02,0.396245,-1.531428e+00
(11#)19,43890,9.903415,43890,10.688778,-7.631475e-02,0.392514,-2.000853e+00
(13#)3/2,45045,10.267641,45045,10.988736,-6.787342e-02,0.388947,-1.853967e+00
(11#)20,46410,9.792153,46410,10.542474,-7.383086e-02,0.385545,-1.946130e+00
(11#)41/2,47355,9.544881,47355,10.357714,-8.172658e-02,0.382368,-2.125787e+00
(11#)21,49140,9.403788,48510,10.109734,-7.238610e-02,0.379300,-1.861180e+00
(11#)43/2,49665,9.652483,49665,10.336109,-6.842831e-02,0.376415,-1.816150e+00
(11#)22,51870,9.998061,51870,10.446384,-4.386474e-02,0.373639,-1.199883e+00
(11#)45/2,51975,9.319346,51975,10.096113,-8.005810e-02,0.370983,-2.093809e+00
(11#)23,53130,9.893287,53130,10.543202,-6.362481e-02,0.368417,-1.764073e+00
(11#)47/2,54285,9.782592,54285,10.298607,-5.140418e-02,0.366026,-1.409777e+00
(11#)24,55440,9.563992,55965,10.123378,-5.684220e-02,0.363711,-1.537996e+00
(11#)49/2,56595,9.412843,56595,10.080657,-6.854336e-02,0.361492,-1.847381e+00
(11#)25,58695,9.539198,58695,10.103351,-5.745772e-02,0.359370,-1.569838e+00
(11#)51/2,58905,10.142189,58905,10.705633,-5.406622e-02,0.357334,-1.576800e+00
(13#)2,60060,10.288579,60060,10.933853,-6.082929e-02,0.355359,-1.815836e+00
(11#)53/2,61215,9.645349,61215,10.253481,-6.114142e-02,0.353505,-1.720292e+00
(11#)27,62790,9.835401,62790,10.308296,-4.696078e-02,0.350010,-1.351090e+00
(11#)55/2,64155,9.503376,64155,10.068687,-5.778323e-02,0.348353,-1.622811e+00
(11#)28,64680,9.447565,64680,10.059350,-6.274549e-02,0.346771,-1.764233e+00
(11#)57/2,65835,9.775358,65835,10.614075,-8.231625e-02,0.345259,-2.429241e+00
(11#)29,66990,9.806397,66990,10.405214,-5.927212e-02,0.343783,-1.741846e+00
(11#)59/2,68145,9.553680,68145,10.218187,-6.724274e-02,0.342416,-1.940642e+00
(11#)30,69615,10.095145,69615,10.470137,-3.647245e-02,0.341024,-1.099605e+00
(11#)61/2,70455,9.493966,70455,10.208110,-7.252611e-02,0.339734,-2.102069e+00
(11#)31,71610,9.744888,71610,10.372123,-6.237884e-02,0.338471,-1.853141e+00
(11#)63/2,73185,9.469595,72765,10.043468,-5.883633e-02,0.337280,-1.701473e+00
(11#)32,73920,9.405647,73920,10.041539,-6.542014e-02,0.336144,-1.891725e+00
(13#)5/2,75075,10.186498,75075,10.902758,-6.795271e-02,0.335014,-2.138002e+00
(11#)33,76230,9.455901,76230,10.037926,-5.973150e-02,0.333930,-1.742954e+00
(11#)67/2,77805,9.767826,77805,10.382706,-6.104761e-02,0.332899,-1.847047e+00
(11#)34,78540,10.054790,78540,10.666155,-5.902650e-02,0.331909,-1.841966e+00
(11#)69/2,79695,9.826196,79695,10.484075,-6.480559e-02,0.330955,-1.987821e+00
(11#)35,80850,9.539833,80850,10.031516,-5.025576e-02,0.330039,-1.489773e+00
(11#)71/2,82005,9.591568,82005,10.167346,-5.829679e-02,0.329172,-1.749169e+00
(11#)36,83160,9.450770,83160,10.028677,-5.935249e-02,0.328307,-1.760265e+00
(11#)73/2,84630,9.473560,84630,10.160751,-7.002763e-02,0.327490,-2.098358e+00
(11#)37,85470,9.638199,85470,10.296687,-6.608789e-02,0.326721,-2.015443e+00
(11#)75/2,86625,9.633766,86625,10.024846,-3.979242e-02,0.325956,-1.199795e+00
(11#)38,87780,9.960052,87780,10.580807,-6.045941e-02,0.325231,-1.908659e+00
(11#)77/2,88935,9.479594,88935,10.022538,-5.569488e-02,0.324523,-1.673053e+00
(13#)3,90090,10.384689,90090,10.884509,-4.700811e-02,0.323852,-1.543360e+00
(11#)79/2,91245,9.527128,91245,10.143426,-6.268247e-02,0.323206,-1.906826e+00
(11#)40,92820,9.906542,92820,10.437436,-5.220364e-02,0.322586,-1.645745e+00
(11#)81/2,94185,9.749013,94185,10.258978,-5.098715e-02,0.321990,-1.583791e+00
(11#)41,94710,9.931640,94710,10.260414,-3.256760e-02,0.321421,-1.022878e+00
(11#)83/2,95865,9.558347,95865,10.133628,-5.844464e-02,0.320874,-1.792858e+00
(11#)42,97020,9.523987,97020,10.015870,-5.035732e-02,0.320345,-1.535480e+00
(11#)85/2,98175,9.980537,98175,10.646536,-6.459765e-02,0.319840,-2.082287e+00
(11#)43,99330,9.799166,99330,10.245309,-4.452265e-02,0.319351,-1.397030e+00
(11#)87/2,100485,9.943739,100485,10.364355,-4.142938e-02,0.318891,-1.318995e+00
(11#)44,101745,9.570069,101745,10.136445,-5.749688e-02,0.318441,-1.778589e+00
(11#)89/2,103740,9.777616,103740,10.355788,-5.744987e-02,0.318015,-1.818064e+00
(11#)45,103950,9.396709,103950,10.011636,-6.338849e-02,0.317610,-1.936107e+00
(13#)7/2,105105,10.369661,105105,10.874113,-4.750063e-02,0.317218,-1.590236e+00
(11#)46,106260,9.973710,106260,10.461427,-4.774228e-02,0.316851,-1.539264e+00
(11#)93/2,107415,9.850016,107415,10.336494,-4.820763e-02,0.316495,-1.537079e+00
(11#)47,108570,9.594725,108570,10.219886,-6.312193e-02,0.316154,-1.977393e+00
(11#)95/2,109725,9.977625,109725,10.566016,-5.729773e-02,0.315831,-1.862993e+00
(11#)48,110880,9.317023,111930,10.042673,-7.500019e-02,0.315525,-2.299819e+00
(11#)97/2,112035,9.647747,112035,10.107779,-4.658090e-02,0.315233,-1.459339e+00
(11#)49,113190,9.403366,113190,10.007706,-6.228766e-02,0.314956,-1.918807e+00
(11#)99/2,114345,9.486057,114345,10.007336,-5.349540e-02,0.314694,-1.656463e+00
(11#)50,116025,9.850348,116025,10.422386,-5.644918e-02,0.314449,-1.819175e+00
(11#)101/2,116655,9.628890,116655,10.102312,-4.799640e-02,0.314211,-1.506702e+00
(11#)51,117810,10.147713,117810,10.637739,-4.715958e-02,0.313989,-1.560646e+00
(11#)103/2,118965,9.524198,118965,10.099843,-5.868420e-02,0.313784,-1.834527e+00
(13#)4,120120,10.204359,120120,10.868938,-6.309405e-02,0.313587,-2.119282e+00
(11#)105/2,121485,9.274371,121275,10.005599,-7.589000e-02,0.313404,-2.333179e+00
(11#)53,122430,9.681245,122430,10.191052,-5.131955e-02,0.313232,-1.627569e+00
(11#)107/2,123585,9.526135,123585,10.095376,-5.803841e-02,0.313073,-1.818237e+00
(11#)54,125580,9.672570,125580,10.242085,-5.721121e-02,0.312926,-1.819968e+00
(11#)109/2,126945,9.590620,126945,10.119635,-5.369204e-02,0.312790,-1.691278e+00
(11#)55,127050,9.418726,127050,10.004740,-6.035912e-02,0.312664,-1.874261e+00
(11#)111/2,128205,9.680654,128205,10.275154,-5.959932e-02,0.312549,-1.902103e+00
(11#)56,129675,9.747662,129675,10.345326,-5.950733e-02,0.312445,-1.912861e+00
(11#)113/2,130515,9.436153,130515,10.089750,-6.697165e-02,0.312351,-2.092507e+00
(11#)57,131670,9.975189,131670,10.561354,-5.710062e-02,0.312268,-1.877123e+00
(11#)115/2,132825,9.928326,132825,10.455216,-5.170911e-02,0.312194,-1.687701e+00
(11#)58,133980,9.877920,133980,10.354992,-4.716673e-02,0.312129,-1.528444e+00
(13#)9/2,135135,10.080482,135135,10.867473,-7.517314e-02,0.312075,-2.521801e+00
(11#)59,136290,9.615574,136290,10.170424,-5.609984e-02,0.312029,-1.778200e+00
(11#)119/2,137445,10.004697,137445,10.635644,-6.115631e-02,0.311992,-2.022318e+00
(11#)60,139230,9.922095,139230,10.416996,-4.867457e-02,0.311964,-1.586403e+00
(11#)121/2,139755,9.597896,139755,10.004427,-4.148377e-02,0.311945,-1.303213e+00
(11#)61,140910,9.688002,140910,10.164968,-4.805912e-02,0.311934,-1.529062e+00
(11#)123/2,142065,9.626506,142065,10.247341,-6.249796e-02,0.311932,-1.990291e+00
(11#)62,143220,9.782290,143220,10.331143,-5.458933e-02,0.311937,-1.759500e+00
(11#)125/2,144690,9.445858,144690,10.004782,-5.748679e-02,0.311951,-1.791703e+00
(11#)63,145530,9.559754,145530,10.004908,-4.551378e-02,0.311973,-1.426899e+00
(11#)127/2,146685,9.427700,146685,10.080785,-6.697900e-02,0.312002,-2.093209e+00
(11#)64,148785,9.465593,147840,10.005193,-5.544078e-02,0.312014,-1.729408e+00
(11#)129/2,148995,9.755420,148995,10.236268,-4.811412e-02,0.312039,-1.540988e+00
(13#)5,150150,10.404410,150150,10.868770,-4.366378e-02,0.312083,-1.487937e+00
(11#)131/2,151305,9.533532,151515,10.079113,-5.564997e-02,0.312134,-1.747906e+00
(11#)66,152460,9.548055,152460,10.005922,-4.683967e-02,0.312193,-1.466616e+00
(11#)133/2,153615,9.982228,153615,10.563032,-5.655405e-02,0.312259,-1.860007e+00
(11#)67,155610,9.831406,155610,10.343952,-5.082008e-02,0.312331,-1.641036e+00
(11#)135/2,156975,9.734691,156975,10.239908,-5.059675e-02,0.312410,-1.617160e+00
(11#)68,157080,10.192158,157080,10.638092,-4.282257e-02,0.312495,-1.427012e+00
(11#)137/2,158235,9.702694,158340,10.141672,-4.424934e-02,0.312588,-1.404336e+00
(11#)69,159390,9.906918,159390,10.458180,-5.415115e-02,0.312686,-1.762989e+00
(11#)139/2,160545,9.496763,160545,10.076758,-5.928060e-02,0.312791,-1.854258e+00
(11#)70,162435,9.943426,162435,10.417635,-4.658844e-02,0.312904,-1.515510e+00
(11#)141/2,162855,9.628458,162855,10.218620,-5.948849e-02,0.313020,-1.885382e+00
(11#)71,164010,9.663285,164010,10.145761,-4.872231e-02,0.313142,-1.540757e+00
(13#)11/2,165165,10.334154,165165,10.872205,-5.075525e-02,0.313272,-1.717522e+00
(11#)72,166320,9.346217,166320,10.009216,-6.853464e-02,0.313409,-2.115445e+00
(11#)145/2,167475,9.658814,167475,10.360172,-7.009796e-02,0.313547,-2.236851e+00
(11#)73,169260,9.549773,169575,10.143245,-6.029057e-02,0.313692,-1.891894e+00
(11#)147/2,169785,9.583279,169785,10.010276,-4.359236e-02,0.313844,-1.360539e+00
(11#)74,170940,9.716039,170940,10.281114,-5.653064e-02,0.314002,-1.799592e+00
(11#)149/2,172095,9.556952,172095,10.075423,-5.283021e-02,0.314163,-1.650324e+00
(11#)75,173250,9.416377,173250,10.011418,-6.127582e-02,0.314330,-1.893045e+00
(11#)151/2,174405,9.534762,174405,10.075349,-5.514750e-02,0.314503,-1.718862e+00
(11#)76,175560,9.990681,175560,10.569064,-5.627852e-02,0.314682,-1.837993e+00
(11#)153/2,176715,10.022134,176715,10.643840,-6.018526e-02,0.314863,-1.974528e+00
(11#)77,177870,9.435338,177870,10.013066,-5.942885e-02,0.315051,-1.833761e+00
(11#)155/2,179025,9.972932,179025,10.339917,-3.613724e-02,0.315243,-1.164134e+00
(13#)6,180180,10.364905,180180,10.877355,-4.825754e-02,0.315440,-1.624557e+00
(11#)157/2,181545,9.757087,181545,10.348314,-5.882976e-02,0.315645,-1.873077e+00
(11#)79,182910,9.439351,182490,10.137786,-7.138241e-02,0.315851,-2.211280e+00
(11#)159/2,183645,9.631844,183645,10.200924,-5.740362e-02,0.316060,-1.800545e+00
(11#)80,185640,9.865567,185640,10.422401,-5.490677e-02,0.316275,-1.760599e+00
(11#)161/2,185955,9.899162,185955,10.467027,-5.577989e-02,0.316496,-1.794224e+00
(11#)81,187110,9.429049,187110,10.016766,-6.046510e-02,0.316720,-1.855637e+00
(11#)163/2,188370,9.673949,188370,10.246039,-5.745461e-02,0.316950,-1.804986e+00
(11#)82,189420,9.728915,189420,10.260477,-5.319695e-02,0.317182,-1.675890e+00
(11#)165/2,190575,9.428381,190575,10.018281,-6.068716e-02,0.317420,-1.858422e+00
(11#)83,191730,9.476543,191730,10.135662,-6.724051e-02,0.317663,-2.074900e+00
(11#)167/2,193830,9.497729,192885,10.076697,-5.917284e-02,0.317907,-1.821188e+00
(11#)84,194040,9.452465,194040,10.019864,-5.829402e-02,0.318157,-1.783395e+00
(13#)13/2,195195,10.211602,195195,10.883926,-6.376247e-02,0.318411,-2.111496e+00
(11#)85,196350,10.043303,196350,10.652118,-5.885268e-02,0.318670,-1.910487e+00
(11#)171/2,197505,9.976166,197505,10.578306,-5.860646e-02,0.318930,-1.888001e+00
(11#)86,198660,9.526064,198660,10.252936,-7.353252e-02,0.319198,-2.277183e+00
(11#)173/2,199815,9.474086,199815,10.077996,-6.179412e-02,0.319465,-1.890378e+00
(11#)87,200970,9.769778,200970,10.373787,-5.998836e-02,0.319737,-1.889080e+00
(11#)175/2,202125,9.475020,202125,10.023804,-5.630381e-02,0.320014,-1.714875e+00
(11#)88,203490,9.433536,203490,10.133776,-7.160297e-02,0.320295,-2.186234e+00
(11#)177/2,204435,9.636996,204435,10.191043,-5.589971e-02,0.320579,-1.728268e+00
(11#)89,205590,9.513021,205590,10.134386,-6.327266e-02,0.320867,-1.936518e+00
(11#)179/2,207480,9.830574,207480,10.356659,-5.213237e-02,0.321158,-1.638088e+00
(11#)90,208845,9.960760,208845,10.430196,-4.605171e-02,0.321453,-1.460357e+00
(11#)181/2,209055,9.375229,209055,10.080312,-7.251323e-02,0.321752,-2.191387e+00
(13#)7,210210,10.112352,210210,10.891699,-7.424326e-02,0.322053,-2.419933e+00
(11#)183/2,211575,9.679683,211365,10.189120,-5.129129e-02,0.322358,-1.580344e+00
(11#)92,212520,9.909827,212520,10.480045,-5.594605e-02,0.322666,-1.767207e+00
(11#)185/2,213675,9.763521,213675,10.300405,-5.353013e-02,0.322977,-1.662298e+00
(11#)93,214830,9.694257,214830,10.357007,-6.612967e-02,0.323292,-2.050005e+00
(11#)187/2,215985,10.120296,215985,10.662418,-5.218227e-02,0.323614,-1.675211e+00
(11#)94,217140,9.669040,217140,10.242280,-5.759520e-02,0.323932,-1.769630e+00
(11#)189/2,218295,9.584691,218295,10.032621,-4.567470e-02,0.324260,-1.381390e+00
(11#)95,219450,9.972499,219450,10.590050,-6.008363e-02,0.324584,-1.902591e+00
(11#)191/2,220605,9.681749,220605,10.084054,-4.071279e-02,0.324917,-1.238177e+00
(11#)96,221760,9.464542,221760,10.034661,-5.849285e-02,0.325249,-1.752871e+00
(11#)193/2,222915,9.518735,223860,10.084905,-5.777776e-02,0.325587,-1.738920e+00
(11#)97,224070,9.642852,224070,10.135677,-4.984466e-02,0.325926,-1.512076e+00
(13#)15/2,225225,10.386511,225225,10.900510,-4.830159e-02,0.326269,-1.575383e+00
(11#)98,226380,9.517374,226380,10.037458,-5.320490e-02,0.326615,-1.592345e+00
(11#)197/2,227535,9.543793,227535,10.086706,-5.532730e-02,0.326964,-1.660466e+00
(11#)99,229425,9.326458,228690,10.038890,-7.361120e-02,0.327316,-2.176587e+00
(11#)199/2,229845,9.513749,229845,10.087656,-5.857452e-02,0.327671,-1.751474e+00
(11#)100,232050,10.035155,232050,10.440341,-3.958281e-02,0.328028,-1.235217e+00
(11#)201/2,232155,9.673694,232155,10.186678,-5.167058e-02,0.328393,-1.562105e+00
(11#)101,233415,9.988605,233415,10.367988,-3.727799e-02,0.328753,-1.154005e+00
(11#)203/2,234465,9.904145,234465,10.393085,-4.818733e-02,0.329118,-1.485607e+00
(11#)102,235620,10.006261,235620,10.674403,-6.463768e-02,0.329486,-2.027833e+00
(11#)205/2,236775,9.696311,236775,10.286730,-5.910919e-02,0.329859,-1.789913e+00
(11#)103,237930,9.615567,237930,10.138523,-5.295899e-02,0.330233,-1.583597e+00
(11#)207/2,239085,9.851214,239085,10.496254,-6.342371e-02,0.330609,-1.951065e+00
(13#)8,240240,10.373704,240240,10.910239,-5.042761e-02,0.330988,-1.621012e+00
(11#)209/2,241395,10.115740,241395,10.603838,-4.712335e-02,0.331378,-1.472933e+00
(11#)105,242550,9.507377,242550,10.047902,-5.529583e-02,0.331755,-1.629289e+00
(11#)211/2,244335,9.436526,243705,10.093967,-6.734999e-02,0.332142,-1.979397e+00
(11#)106,244860,9.572942,244860,10.235039,-6.687644e-02,0.332532,-1.991077e+00
(11#)213/2,246015,9.602910,246015,10.187421,-5.908759e-02,0.332924,-1.755690e+00
(11#)107,247170,9.447924,247170,10.141193,-7.081064e-02,0.333323,-2.079872e+00
(11#)215/2,248325,9.614912,248325,10.282688,-6.714644e-02,0.333722,-2.000994e+00
(11#)108,249480,9.525514,249480,10.052667,-5.386412e-02,0.334122,-1.577727e+00
(11#)217/2,250635,9.811819,250635,10.379815,-5.627537e-02,0.334521,-1.697938e+00
(11#)109,252525,9.688881,252525,10.142741,-4.577934e-02,0.334923,-1.355117e+00
(11#)219/2,252945,9.538312,253890,10.188405,-6.593378e-02,0.335332,-1.938655e+00
(11#)110,254100,9.445794,254100,10.055936,-6.259355e-02,0.335741,-1.817300e+00
(17#)/2,255255,10.988793,255255,11.609224,-5.492397e-02,0.336153,-1.845679e+00
(13#)9,270270,10.226055,270270,10.932103,-6.676482e-02,0.341718,-2.066172e+00
(13#)19/2,285285,10.849216,285285,11.551363,-6.271066e-02,0.347652,-2.019685e+00
(13#)10,300300,10.240623,300300,10.947381,-6.673779e-02,0.348927,-2.025518e+00
(13#)21/2,315315,10.316683,315315,10.924966,-5.728835e-02,0.336519,-1.807575e+00
(13#)11,330330,10.393438,330330,10.904374,-4.798935e-02,0.325157,-1.571352e+00
(13#)23/2,345345,10.823075,345345,11.376907,-4.990513e-02,0.314669,-1.760045e+00
(13#)12,373065,10.606476,373065,11.214415,-5.573523e-02,0.304967,-1.993458e+00
(13#)25/2,375375,10.254650,375375,10.851497,-5.657182e-02,0.295958,-2.016662e+00
(13#)13,390390,10.231377,390390,10.836304,-5.744277e-02,0.287587,-2.103456e+00
(13#)27/2,405405,10.260722,405405,10.822118,-5.326881e-02,0.279766,-2.006663e+00
(13#)14,420420,10.366435,420420,10.808835,-4.179067e-02,0.272449,-1.623790e+00
(13#)29/2,435435,10.808231,435435,11.178610,-3.369418e-02,0.265584,-1.394584e+00
(13#)15,451605,10.436300,451605,11.031311,-5.544757e-02,0.259132,-2.296170e+00
(13#)31/2,465465,10.580979,465465,11.129468,-5.053838e-02,0.253052,-2.167494e+00
(13#)16,480480,10.362928,480480,10.763178,-3.789608e-02,0.247310,-1.618416e+00
(13#)33/2,504735,10.409483,504735,10.917224,-4.762449e-02,0.241887,-2.099083e+00
(17#),510510,11.026899,510510,11.432086,-3.608629e-02,0.236752,-1.711439e+00
(13#)35/2,533715,10.416925,533715,10.748420,-3.132687e-02,0.231881,-1.429591e+00
(13#)18,540540,10.269105,540540,10.726665,-4.359285e-02,0.227251,-2.013458e+00
(13#)37/2,555555,10.602533,555555,11.013464,-3.802563e-02,0.222846,-1.844015e+00
(13#)19,570570,10.952643,570570,11.317980,-3.281185e-02,0.218648,-1.670893e+00
(13#)39/2,596505,10.294235,585585,10.703695,-3.900500e-02,0.214646,-1.907607e+00
(13#)20,608685,10.472163,608685,10.808272,-3.159114e-02,0.210822,-1.594277e+00
(13#)41/2,615615,10.612046,615615,10.954620,-3.177148e-02,0.207166,-1.653619e+00
(13#)21,636405,10.435571,636405,10.745179,-2.923689e-02,0.203660,-1.520218e+00
(13#)43/2,645645,10.621106,645645,10.929198,-2.859473e-02,0.200313,-1.538051e+00
(13#)22,660660,10.350167,660660,10.671667,-3.058960e-02,0.197097,-1.631175e+00
(13#)45/2,680295,10.361632,680295,10.702699,-3.238620e-02,0.194002,-1.758059e+00
(13#)23,690690,10.755350,690690,11.151911,-3.620754e-02,0.191036,-2.075843e+00
(13#)47/2,705705,10.426595,705705,10.884658,-4.299453e-02,0.188186,-2.434098e+00
(13#)24,726495,10.308325,726495,10.704127,-3.767751e-02,0.185436,-2.134438e+00
(13#)49/2,746130,10.671802,746130,11.003117,-3.057365e-02,0.182793,-1.812514e+00
(13#)25,750750,10.251097,750750,10.640847,-3.731534e-02,0.180239,-2.162405e+00
(17#)3/2,765765,10.999099,765765,11.324281,-2.913578e-02,0.177781,-1.829113e+00
(13#)26,780780,10.368641,780780,10.631986,-2.508106e-02,0.175404,-1.501363e+00
(13#)53/2,795795,10.541223,795795,10.830067,-2.703266e-02,0.173108,-1.668576e+00
(13#)27,810810,10.304168,810810,10.623712,-3.053997e-02,0.170888,-1.869901e+00
(13#)55/2,825825,10.346428,825825,10.619776,-2.607662e-02,0.168741,-1.619929e+00
(13#)28,844305,10.393724,844305,10.628665,-2.235248e-02,0.166663,-1.409680e+00
(13#)57/2,855855,10.950614,855855,11.219113,-2.422334e-02,0.164650,-1.630728e+00
(13#)29,870870,10.618234,870870,10.990769,-3.448302e-02,0.162699,-2.289719e+00
(13#)59/2,885885,10.480473,885885,10.786202,-2.875390e-02,0.160808,-1.901204e+00
(13#)30,903210,10.547562,903210,10.849244,-2.820062e-02,0.158973,-1.897691e+00
(13#)61/2,915915,10.513817,915915,10.773424,-2.439204e-02,0.157193,-1.651516e+00
(13#)31,930930,10.674738,930930,10.951117,-2.556144e-02,0.155464,-1.777768e+00
(13#)63/2,945945,10.247964,945945,10.592315,-3.304968e-02,0.153784,-2.239185e+00
(13#)32,960960,10.287085,960960,10.589313,-2.895608e-02,0.152152,-1.986357e+00
(13#)65/2,975975,10.325477,975975,10.586393,-2.495517e-02,0.150564,-1.732925e+00
(13#)33,990990,10.305419,990990,10.583552,-2.663118e-02,0.149018,-1.866436e+00
(13#)67/2,1009470,10.533132,1009470,10.750279,-2.040602e-02,0.147517,-1.472015e+00
(17#)2,1021020,11.021382,1021020,11.265915,-2.194456e-02,0.146052,-1.674285e+00
(13#)69/2,1036035,10.762380,1036035,11.066664,-2.788067e-02,0.144628,-2.103911e+00
(13#)35,1051050,10.288268,1051050,10.572910,-2.729086e-02,0.143240,-1.987169e+00
(13#)71/2,1066065,10.427962,1066065,10.719909,-2.761181e-02,0.141887,-2.057602e+00
(13#)36,1081080,10.323138,1081080,10.567984,-2.344127e-02,0.140566,-1.741858e+00
(13#)73/2,1096095,10.422884,1096095,10.710890,-2.725724e-02,0.139280,-2.067823e+00
(13#)37,1111110,10.634232,1119195,10.923066,-2.679844e-02,0.138023,-2.092649e+00
(13#)75/2,1138830,10.466797,1138830,10.700431,-2.207592e-02,0.136795,-1.707910e+00
(13#)38,1141140,10.959383,1141140,11.165570,-1.863893e-02,0.135598,-1.520574e+00
(13#)77/2,1156155,10.320161,1156155,10.556667,-2.265829e-02,0.134432,-1.759302e+00
(13#)39,1171170,10.342061,1171170,10.554558,-2.033862e-02,0.133288,-1.594268e+00
(13#)79/2,1186185,10.440871,1186185,10.686449,-2.324850e-02,0.132171,-1.858034e+00
(13#)40,1201200,10.337389,1201200,10.550481,-2.040417e-02,0.131082,-1.625642e+00
(13#)81/2,1217370,10.371182,1217370,10.663896,-2.783283e-02,0.130013,-2.251421e+00
(13#)41,1231230,10.509321,1231230,10.811046,-2.830585e-02,0.128972,-2.339464e+00
(13#)83/2,1246245,10.429753,1246245,10.672027,-2.296345e-02,0.127951,-1.893492e+00
(13#)42,1272810,10.412302,1272810,10.605735,-1.840690e-02,0.126952,-1.523671e+00
(17#)5/2,1276275,11.043507,1276275,11.228770,-1.663656e-02,0.125974,-1.470643e+00
(13#)43,1291290,10.502082,1291290,10.790822,-2.712248e-02,0.125015,-2.309646e+00
(13#)87/2,1306305,10.627386,1306305,10.919522,-2.711796e-02,0.124078,-2.354456e+00
(13#)44,1322685,10.478311,1322685,10.683485,-1.939161e-02,0.123160,-1.665916e+00
(13#)89/2,1336335,10.392350,1336335,10.652709,-2.474427e-02,0.122260,-2.129552e+00
(13#)45,1354815,10.541310,1354815,10.780203,-2.240960e-02,0.121376,-1.968209e+00
(13#)91/2,1366365,10.375962,1366365,10.530924,-1.482428e-02,0.120513,-1.285852e+00
(13#)46,1381380,10.830114,1381380,11.020473,-1.742412e-02,0.119665,-1.590764e+00
(13#)93/2,1396395,10.618802,1396395,10.883448,-2.461692e-02,0.118833,-2.227043e+00
(13#)47,1411410,10.606386,1411410,10.755486,-1.395969e-02,0.118018,-1.263368e+00
(13#)95/2,1426425,10.880402,1426425,11.131489,-2.281478e-02,0.117218,-2.142054e+00
(13#)48,1452990,10.410006,1452990,10.578248,-1.603234e-02,0.116432,-1.444979e+00
(13#)97/2,1456455,10.423028,1456455,10.630488,-1.970853e-02,0.115660,-1.793708e+00
(13#)49,1471470,10.291009,1471470,10.520524,-2.205743e-02,0.114905,-1.997434e+00
(13#)99/2,1492260,10.660100,1492260,10.879688,-2.038979e-02,0.114162,-1.923479e+00
(13#)50,1514205,10.444819,1514205,10.686940,-2.291635e-02,0.113433,-2.134483e+00
(13#)101/2,1516515,10.391610,1516515,10.620631,-2.179971e-02,0.112716,-2.031844e+00
(17#)3,1531530,10.911058,1531530,11.202817,-2.638850e-02,0.112012,-2.604712e+00
(13#)103/2,1546545,10.440663,1546545,10.615975,-1.665187e-02,0.111322,-1.574820e+00
(13#)52,1561560,10.299589,1561560,10.512603,-2.047088e-02,0.110641,-1.925276e+00
(13#)105/2,1576575,10.340241,1576575,10.511361,-1.641351e-02,0.109974,-1.556006e+00
(13#)53,1591590,10.517162,1591590,10.712351,-1.838896e-02,0.109318,-1.785514e+00
(13#)107/2,1606605,10.386320,1606605,10.607155,-2.103918e-02,0.108671,-2.032140e+00
(13#)54,1621620,10.277321,1621620,10.507757,-2.217414e-02,0.108037,-2.132937e+00
(13#)109/2,1636635,10.445347,1636635,10.602975,-1.497805e-02,0.107413,-1.467499e+00
(13#)55,1651650,10.300552,1651650,10.505452,-1.969687e-02,0.106798,-1.918575e+00
(13#)111/2,1666665,10.646756,1666665,10.798971,-1.419561e-02,0.106193,-1.433381e+00
(13#)56,1681680,10.324904,1688610,10.516598,-1.839590e-02,0.105600,-1.815281e+00
(13#)113/2,1708245,10.457128,1708245,10.642711,-1.759138e-02,0.105016,-1.767187e+00
(13#)57,1711710,10.891427,1711710,11.107674,-1.966028e-02,0.104440,-2.070541e+00
(13#)115/2,1726725,10.854782,1726725,10.991064,-1.247686e-02,0.103873,-1.312006e+00
(13#)58,1741740,10.645655,1741740,10.880897,-2.185684e-02,0.103315,-2.276938e+00
(13#)117/2,1763580,10.420863,1763580,10.648922,-2.164884e-02,0.102765,-2.219231e+00
(13#)59,1771770,10.461626,1771770,10.677842,-2.045685e-02,0.102224,-2.115119e+00
(17#)7/2,1786785,11.017322,1786785,11.183541,-1.497437e-02,0.101692,-1.634532e+00
(13#)60,1806420,10.502773,1806420,10.742775,-2.259408e-02,0.101167,-2.372330e+00
(13#)121/2,1826055,10.432310,1826055,10.609072,-1.680175e-02,0.100650,-1.756203e+00
(13#)61,1831830,10.469816,1831830,10.667817,-1.873497e-02,0.100141,-1.977219e+00
(13#)123/2,1846845,10.591260,1846845,10.756510,-1.548199e-02,0.099639,-1.658484e+00
(13#)62,1865325,10.692602,1865325,10.852069,-1.480367e-02,0.099145,-1.608424e+00
(13#)125/2,1887270,10.277793,1876875,10.490265,-2.046217e-02,0.098656,-2.153668e+00
(13#)63,1891890,10.339637,1891890,10.489367,-1.437729e-02,0.098176,-1.525116e+00
(13#)127/2,1906905,10.380434,1906905,10.570976,-1.818948e-02,0.097703,-1.950221e+00
(13#)64,1921920,10.273907,1921920,10.487608,-2.058699e-02,0.097236,-2.197756e+00
(13#)129/2,1936935,10.499537,1936935,10.738253,-2.248123e-02,0.096775,-2.466709e+00
(13#)65,1951950,10.300478,1951950,10.485898,-1.784101e-02,0.096321,-1.925022e+00
(13#)131/2,1966965,10.450061,1966965,10.564995,-1.093833e-02,0.095873,-1.198811e+00
(13#)66,1981980,10.330011,1981980,10.484233,-1.481913e-02,0.095431,-1.616054e+00
(13#)133/2,1996995,10.904198,1996995,11.089987,-1.689474e-02,0.094996,-1.955752e+00
(13#)67,2012010,10.472543,2018940,10.652597,-1.704679e-02,0.094566,-1.903999e+00
(13#)135/2,2027025,10.334879,2040885,10.519979,-1.775169e-02,0.094142,-1.966175e+00
(17#)4,2042040,11.036389,2042040,11.168595,-1.190795e-02,0.093723,-1.410607e+00
(13#)137/2,2057055,10.384211,2057055,10.556641,-1.646864e-02,0.093310,-1.847923e+00
(13#)69,2072070,10.805614,2072070,10.970515,-1.514536e-02,0.092902,-1.774994e+00
(13#)139/2,2087085,10.430932,2087085,10.554008,-1.173009e-02,0.092500,-1.330554e+00
(13#)70,2102100,10.284755,2102100,10.477998,-1.861492e-02,0.092103,-2.098118e+00
(13#)141/2,2117115,10.494377,2117115,10.706402,-2.000234e-02,0.091711,-2.311887e+00
(13#)71,2132130,10.457275,2132130,10.625975,-1.600357e-02,0.091324,-1.847270e+00
(13#)143/2,2147145,10.320896,2147145,10.475820,-1.489918e-02,0.090942,-1.703549e+00
(13#)72,2162160,10.288540,2162160,10.475112,-1.797150e-02,0.090564,-2.060112e+00
(13#)145/2,2177175,10.658869,2177175,10.856306,-1.835379e-02,0.090191,-2.189098e+00
(13#)73,2192190,10.453470,2204475,10.626904,-1.645493e-02,0.089823,-1.930844e+00
(13#)147/2,2207205,10.304683,2207205,10.473039,-1.620583e-02,0.089460,-1.881918e+00
(13#)74,2222220,10.622445,2222220,10.766965,-1.351343e-02,0.089101,-1.621980e+00
(13#)149/2,2238390,10.682244,2238390,10.832769,-1.399275e-02,0.088746,-1.696129e+00
(13#)75,2258025,10.597085,2258025,10.718944,-1.143366e-02,0.088396,-1.378555e+00
(13#)151/2,2277660,10.450425,2277660,10.611413,-1.528751e-02,0.088049,-1.828396e+00
(13#)76,2282280,10.950591,2282280,11.076274,-1.141193e-02,0.087707,-1.432989e+00
(17#)9/2,2297295,10.993740,2297295,11.156629,-1.470788e-02,0.087369,-1.864385e+00
(13#)77,2312310,10.332900,2312310,10.468481,-1.303595e-02,0.087035,-1.557775e+00
(13#)155/2,2327325,10.635097,2327325,10.823405,-1.755132e-02,0.086704,-2.171846e+00
(13#)78,2342340,10.308031,2342340,10.467245,-1.532758e-02,0.086378,-1.843226e+00
(13#)157/2,2357355,10.382456,2357355,10.533159,-1.441082e-02,0.086055,-1.751240e+00
(13#)79,2372370,10.436121,2372370,10.599943,-1.557568e-02,0.085736,-1.910775e+00
(13#)159/2,2387385,10.481667,2387385,10.667614,-1.758465e-02,0.085421,-2.176825e+00
(13#)80,2415105,10.317553,2415105,10.490957,-1.666702e-02,0.085109,-2.037434e+00
(13#)161/2,2417415,10.848812,2417415,10.955258,-9.763901e-03,0.084801,-1.255239e+00
(13#)81,2434740,10.439245,2434740,10.579345,-1.333128e-02,0.084496,-1.658070e+00
(13#)163/2,2447445,10.350323,2447445,10.527175,-1.694233e-02,0.084195,-2.100510e+00
(13#)82,2462460,10.519163,2462460,10.726945,-1.956017e-02,0.083896,-2.476663e+00
(13#)165/2,2477475,10.298519,2477475,10.462017,-1.575117e-02,0.083601,-1.955694e+00
(13#)83,2492490,10.440886,2492490,10.588757,-1.406337e-02,0.083310,-1.774954e+00
(13#)167/2,2507505,10.336269,2507505,10.523411,-1.794341e-02,0.083021,-2.254151e+00
(13#)84,2523675,10.555232,2523675,10.630734,-7.127570e-03,0.082736,-9.125642e-01
(13#)169/2,2545620,10.404740,2545620,10.524064,-1.140294e-02,0.082454,-1.447154e+00
(17#)5,2552550,10.990122,2552550,11.146809,-1.415639e-02,0.082174,-1.906770e+00
(13#)171/2,2567565,10.927081,2567565,11.065299,-1.256983e-02,0.081898,-1.687689e+00
(13#)86,2582580,10.555780,2582580,10.709758,-1.448171e-02,0.081625,-1.886407e+00
(13#)173/2,2611455,10.649748,2611455,10.818438,-1.571567e-02,0.081354,-2.073530e+00
(13#)87,2612610,10.665395,2612610,10.839132,-1.615856e-02,0.081085,-2.142657e+00
(13#)175/2,2627625,10.287385,2627625,10.456771,-1.633129e-02,0.080821,-2.095812e+00
(13#)88,2645370,10.513061,2645370,10.611518,-9.321626e-03,0.080558,-1.222188e+00
(13#)177/2,2657655,10.515490,2657655,10.636665,-1.145758e-02,0.080299,-1.509046e+00
(13#)89,2672670,10.448972,2672670,10.573807,-1.187633e-02,0.080042,-1.559622e+00
(13#)179/2,2687685,10.373355,2687685,10.513068,-1.337860e-02,0.079787,-1.751081e+00
(13#)90,2709630,10.531578,2709630,10.702296,-1.608014e-02,0.079536,-2.146427e+00
(13#)181/2,2717715,10.373315,2717715,10.511470,-1.323040e-02,0.079287,-1.742468e+00
(13#)91,2732730,10.330420,2732730,10.453405,-1.183484e-02,0.079040,-1.555987e+00
(13#)183/2,2747745,10.487651,2747745,10.627688,-1.326422e-02,0.078796,-1.777212e+00
(13#)92,2762760,10.764456,2762760,10.943436,-1.649024e-02,0.078554,-2.278434e+00
(13#)185/2,2777775,10.572399,2777775,10.746601,-1.634277e-02,0.078314,-2.224403e+00
(13#)93,2792790,10.664870,2792790,10.807097,-1.324792e-02,0.078077,-1.821630e+00
(17#)11/2,2807805,11.026623,2807805,11.138591,-1.010312e-02,0.077842,-1.438401e+00
(13#)94,2822820,10.524421,2822820,10.679806,-1.465627e-02,0.077609,-2.002147e+00
(13#)189/2,2847075,10.459202,2847075,10.591494,-1.256906e-02,0.077379,-1.709663e+00
(13#)95,2852850,10.928454,2852850,11.056294,-1.163002e-02,0.077151,-1.657012e+00
(13#)191/2,2867865,10.356545,2867865,10.503951,-1.413279e-02,0.076925,-1.916231e+00
(13#)96,2882880,10.248443,2882880,10.448977,-1.937826e-02,0.076701,-2.614487e+00
(13#)193/2,2897895,10.355880,2905980,10.504494,-1.424869e-02,0.076480,-1.943174e+00
(13#)97,2912910,10.357723,2912910,10.556664,-1.902491e-02,0.076260,-2.608723e+00
(13#)195/2,2927925,10.312033,2927925,10.447728,-1.307311e-02,0.076042,-1.784479e+00
(13#)98,2942940,10.281846,2942940,10.447319,-1.596560e-02,0.075826,-2.182277e+00
(13#)197/2,2957955,10.369046,2957955,10.499784,-1.252965e-02,0.075613,-1.729040e+00
(13#)99,2984520,10.632571,2984520,10.807332,-1.630275e-02,0.075401,-2.317751e+00
(13#)199/2,2987985,10.368039,2987985,10.498448,-1.249954e-02,0.075192,-1.734347e+00
(13#)100,3003000,10.291427,3003000,10.445721,-1.488123e-02,0.074984,-2.057696e+00
(13#)201/2,3028410,10.495771,3028410,10.615467,-1.133965e-02,0.074778,-1.600682e+00
(13#)101,3043425,10.432756,3043425,10.560431,-1.216360e-02,0.074574,-1.712054e+00
(13#)203/2,3048045,10.631139,3048045,10.826391,-1.819945e-02,0.074372,-2.625346e+00
(17#)6,3063060,10.976011,3063060,11.131601,-1.407595e-02,0.074171,-2.097724e+00
(13#)205/2,3078075,10.606222,3078075,10.708145,-9.563879e-03,0.073972,-1.377862e+00
(13#)103,3093090,10.413728,3093090,10.545500,-1.257427e-02,0.073775,-1.786130e+00
(13#)207/2,3108105,10.807899,3108105,10.933979,-1.159804e-02,0.073581,-1.713488e+00
(13#)104,3123120,10.248170,3123120,10.442688,-1.880284e-02,0.073387,-2.650574e+00
(13#)209/2,3138135,10.916772,3138135,11.048761,-1.201802e-02,0.073195,-1.803258e+00
(13#)105,3161235,10.562500,3161235,10.689943,-1.199338e-02,0.073005,-1.745671e+00
(13#)211/2,3168165,10.373595,3182025,10.505799,-1.266379e-02,0.072817,-1.815569e+00
(13#)106,3183180,10.527833,3183180,10.643391,-1.091661e-02,0.072630,-1.591048e+00
(13#)213/2,3198195,10.513056,3198195,10.590305,-7.321030e-03,0.072445,-1.066310e+00
(13#)107,3213210,10.372664,3213210,10.538730,-1.588315e-02,0.072261,-2.298141e+00
(13#)215/2,3228225,10.514264,3228225,10.691644,-1.672967e-02,0.072079,-2.460908e+00
(13#)108,3247860,10.321276,3243240,10.439857,-1.142349e-02,0.071898,-1.649295e+00
(13#)217/2,3258255,10.632892,3258255,10.795004,-1.513124e-02,0.071719,-2.260381e+00
(13#)109,3273270,10.421478,3273270,10.535525,-1.088398e-02,0.071542,-1.594122e+00
(13#)219/2,3288285,10.467330,3288285,10.584041,-1.108832e-02,0.071366,-1.635386e+00
(13#)110,3303300,10.297571,3303300,10.438510,-1.359379e-02,0.071191,-1.979727e+00
(17#)13/2,3318315,11.012949,3318315,11.125578,-1.017503e-02,0.071018,-1.585924e+00
(13#)111,3333330,10.550614,3333330,10.732397,-1.708287e-02,0.070846,-2.565889e+00
(13#)223/2,3357585,10.696223,3357585,10.798449,-9.511849e-03,0.070676,-1.446407e+00
(13#)112,3377220,10.313880,3377220,10.450940,-1.320132e-02,0.070507,-1.943914e+00
(13#)225/2,3378375,10.330092,3378375,10.436887,-1.028522e-02,0.070340,-1.518275e+00
(13#)113,3393390,10.445844,3393390,10.529444,-7.971371e-03,0.070173,-1.191348e+00
(13#)227/2,3416490,10.413463,3416490,10.577595,-1.563864e-02,0.070009,-2.344447e+00
(13#)114,3423420,10.875278,3423420,11.042357,-1.524642e-02,0.069845,-2.392146e+00
(13#)229/2,3438435,10.399029,3438435,10.481048,-7.856190e-03,0.069683,-1.177023e+00
(13#)115,3453450,10.765139,3453450,10.926227,-1.485296e-02,0.069522,-2.317073e+00
(13#)231/2,3468465,10.247681,3468465,10.435023,-1.811631e-02,0.069362,-2.700932e+00
(13#)116,3483480,10.703115,3483480,10.816530,-1.054071e-02,0.069204,-1.638852e+00
(13#)233/2,3498495,10.351246,3498495,10.479048,-1.227091e-02,0.069047,-1.850937e+00
(13#)117,3527160,10.503005,3527160,10.591257,-8.367398e-03,0.068891,-1.281031e+00
(13#)235/2,3528525,10.546638,3528525,10.662912,-1.096445e-02,0.068736,-1.691607e+00
(13#)118,3543540,10.484501,3543540,10.614390,-1.231260e-02,0.068582,-1.893930e+00
(13#)237/2,3558555,10.470675,3558555,10.567123,-9.169044e-03,0.068430,-1.409434e+00
(17#)7,3573570,11.047450,3573570,11.120329,-6.575223e-03,0.068279,-1.067367e+00
(13#)239/2,3588585,10.353998,3588585,10.476165,-1.172991e-02,0.068129,-1.793166e+00
(13#)120,3612840,10.550401,3612840,10.680379,-1.224443e-02,0.067980,-1.912000e+00
(13#)241/2,3618615,10.347228,3632475,10.488019,-1.351488e-02,0.067833,-2.075550e+00
(13#)121,3633630,10.288517,3633630,10.431821,-1.383238e-02,0.067686,-2.117181e+00
(13#)243/2,3652110,10.420645,3652110,10.547239,-1.207516e-02,0.067541,-1.874325e+00
(13#)122,3663660,10.472942,3663660,10.605989,-1.262390e-02,0.067397,-1.974084e+00
(13#)245/2,3678675,10.294933,3678675,10.430993,-1.312965e-02,0.067253,-2.023109e+00
(13#)123,3693690,10.587972,3693690,10.695043,-1.006176e-02,0.067111,-1.595438e+00
(13#)247/2,3708705,10.902911,3708705,11.036841,-1.220900e-02,0.066970,-1.999845e+00
(13#)124,3723720,10.698513,3730650,10.791166,-8.623112e-03,0.066830,-1.386404e+00
(13#)249/2,3738735,10.470568,3738735,10.557182,-8.238098e-03,0.066691,-1.298734e+00
(13#)125,3753750,10.359482,3753750,10.429652,-6.750658e-03,0.066553,-1.054346e+00
(13#)251/2,3768765,10.356264,3768765,10.470789,-1.099779e-02,0.066416,-1.724353e+00
(13#)126,3783780,10.307245,3783780,10.429129,-1.175573e-02,0.066279,-1.838957e+00
(13#)253/2,3798795,10.766849,3798795,10.919748,-1.410102e-02,0.066144,-2.311608e+00
(13#)127,3813810,10.398620,3813810,10.511081,-1.075692e-02,0.066010,-1.703694e+00
(17#)15/2,3828825,10.973156,3828825,11.115711,-1.290761e-02,0.065877,-2.163961e+00
(13#)128,3843840,10.340503,3843840,10.428105,-8.436041e-03,0.065745,-1.332450e+00
(13#)257/2,3858855,10.291263,3858855,10.468279,-1.705435e-02,0.065614,-2.697838e+00
(13#)129,3873870,10.552452,3873870,10.679027,-1.192343e-02,0.065484,-1.932908e+00
(13#)259/2,3888885,10.520863,3888885,10.721880,-1.892627e-02,0.065354,-3.075817e+00
(13#)130,3903900,10.309408,3903900,10.427110,-1.135231e-02,0.065226,-1.804532e+00
(13#)261/2,3918915,10.681603,3918915,10.808654,-1.182416e-02,0.065099,-1.951653e+00
(13#)131,3933930,10.402587,3933930,10.506532,-9.942629e-03,0.064972,-1.599842e+00
(13#)263/2,3948945,10.326406,3948945,10.465876,-1.341572e-02,0.064846,-2.150783e+00
(13#)132,3968055,10.495440,3968055,10.584193,-8.420822e-03,0.064721,-1.371323e+00
(13#)265/2,3978975,10.494102,3978975,10.628026,-1.268108e-02,0.064597,-2.073221e+00
(13#)133,3993990,10.893006,3993990,11.032038,-1.268266e-02,0.064474,-2.156406e+00
(13#)267/2,4009005,10.414502,4009005,10.543918,-1.234992e-02,0.064352,-2.011061e+00
(13#)134,4037880,10.495796,4037880,10.595387,-9.443883e-03,0.064231,-1.550507e+00
(13#)269/2,4039035,10.320639,4039035,10.463575,-1.375448e-02,0.064110,-2.229540e+00
(13#)135,4064445,10.557211,4064445,10.672737,-1.088343e-02,0.063990,-1.805378e+00
(13#)271/2,4069065,10.350307,4081770,10.463290,-1.085675e-02,0.063871,-1.768924e+00
(17#)8,4084080,10.942511,4084080,11.111614,-1.533558e-02,0.063753,-2.652473e+00
(13#)273/2,4103715,10.663774,4103715,10.785080,-1.131127e-02,0.063636,-1.906242e+00
(13#)137,4114110,10.395676,4114110,10.500189,-1.000329e-02,0.063519,-1.645378e+00
(13#)275/2,4129125,10.314724,4129125,10.423610,-1.050105e-02,0.063404,-1.717339e+00
(13#)138,4144140,10.791172,4144140,10.914248,-1.134071e-02,0.063289,-1.944668e+00
(13#)277/2,4159155,10.320586,4159155,10.460653,-1.348030e-02,0.063174,-2.217155e+00
(13#)139,4174170,10.382523,4174170,10.498192,-1.107910e-02,0.063061,-1.834234e+00
(13#)279/2,4189185,10.684966,4189185,10.778182,-8.686213e-03,0.062948,-1.480844e+00
(13#)140,4204200,10.308764,4204200,10.422519,-1.097431e-02,0.062836,-1.810342e+00
(13#)281/2,4219215,10.327187,4219215,10.459251,-1.270693e-02,0.062725,-2.105446e+00
(13#)141,4234230,10.549177,4234230,10.651158,-9.620755e-03,0.062615,-1.628696e+00
(13#)283/2,4260795,10.425283,4260795,10.537472,-1.070375e-02,0.062505,-1.794880e+00
(13#)142,4264260,10.438249,4264260,10.571061,-1.264334e-02,0.062396,-2.128537e+00
(13#)285/2,4279275,10.941666,4279275,11.027814,-7.842584e-03,0.062288,-1.383064e+00
(13#)143,4294290,10.301348,4294290,10.421255,-1.157274e-02,0.062180,-1.928391e+00
(13#)287/2,4309305,10.567129,4309305,10.685353,-1.112582e-02,0.062073,-1.904603e+00
(13#)144,4324320,10.265495,4324320,10.420845,-1.501983e-02,0.061967,-2.506976e+00
(17#)17/2,4339335,10.968831,4339335,11.107955,-1.260381e-02,0.061861,-2.248977e+00
(13#)145,4354350,10.696809,4354350,10.802210,-9.805299e-03,0.061756,-1.706738e+00
(13#)291/2,4369365,10.366075,4369365,10.528741,-1.557027e-02,0.061652,-2.638450e+00
(13#)146,4384380,10.457907,4384380,10.565219,-1.020908e-02,0.061549,-1.743528e+00
(13#)293/2,4408950,10.489622,4408950,10.578411,-8.428849e-03,0.061446,-1.444994e+00
(13#)147,4414410,10.314158,4414410,10.419643,-1.017526e-02,0.061344,-1.719565e+00
(13#)295/2,4429425,10.466496,4429425,10.600285,-1.270159e-02,0.061242,-2.184596e+00
(13#)148,4444440,10.586526,4444440,10.713758,-1.194667e-02,0.061141,-2.080964e+00
(13#)297/2,4459455,10.285768,4459455,10.419059,-1.287553e-02,0.061041,-2.183630e+00
(13#)149,4476780,10.655170,4476780,10.779912,-1.163920e-02,0.060941,-2.046934e+00
(13#)299/2,4489485,10.808306,4489485,10.909517,-9.320630e-03,0.060842,-1.663508e+00
(13#)150,4516050,10.578518,4516050,10.666482,-8.280925e-03,0.060744,-1.448104e+00
(13#)301/2,4519515,10.525330,4519515,10.669702,-1.362336e-02,0.060646,-2.380562e+00
(13#)151,4542615,10.482914,4542615,10.588396,-1.001195e-02,0.060549,-1.742087e+00
(13#)303/2,4555320,10.437256,4555320,10.559340,-1.162903e-02,0.060452,-2.019514e+00
(13#)152,4564560,10.902882,4564560,11.024071,-1.105400e-02,0.060356,-2.007903e+00
(13#)305/2,4579575,10.497038,4579575,10.592257,-9.030159e-03,0.060260,-1.580139e+00
(17#)9,4594590,11.013391,4594590,11.104665,-8.253392e-03,0.060166,-1.517036e+00
(13#)307/2,4614225,10.327417,4609605,10.450982,-1.189371e-02,0.060071,-2.056976e+00
(13#)154,4624620,10.313539,4624620,10.417006,-9.982136e-03,0.059978,-1.725078e+00
(13#)309/2,4639635,10.385469,4639635,10.518880,-1.276408e-02,0.059884,-2.227817e+00
(13#)155,4654650,10.684694,4654650,10.772077,-8.145044e-03,0.059792,-1.461445e+00
(13#)311/2,4669665,10.337256,4669665,10.449826,-1.083089e-02,0.059700,-1.885598e+00
(13#)156,4684680,10.323337,4684680,10.416291,-8.963994e-03,0.059608,-1.559427e+00
(13#)313/2,4699695,10.315135,4699695,10.449259,-1.291882e-02,0.059517,-2.253538e+00
(13#)157,4714710,10.403343,4714710,10.482440,-7.574312e-03,0.059427,-1.331000e+00
(13#)315/2,4729725,10.314079,4729725,10.415767,-9.810827e-03,0.059337,-1.713731e+00
(13#)158,4744740,10.428123,4744740,10.549456,-1.156799e-02,0.059248,-2.047882e+00
(13#)317/2,4762065,10.338118,4762065,10.454358,-1.118109e-02,0.059159,-1.964875e+00
(13#)159,4774770,10.484377,4774770,10.617357,-1.260388e-02,0.059071,-2.251191e+00
(13#)319/2,4789785,10.688939,4789785,10.796836,-1.004364e-02,0.058983,-1.829286e+00
(13#)160,4804800,10.336307,4804800,10.414912,-7.575973e-03,0.058896,-1.334640e+00
(13#)321/2,4819815,10.347396,4819815,10.512909,-1.586901e-02,0.058809,-2.814412e+00
(13#)161,4834830,10.814107,4834830,10.905402,-8.406775e-03,0.058723,-1.554671e+00
(19#)/2,4849845,11.627998,4849845,11.748431,-1.030387e-02,0.058637,-2.053870e+00
(17#)10,5105100,10.973033,5105100,11.098990,-1.141343e-02,0.057252,-2.200051e+00
(17#)21/2,5360355,10.996228,5360355,11.096525,-9.079669e-03,0.055993,-1.791237e+00
(17#)11,5615610,11.017141,5615610,11.094267,-6.976146e-03,0.054842,-1.406329e+00
(17#)23/2,5870865,11.544510,5870865,11.615695,-6.147229e-03,0.053786,-1.323492e+00
(17#)12,6126120,10.958300,6126120,11.090278,-1.197173e-02,0.052816,-2.498830e+00
(17#)25/2,6561555,11.429827,6561555,11.526009,-8.379812e-03,0.051920,-1.852508e+00
(17#)13,6636630,10.980666,6636630,11.086865,-9.624981e-03,0.051092,-2.078583e+00
(17#)27/2,6891885,10.959842,6891885,11.085338,-1.138549e-02,0.050324,-2.493766e+00
(17#)14,7147140,10.983079,7147140,11.083915,-9.139112e-03,0.049610,-2.032567e+00
(17#)29/2,7402395,11.421215,7402395,11.489716,-5.979751e-03,0.048945,-1.399543e+00
(17#)15,7657650,10.989580,7657650,11.081344,-8.315422e-03,0.048325,-1.898893e+00
(17#)31/2,7912905,11.339395,7912905,11.459220,-1.051171e-02,0.047745,-2.509689e+00
(17#)16,8273265,11.322354,8273265,11.401822,-6.994143e-03,0.047202,-1.683567e+00
(17#)33/2,8580495,11.190130,8580495,11.259171,-6.150870e-03,0.046693,-1.478619e+00
(17#)17,8843835,11.289899,8843835,11.371783,-7.226698e-03,0.046215,-1.771810e+00
(17#)35/2,8933925,10.957271,8933925,11.076181,-1.079371e-02,0.045766,-2.598222e+00
(17#)18,9189180,10.992908,9189180,11.075321,-7.468960e-03,0.045343,-1.817546e+00
(17#)37/2,9444435,11.317320,9444435,11.388548,-6.273974e-03,0.044945,-1.584777e+00
