START,n_0,C_min,Npred_0,CpredAlign,Lambda_min,Jitter,JitterRatio
5,5,2.590290,5,0.680494,1.336706e+00,3.585599,5.326296e-01
6,6,3.210402,6,0.701240,1.521301e+00,4.712567,5.324406e-01
9,9,4.827796,9,1.662128,1.066291e+00,4.158239,7.613002e-01
10,10,2.120759,10,0.053745,3.675279e+00,3.801627,5.437183e-01
12,12,4.116507,12,1.559355,9.707327e-01,4.006582,6.382378e-01
(5#)17/2,262,2.366905,256,0.091472,3.253306e+00,2.564762,8.871907e-01
(5#)19/2,292,2.207228,293,0.210260,2.351148e+00,2.472453,8.076869e-01
(5#)10,313,1.693274,313,0.246917,1.925367e+00,2.429812,5.952547e-01
(7#)3/2,316,2.096745,317,0.272714,2.039718e+00,2.146458,8.497865e-01
(5#)11,337,1.613017,337,0.304981,1.665612e+00,2.359837,5.542908e-01
(5#)12,362,1.917761,373,0.380003,1.618734e+00,2.280395,6.743384e-01
(5#)13,391,1.826947,401,0.434116,1.437090e+00,2.246644,6.199607e-01
(5#)27/2,412,2.111809,419,0.453608,1.538067e+00,2.226052,7.449067e-01
(7#)2,433,1.364958,433,0.472124,1.061637e+00,1.936632,4.610241e-01
(5#)29/2,439,2.366648,439,0.497731,1.559170e+00,2.182142,8.564598e-01
(5#)15,463,1.956971,463,0.522469,1.320587e+00,2.159287,6.643406e-01
(5#)31/2,466,1.944258,479,0.534762,1.290814e+00,2.143191,6.576623e-01
(5#)16,481,1.907067,491,0.558839,1.227460e+00,2.120196,6.358978e-01
(5#)33/2,496,1.863948,499,0.572431,1.180560e+00,2.108454,6.125422e-01
(5#)17,524,2.394277,512,0.583637,1.411557e+00,2.090167,8.662657e-01
(7#)5/2,526,2.089567,538,0.608767,1.233277e+00,2.076108,7.132577e-01
(5#)18,548,2.031998,541,0.615925,1.193650e+00,2.060868,6.871246e-01
(5#)37/2,569,1.983900,557,0.630707,1.145978e+00,2.049345,6.603051e-01
(5#)19,577,2.245675,577,0.642629,1.251194e+00,2.034463,7.879455e-01
(5#)39/2,599,2.188595,599,0.655968,1.204903e+00,2.024086,7.571946e-01
(5#)20,601,1.910627,601,0.667396,1.051803e+00,2.010595,6.183398e-01
(5#)41/2,617,1.876316,619,0.679447,1.015786e+00,2.001139,5.980939e-01
(7#)3,631,2.111378,643,0.689169,1.119610e+00,1.991297,7.142124e-01
(5#)43/2,649,2.329513,659,0.700102,1.202188e+00,1.980483,8.227342e-01
(5#)22,661,1.788981,661,0.709515,9.248198e-01,1.969307,5.481451e-01
(5#)45/2,677,2.010889,677,0.719438,1.027862e+00,1.958892,6.592763e-01
(5#)23,697,2.216917,701,0.727436,1.114347e+00,1.930320,7.716239e-01
(5#)47/2,706,1.706515,719,0.737845,8.384748e-01,1.944446,4.981727e-01
(5#)24,734,2.135493,733,0.747155,1.050180e+00,1.935113,7.174454e-01
(7#)7/2,743,2.355865,739,0.753255,1.140259e+00,1.631199,9.824736e-01
(5#)25,751,2.338294,761,0.759135,1.124997e+00,1.920230,8.223801e-01
(5#)51/2,766,2.072834,773,0.767809,9.931310e-01,1.914462,6.816667e-01
(5#)26,788,1.806384,787,0.775537,8.455266e-01,1.906633,5.406636e-01
(5#)53/2,802,1.784236,797,0.780023,8.274222e-01,1.901396,5.281451e-01
(5#)27,821,1.976976,823,0.785518,9.229803e-01,1.894202,6.290026e-01
(5#)55/2,839,2.379710,839,0.791782,1.100448e+00,1.889440,8.404226e-01
(7#)4,841,2.159749,853,0.801559,9.911887e-01,1.884215,7.208254e-01
(5#)57/2,859,1.914982,859,0.802963,8.691549e-01,1.855966,5.991591e-01
(5#)29,883,2.295458,883,0.809733,1.041983e+00,1.868241,7.952534e-01
(5#)59/2,886,2.287381,887,0.812758,1.034729e+00,1.868503,7.892002e-01
(5#)30,904,2.050129,911,0.818947,9.176386e-01,1.862926,6.608862e-01
(5#)61/2,919,1.825774,919,0.822484,7.974303e-01,1.859357,5.395898e-01
(5#)31,943,1.991920,941,0.827750,8.781431e-01,1.854233,6.278445e-01
(7#)9/2,958,2.164457,953,0.830251,9.581967e-01,1.850438,7.210217e-01
(5#)32,967,1.761041,971,0.835403,7.457461e-01,1.846293,5.013495e-01
(5#)65/2,982,1.933461,977,0.838050,8.359892e-01,1.843370,5.942437e-01
(5#)33,997,2.106150,997,0.841179,9.178124e-01,1.839049,6.878397e-01
(5#)67/2,1009,1.898450,1019,0.845414,8.089666e-01,1.836413,5.734200e-01
(5#)34,1024,2.252124,1024,0.846560,9.784480e-01,1.808466,7.772134e-01
(5#)69/2,1048,2.030676,1039,0.851495,8.691304e-01,1.830079,6.443334e-01
(7#)5,1063,2.195023,1063,0.853835,9.442098e-01,1.827324,7.339629e-01
(5#)71/2,1072,2.361462,1069,0.857344,1.013197e+00,1.821146,8.259184e-01
(5#)36,1094,2.506504,1093,0.860320,1.069340e+00,1.821003,9.039985e-01
(5#)73/2,1109,1.952088,1097,0.862150,8.172256e-01,1.819110,5.991600e-01
(5#)37,1123,2.110511,1123,0.865311,8.915964e-01,1.816078,6.856534e-01
(5#)75/2,1126,2.104611,1129,0.867104,8.867270e-01,1.814295,6.820870e-01
(5#)38,1147,2.252003,1153,0.870041,9.510350e-01,1.811637,7.628250e-01
(11#)/2,1244,2.122683,1259,0.871626,8.900757e-01,1.799985,6.950375e-01
(7#)6,1319,1.723241,1361,0.883567,6.679950e-01,1.764931,4.757546e-01
(7#)13/2,1402,1.647631,1459,0.889137,6.168424e-01,1.784594,4.250233e-01
(7#)7,1489,1.865276,1571,0.892463,7.371793e-01,1.786976,5.443906e-01
(7#)15/2,1676,2.104753,1669,0.891113,8.594822e-01,1.788933,6.784156e-01
(7#)8,1774,2.019039,1783,0.886436,8.231680e-01,1.792594,6.318235e-01
(7#)17/2,1849,2.204669,1889,0.880253,9.181233e-01,1.798631,7.363467e-01
(7#)9,1966,1.989272,1993,0.872449,8.242198e-01,1.805978,6.184034e-01
(7#)19/2,2029,1.715762,2048,0.862935,6.872732e-01,1.815142,4.698404e-01
(7#)10,2104,2.003507,2203,0.852379,8.546232e-01,1.825357,6.306317e-01
(7#)21/2,2287,1.989104,2309,0.840498,8.614450e-01,1.837023,6.252540e-01
(11#),2347,2.156625,2411,0.827898,9.574098e-01,1.849428,7.184529e-01
(7#)23/2,2447,2.190317,2503,0.823250,9.785416e-01,1.785320,7.657266e-01
(7#)12,2623,2.363446,2621,0.855474,1.016220e+00,1.775215,8.494588e-01
(7#)25/2,2633,2.168203,2729,0.904725,8.740230e-01,1.732243,7.293884e-01
(7#)13,2809,2.065835,2833,0.944972,7.821345e-01,1.686087,6.647717e-01
(7#)27/2,2909,2.274897,2939,0.985982,8.360520e-01,1.652993,7.797462e-01
(7#)14,2974,2.064698,3041,1.025505,6.997988e-01,1.616363,6.429206e-01
(7#)29/2,3076,1.845344,3137,1.060658,5.537762e-01,1.582700,4.957895e-01
(7#)15,3221,2.107297,3253,1.097042,6.527886e-01,1.550012,6.517724e-01
(7#)31/2,3334,2.210551,3359,1.125909,6.746511e-01,1.519859,7.136465e-01
(7#)16,3386,2.340982,3463,1.155972,7.056290e-01,1.490480,7.950526e-01
(11#)3/2,3559,2.029695,3559,1.185002,5.381411e-01,1.415150,5.968929e-01
(7#)17,3571,2.249487,3673,1.212110,6.183395e-01,1.422108,7.294643e-01
(7#)35/2,3769,1.943543,3779,1.238444,4.506568e-01,1.428940,4.934420e-01
(7#)18,3799,2.075010,3881,1.265792,4.942680e-01,1.437090,5.630949e-01
(7#)37/2,3964,2.216472,3989,1.287380,5.433076e-01,1.445058,6.429444e-01
(7#)19,4051,2.044491,4093,1.310952,4.443953e-01,1.453295,5.047420e-01
(7#)39/2,4153,2.340594,4096,1.330601,5.647740e-01,1.461820,6.909148e-01
(7#)20,4282,2.220909,4297,1.351740,4.965239e-01,1.470609,5.910266e-01
(7#)41/2,4393,2.306710,4409,1.372500,5.191884e-01,1.479042,6.316318e-01
(7#)21,4486,2.143577,4513,1.392082,4.316755e-01,1.488303,5.049341e-01
(7#)43/2,4603,2.102361,4603,1.409185,4.000495e-01,1.490815,4.649645e-01
(11#)2,4651,2.085780,4723,1.426629,3.798286e-01,1.499735,4.395116e-01
(7#)45/2,4801,1.856187,4817,1.444055,2.510693e-01,1.510170,2.729044e-01
(7#)23,4909,2.178086,4933,1.459875,4.000957e-01,1.373774,5.228014e-01
(7#)47/2,4987,2.151973,5039,1.475787,3.771937e-01,1.374037,4.921163e-01
(7#)24,5086,2.176695,5119,1.491689,3.778986e-01,1.374468,4.983790e-01
(7#)49/2,5242,2.126897,5237,1.505578,3.454872e-01,1.375363,4.517491e-01
(7#)25,5308,2.217466,5351,1.520944,3.770339e-01,1.376226,5.061102e-01
(7#)51/2,5416,1.965120,5449,1.535259,2.468542e-01,1.377363,3.120898e-01
(7#)26,5557,2.301782,5563,1.547323,3.971573e-01,1.378581,5.472722e-01
(7#)53/2,5596,2.182571,5669,1.559703,3.360081e-01,1.379939,4.513736e-01
(7#)27,5728,2.248387,5749,1.572731,3.573995e-01,1.381597,4.890399e-01
(11#)5/2,5857,2.159168,5879,1.581643,3.112588e-01,1.383371,4.174766e-01
(7#)28,5906,2.349289,5981,1.570254,4.028753e-01,1.385158,5.624160e-01
(7#)57/2,6038,2.309643,6089,1.562082,3.910734e-01,1.387268,5.388728e-01
(7#)29,6131,2.233345,6173,1.576667,3.481873e-01,1.389390,4.726376e-01
(7#)59/2,6218,2.356115,6299,1.588981,3.939211e-01,1.391700,5.512208e-01
(7#)30,6353,2.124621,6397,1.612858,2.755857e-01,1.393753,3.671834e-01
(7#)61/2,6421,2.298798,6469,1.626757,3.457979e-01,1.394457,4.819374e-01
(7#)31,6568,2.399779,6607,1.647009,3.764157e-01,1.396873,5.388965e-01
(7#)63/2,6719,2.265862,6719,1.658014,3.123348e-01,1.399910,4.342051e-01
(7#)32,6791,2.430712,6823,1.677958,3.706066e-01,1.402395,5.367632e-01
(7#)65/2,6863,2.365471,6917,1.686440,3.383574e-01,1.405288,4.831970e-01
(11#)3,7024,2.323062,7027,1.695915,3.146637e-01,1.408246,4.453391e-01
(7#)67/2,7108,2.390305,7129,1.703954,3.384695e-01,1.411338,4.863123e-01
(7#)34,7219,2.055910,7243,1.712646,1.826790e-01,1.414357,2.426997e-01
(7#)69/2,7246,2.136908,7349,1.720284,2.168705e-01,1.417777,2.938572e-01
(7#)35,7351,2.199762,7451,1.728153,2.412960e-01,1.420973,3.318916e-01
(7#)71/2,7522,2.372402,7559,1.735998,3.123205e-01,1.424582,4.467303e-01
(7#)36,7561,2.321013,7649,1.743494,2.861126e-01,1.428107,4.043948e-01
(7#)73/2,7727,2.199214,7759,1.751094,2.278593e-01,1.432249,3.128786e-01
(7#)37,7846,2.336977,7873,1.759020,2.841014e-01,1.435965,4.024868e-01
(7#)75/2,7951,2.232082,7963,1.765228,2.346549e-01,1.439573,3.243003e-01
(7#)38,8062,2.328303,8081,1.772836,2.725592e-01,1.442879,3.849713e-01
(11#)7/2,8116,2.236375,8179,1.778848,2.288903e-01,1.446996,3.161909e-01
(7#)39,8224,2.292547,8192,1.785203,2.501313e-01,1.451386,3.495583e-01
(7#)79/2,8311,2.234912,8389,1.791908,2.209209e-01,1.455471,3.043716e-01
(7#)40,8429,2.249292,8501,1.798622,2.235947e-01,1.459627,3.087570e-01
(7#)81/2,8599,2.329117,8609,1.804736,2.550749e-01,1.464054,3.581705e-01
(7#)41,8614,2.287560,8713,1.811058,2.335745e-01,1.467522,3.246984e-01
(7#)83/2,8777,2.179478,8819,1.816468,1.821914e-01,1.472496,2.465270e-01
(7#)42,8839,2.279660,8923,1.822120,2.240257e-01,1.476498,3.098819e-01
(7#)85/2,9014,2.281605,9029,1.827967,2.216747e-01,1.480971,3.063112e-01
(7#)43,9091,2.412999,9133,1.833905,2.744228e-01,1.486165,3.896566e-01
(7#)87/2,9173,2.323530,9239,1.838894,2.339233e-01,1.490554,3.251382e-01
(11#)4,9283,2.301998,9343,1.844199,2.217324e-01,1.495230,3.061730e-01
(7#)89/2,9349,2.396602,9439,1.849601,2.590820e-01,1.499493,3.647906e-01
(7#)45,9511,2.294051,9551,1.855090,2.123860e-01,1.504739,2.917190e-01
(7#)91/2,9649,2.163663,9649,1.860483,1.509665e-01,1.509104,2.009007e-01
(7#)46,9748,2.284701,9749,1.864620,2.031779e-01,1.513760,2.775083e-01
(7#)93/2,9817,2.375649,9829,1.869522,2.395879e-01,1.518716,3.332598e-01
(7#)47,9941,2.284239,9973,1.874255,1.978217e-01,1.524656,2.689026e-01
(7#)95/2,10078,2.360845,10079,1.879734,2.278893e-01,1.528990,3.146594e-01
(7#)48,10174,2.343381,10181,1.883992,2.182018e-01,1.533850,2.995006e-01
(7#)97/2,10273,2.292671,10289,1.888396,1.939897e-01,1.539250,2.626441e-01
(7#)49,10369,2.243034,10391,1.892964,1.696856e-01,1.545204,2.265526e-01
(11#)9/2,10462,2.194423,10499,1.897026,1.456317e-01,1.549713,1.919046e-01
(7#)50,10501,2.449522,10601,1.901209,2.534029e-01,1.555039,3.526040e-01
(7#)101/2,10687,2.319381,10709,1.905458,1.965779e-01,1.560138,2.653118e-01
(7#)51,10786,2.430362,10799,1.909568,2.411632e-01,1.565520,3.326652e-01
(7#)103/2,10883,2.318296,10909,1.914225,1.915196e-01,1.570990,2.572079e-01
(7#)52,11023,2.452351,11003,1.918278,2.456192e-01,1.576750,3.387176e-01
(7#)105/2,11054,2.258518,11087,1.921645,1.615273e-01,1.582273,2.129045e-01
(7#)53,11197,2.391314,11213,1.925490,2.166625e-01,1.587887,2.933609e-01
(7#)107/2,11272,2.131467,11329,1.929418,9.959207e-02,1.594040,1.267528e-01
(7#)54,11353,2.334737,11443,1.933423,1.886072e-01,1.598911,2.509921e-01
(7#)109/2,11461,2.347919,11549,1.936802,1.924912e-01,1.605456,2.560749e-01
(11#)5,11593,2.296655,11633,1.940408,1.685555e-01,1.610403,2.212161e-01
(7#)111/2,11749,2.392249,11743,1.939189,2.099641e-01,1.616493,2.802734e-01
(7#)56,11839,2.348206,11863,1.933525,1.943069e-01,1.623191,2.554727e-01
(7#)113/2,11932,2.392674,11969,1.935749,2.119172e-01,1.626188,2.809792e-01
(7#)57,11971,2.386736,12073,1.945945,2.041790e-01,1.614632,2.729978e-01
(7#)115/2,12101,2.395745,12163,1.954194,2.037164e-01,1.606353,2.748779e-01
(7#)58,12281,2.223656,12281,1.961413,1.254876e-01,1.597277,1.641813e-01
(7#)117/2,12326,2.217079,12347,1.964482,1.209620e-01,1.587441,1.591221e-01
(7#)59,12422,2.346659,12491,1.967602,1.761771e-01,0.701823,5.401034e-01
(7#)119/2,12574,2.295932,12589,1.970818,1.526902e-01,0.698587,4.653880e-01
(7#)60,12671,2.225896,12703,1.973918,1.201391e-01,0.695457,3.623200e-01
(11#)11/2,12757,2.354186,12809,1.977207,1.745098e-01,0.692301,5.445305e-01
(7#)61,12878,2.336543,12911,1.980331,1.654085e-01,0.688981,5.170128e-01
(7#)123/2,12982,2.377047,13009,1.983071,1.812123e-01,0.686215,5.741291e-01
(7#)62,13049,2.340065,13121,1.986334,1.638880e-01,0.682920,5.179684e-01
(7#)125/2,13142,2.381559,13229,1.988932,1.801575e-01,0.680286,5.771499e-01
(7#)63,13241,2.313245,13331,1.992061,1.494815e-01,0.677136,4.743272e-01
(7#)127/2,13339,2.408045,13421,1.994652,1.883456e-01,0.674520,6.128699e-01
(7#)64,13451,2.365320,13537,1.997422,1.690560e-01,0.671722,5.476938e-01
(7#)129/2,13646,2.418129,13649,2.000365,1.896644e-01,0.668750,6.246938e-01
(7#)65,13729,2.380300,13751,2.003214,1.724736e-01,0.666071,5.661348e-01
(7#)131/2,13807,2.343338,13859,2.005617,1.556247e-01,0.663446,5.090407e-01
(11#)6,13943,2.508139,13963,2.008543,2.221315e-01,0.660490,7.564021e-01
(7#)133/2,14051,2.389016,14029,2.010875,1.723116e-01,0.658126,5.745723e-01
(7#)67,14096,2.408715,14173,2.013433,1.792522e-01,0.655542,6.029850e-01
(7#)135/2,14243,2.286441,14251,2.016015,1.258737e-01,0.652943,4.141648e-01
(7#)68,14332,2.428418,14369,2.018508,1.848814e-01,0.650425,6.302187e-01
(7#)137/2,14411,2.316236,14489,2.021007,1.363476e-01,0.647891,4.556770e-01
(7#)69,14528,2.225437,14593,2.023715,9.501837e-02,0.645333,3.125859e-01
(7#)139/2,14699,2.430591,14699,2.026440,1.818539e-01,0.642540,6.289896e-01
(7#)70,14779,2.470069,14797,2.028497,1.969510e-01,0.640517,6.893993e-01
(7#)141/2,14831,2.313924,14869,2.030779,1.305253e-01,0.638027,4.437822e-01
(7#)71,14951,2.398094,15013,2.033213,1.650570e-01,0.635729,5.739568e-01
(13#)/2,15784,2.297078,16141,2.035283,1.210030e-01,0.633476,4.132674e-01
(11#)7,17218,2.342733,17321,2.059105,1.290468e-01,0.609540,4.653148e-01
(11#)15/2,18322,2.313856,18461,2.079735,1.066749e-01,0.588536,3.978023e-01
(11#)8,18637,2.262025,19609,2.098262,7.515105e-02,0.569806,2.874013e-01
(11#)17/2,20509,2.288028,20789,2.115204,7.853905e-02,0.552990,3.125264e-01
(11#)9,20816,2.279925,21943,2.130015,6.801353e-02,0.537763,2.787659e-01
(11#)19/2,22354,2.333078,23099,2.143516,8.474095e-02,0.524130,3.616698e-01
(11#)10,23201,2.282149,24251,2.155858,5.692875e-02,0.511623,2.468439e-01
(11#)21/2,24256,2.336632,25409,2.167233,7.525934e-02,0.499981,3.388109e-01
(11#)11,25496,2.309603,26561,2.177352,5.896619e-02,0.489721,2.700538e-01
(11#)23/2,27182,2.331847,27701,2.186953,6.415141e-02,0.479992,3.018675e-01
(11#)12,27904,2.328254,28871,2.195803,5.857082e-02,0.471016,2.812028e-01
(11#)25/2,29738,2.340355,30029,2.203905,6.007184e-02,0.462793,2.948402e-01
(13#),30332,2.331433,31183,2.211582,5.277500e-02,0.455075,2.633654e-01
(11#)27/2,31294,2.341935,32327,2.218580,5.411016e-02,0.447901,2.754068e-01
(11#)14,32972,2.389670,32768,2.225171,7.132151e-02,0.441206,3.728394e-01
(11#)29/2,34274,2.354215,34649,2.231389,5.358308e-02,0.434886,2.824326e-01
(11#)15,35792,2.297694,35803,2.237153,2.670194e-02,0.429029,1.411117e-01
(11#)31/2,36436,2.373766,36947,2.242618,5.683379e-02,0.423476,3.096941e-01
(11#)16,37201,2.393769,38113,2.247781,6.292560e-02,0.418225,3.490657e-01
(11#)33/2,38188,2.401751,39251,2.252570,6.412627e-02,0.413350,3.609072e-01
(11#)17,39992,2.425829,40423,2.257204,7.204644e-02,0.408637,4.126523e-01
(11#)35/2,40597,2.307754,41579,2.261429,2.027784e-02,0.404332,1.145717e-01
(11#)18,41851,2.392174,42727,2.265547,5.438635e-02,0.400142,3.164552e-01
(11#)37/2,43531,2.348344,43889,2.269372,3.420726e-02,0.396245,1.993009e-01
(11#)19,44533,2.418503,45013,2.273030,6.203501e-02,0.392514,3.706186e-01
(13#)3/2,45259,2.407217,46199,2.276531,5.581852e-02,0.388947,3.359995e-01
(11#)20,46369,2.380141,47353,2.279865,4.304350e-02,0.385545,2.600890e-01
(11#)41/2,47834,2.378831,48497,2.282978,4.112846e-02,0.382368,2.506826e-01
(11#)21,48931,2.430664,49663,2.285984,6.136790e-02,0.379300,3.814395e-01
(11#)43/2,50461,2.416903,50789,2.288809,5.445537e-02,0.376415,3.402999e-01
(11#)22,51826,2.346624,51973,2.291529,2.375842e-02,0.373639,1.474552e-01
(11#)45/2,52876,2.469593,53129,2.294127,7.370098e-02,0.370983,4.729759e-01
(11#)23,53624,2.388364,54277,2.296636,3.916317e-02,0.368417,2.489787e-01
(11#)47/2,54421,2.447211,55439,2.298973,6.248651e-02,0.366026,4.049931e-01
(11#)24,56176,2.444148,56591,2.301237,6.024979e-02,0.363711,3.929246e-01
(11#)49/2,57172,2.426083,57737,2.303406,5.188913e-02,0.361492,3.393630e-01
(11#)25,58789,2.355012,58901,2.305475,2.125909e-02,0.359370,1.378440e-01
(11#)51/2,59074,2.411060,60041,2.307462,4.391827e-02,0.357334,2.899192e-01
(13#)2,61058,2.418361,61211,2.309390,4.610662e-02,0.355359,3.066505e-01
(11#)53/2,61444,2.421746,62351,2.311196,4.672363e-02,0.353505,3.127254e-01
(11#)27,63421,2.436905,63521,2.312951,5.220459e-02,0.350010,3.541442e-01
(11#)55/2,64198,2.443219,64679,2.314611,5.407479e-02,0.348353,3.691887e-01
(11#)28,65336,2.468498,65536,2.316236,6.366641e-02,0.346771,4.390852e-01
(11#)57/2,66602,2.429966,66977,2.317764,4.727434e-02,0.345259,3.249792e-01
(11#)29,67904,2.413565,68141,2.319258,3.985760e-02,0.343783,2.743213e-01
(11#)59/2,69239,2.447118,69263,2.320668,5.305593e-02,0.342416,3.692877e-01
(11#)30,69911,2.449157,70451,2.322048,5.329433e-02,0.341024,3.727274e-01
(11#)61/2,70544,2.431070,71597,2.323349,4.532181e-02,0.339734,3.170745e-01
(11#)31,71633,2.358847,72763,2.324632,1.461119e-02,0.338471,1.010869e-01
(11#)63/2,73016,2.438849,73907,2.325821,4.745311e-02,0.337280,3.351162e-01
(11#)32,74716,2.474061,75041,2.327003,6.127976e-02,0.336144,4.374851e-01
(13#)5/2,75968,2.467098,76213,2.328108,5.798664e-02,0.335014,4.148782e-01
(11#)33,77144,2.383605,77383,2.329182,2.309691e-02,0.333930,1.629773e-01
(11#)67/2,78427,2.494035,78539,2.330245,6.792847e-02,0.332899,4.920111e-01
(11#)34,79312,2.406904,79693,2.331213,3.195254e-02,0.331909,2.280474e-01
(11#)69/2,79784,2.452666,80849,2.332171,5.037600e-02,0.330955,3.640827e-01
(11#)35,81749,2.460417,82003,2.333098,5.313385e-02,0.330039,3.857696e-01
(11#)71/2,82252,2.460452,83137,2.333974,5.277268e-02,0.329172,3.842307e-01
(11#)36,84046,2.459958,84313,2.334836,5.220262e-02,0.328307,3.811128e-01
(11#)73/2,84562,2.471941,85469,2.335643,5.671644e-02,0.327490,4.161898e-01
(11#)37,86248,2.426071,86599,2.336437,3.764596e-02,0.326721,2.743442e-01
(11#)75/2,87316,2.472748,87767,2.337182,5.638415e-02,0.325956,4.159028e-01
(11#)38,88498,2.433762,88919,2.337916,4.017827e-02,0.325231,2.947013e-01
(11#)77/2,89459,2.383150,90089,2.338606,1.886812e-02,0.324523,1.372599e-01
(13#)3,90526,2.492321,91243,2.339283,6.336993e-02,0.323852,4.725554e-01
(11#)79/2,92357,2.434532,92399,2.339920,3.963780e-02,0.323206,2.927297e-01
(11#)40,92656,2.473194,93553,2.340535,5.513090e-02,0.322586,4.112361e-01
(11#)81/2,94228,2.450231,94709,2.341128,4.554944e-02,0.321990,3.388397e-01
(11#)41,95467,2.446013,95857,2.341701,4.358176e-02,0.321421,3.245339e-01
(11#)83/2,96361,2.470995,97007,2.342243,5.351189e-02,0.320874,4.012541e-01
(11#)42,97684,2.508166,98143,2.342764,6.822038e-02,0.320345,5.163246e-01
(11#)85/2,98764,2.453349,99317,2.343265,4.590877e-02,0.319840,3.441846e-01
(11#)43,99581,2.468655,100483,2.343750,5.192126e-02,0.319351,3.911214e-01
(11#)87/2,101467,2.483060,101627,2.344207,5.754449e-02,0.318891,4.354246e-01
(11#)44,102352,2.491281,102793,2.344643,6.066388e-02,0.318441,4.604872e-01
(11#)89/2,103214,2.468903,103919,2.345064,5.146123e-02,0.318015,3.894124e-01
(11#)45,104056,2.467765,105097,2.345464,5.082963e-02,0.317610,3.850666e-01
(13#)7/2,105883,2.452749,106243,2.345847,4.456291e-02,0.317218,3.369985e-01
(11#)46,106298,2.480088,107377,2.346213,5.549150e-02,0.316851,4.225172e-01
(11#)93/2,107684,2.498534,108557,2.346569,6.274990e-02,0.316495,4.801498e-01
(11#)47,109717,2.499467,109721,2.346892,6.298561e-02,0.316154,4.825971e-01
(11#)95/2,110281,2.415536,110879,2.347213,2.869254e-02,0.315831,2.163277e-01
(11#)48,111058,2.464714,112031,2.347508,4.872144e-02,0.315525,3.714634e-01
(11#)97/2,112681,2.478536,113189,2.347799,5.418977e-02,0.315233,4.147313e-01
(11#)49,113389,2.460935,114343,2.348066,4.694935e-02,0.314956,3.583643e-01
(11#)99/2,115426,2.500222,115499,2.348321,6.267892e-02,0.314694,4.826943e-01
(11#)50,116371,2.460027,116639,2.348560,4.636995e-02,0.314449,3.544836e-01
(11#)101/2,116728,2.402456,117809,2.348785,2.259337e-02,0.314211,1.708120e-01
(11#)51,118894,2.444233,118931,2.348997,3.974294e-02,0.313989,3.033100e-01
(11#)103/2,119458,2.462122,120103,2.349197,4.695001e-02,0.313784,3.598813e-01
(13#)4,121234,2.463828,121271,2.349386,4.756222e-02,0.313587,3.649450e-01
(11#)105/2,121612,2.502568,122401,2.349561,6.308890e-02,0.313404,4.882101e-01
(11#)53,123059,2.504951,123583,2.349724,6.397130e-02,0.313232,4.955656e-01
(11#)107/2,124447,2.517146,124739,2.349875,6.876358e-02,0.313073,5.342875e-01
(11#)54,125479,2.491172,125887,2.350015,5.833157e-02,0.312926,4.510875e-01
(11#)109/2,126397,2.546025,127037,2.350142,8.005757e-02,0.312790,6.262444e-01
(11#)55,127189,2.428594,128203,2.350258,3.278738e-02,0.312664,2.505437e-01
(11#)111/2,129263,2.490514,129347,2.350366,5.791805e-02,0.312549,4.484033e-01
(11#)56,130307,2.503745,130513,2.350461,6.317613e-02,0.312445,4.905951e-01
(11#)113/2,131641,2.512217,131072,2.350547,6.651756e-02,0.312351,5.175908e-01
(11#)57,131888,2.478781,132817,2.350621,5.308736e-02,0.312268,4.104167e-01
(11#)115/2,133174,2.475614,133979,2.350688,5.178039e-02,0.312194,4.001550e-01
(11#)58,134087,2.503206,135131,2.350743,6.284086e-02,0.312129,4.884615e-01
(13#)9/2,135802,2.501586,136277,2.350790,6.217349e-02,0.312075,4.832044e-01
(11#)59,136649,2.492808,137443,2.350827,5.864260e-02,0.312029,4.550250e-01
(11#)119/2,137587,2.515309,138599,2.350854,6.761699e-02,0.311992,5.271129e-01
(11#)60,139511,2.466330,139753,2.350875,4.794362e-02,0.311964,3.700908e-01
(11#)121/2,140009,2.495139,140909,2.350884,5.955301e-02,0.311945,4.624373e-01
(11#)61,141676,2.498497,142061,2.350881,6.089920e-02,0.311934,4.732283e-01
(11#)123/2,142258,2.505830,143197,2.350867,6.383582e-02,0.311932,4.967846e-01
(11#)62,143896,2.509536,144349,2.350845,6.532304e-02,0.311937,5.087277e-01
(11#)125/2,145144,2.491578,145517,2.350815,5.815417e-02,0.311951,4.512343e-01
(11#)63,146176,2.504029,146683,2.350776,6.315555e-02,0.311973,4.912380e-01
(11#)127/2,147401,2.521313,147827,2.350731,7.005345e-02,0.312002,5.467337e-01
(11#)64,148696,2.533538,148991,2.350678,7.491295e-02,0.312014,5.860634e-01
(11#)129/2,149846,2.509766,150131,2.350619,6.551082e-02,0.312039,5.100228e-01
(13#)5,150292,2.507348,151303,2.350551,6.457585e-02,0.312083,5.024208e-01
(11#)131/2,151909,2.518866,152459,2.350477,6.919051e-02,0.312134,5.394766e-01
(11#)66,152914,2.505061,153611,2.350397,6.372884e-02,0.312193,4.954115e-01
(11#)133/2,154702,2.506776,154769,2.350310,6.445023e-02,0.312259,5.010776e-01
(11#)67,155816,2.502854,155921,2.350216,6.292444e-02,0.312331,4.887059e-01
(11#)135/2,156007,2.496651,157061,2.350117,6.048512e-02,0.312410,4.690439e-01
(11#)68,157901,2.486203,158233,2.350008,5.633791e-02,0.312495,4.358310e-01
(11#)137/2,158419,2.533724,159389,2.349895,7.531951e-02,0.312588,5.880872e-01
(11#)69,159407,2.542242,160541,2.349776,7.872636e-02,0.312686,6.155248e-01
(11#)139/2,161659,2.491347,161683,2.349651,5.855672e-02,0.312791,4.530054e-01
(11#)70,162353,2.507294,162853,2.349519,6.499346e-02,0.312904,5.042281e-01
(11#)141/2,163297,2.519915,163997,2.349383,7.007243e-02,0.313020,5.447959e-01
(11#)71,164954,2.477786,165161,2.349239,5.327397e-02,0.313142,4.105071e-01
(13#)11/2,165701,2.520785,166319,2.349089,7.054277e-02,0.313272,5.480732e-01
(11#)72,166351,2.526473,167471,2.348935,7.286223e-02,0.313409,5.664738e-01
(11#)145/2,167809,2.490909,168629,2.348776,5.875336e-02,0.313547,4.533068e-01
(11#)73,168814,2.509419,169783,2.348610,6.622759e-02,0.313692,5.126334e-01
(11#)147/2,170539,2.495056,170927,2.348442,6.055904e-02,0.313844,4.671557e-01
(11#)74,171694,2.497959,172093,2.348265,6.179724e-02,0.314002,4.767294e-01
(11#)149/2,172849,2.504239,173249,2.348084,6.438522e-02,0.314163,4.970509e-01
(11#)75,174214,2.457750,174389,2.347901,4.572456e-02,0.314330,3.494703e-01
(11#)151/2,174814,2.514062,175543,2.347710,6.845939e-02,0.314503,5.289361e-01
(11#)76,176551,2.496728,176713,2.347512,6.162503e-02,0.314682,4.741803e-01
(11#)153/2,177841,2.524335,177841,2.347317,7.270469e-02,0.314863,5.622064e-01
(11#)77,178898,2.502055,179021,2.347107,6.392889e-02,0.315051,4.918188e-01
(11#)155/2,179083,2.529322,180179,2.346896,7.485768e-02,0.315243,5.786837e-01
(13#)6,180379,2.501151,181303,2.346688,6.374605e-02,0.315440,4.896747e-01
(11#)157/2,181919,2.535068,182489,2.346463,7.731137e-02,0.315645,5.975225e-01
(11#)79,182519,2.515243,183637,2.346241,6.955495e-02,0.315851,5.350688e-01
(11#)159/2,184696,2.506373,184777,2.346016,6.611812e-02,0.316060,5.073625e-01
(11#)80,185578,2.512282,185951,2.345779,6.857396e-02,0.316275,5.264501e-01
(11#)161/2,187024,2.533868,187091,2.345546,7.722878e-02,0.316496,5.950217e-01
(11#)81,187471,2.522543,188261,2.345302,7.285334e-02,0.316720,5.596142e-01
(11#)163/2,189094,2.510677,189407,2.345059,6.824188e-02,0.316950,5.225367e-01
(11#)82,189817,2.521375,190573,2.344807,7.260129e-02,0.317182,5.566772e-01
(11#)165/2,191626,2.523077,191717,2.344557,7.338272e-02,0.317420,5.624094e-01
(11#)83,191768,2.509171,192883,2.344296,6.796728e-02,0.317663,5.190249e-01
(11#)167/2,193639,2.501153,194027,2.344037,6.487717e-02,0.317907,4.942200e-01
(11#)84,194767,2.519507,195193,2.343770,7.230250e-02,0.318157,5.523594e-01
(13#)13/2,195751,2.518018,196337,2.343504,7.182484e-02,0.318411,5.480778e-01
(11#)85,197402,2.512439,197479,2.343233,6.972239e-02,0.318670,5.309756e-01
(11#)171/2,198046,2.523633,198659,2.342951,7.428828e-02,0.318930,5.665256e-01
(11#)86,199021,2.495353,199813,2.342671,6.313847e-02,0.319198,4.783301e-01
(11#)173/2,200899,2.517394,200929,2.342396,7.204990e-02,0.319465,5.477846e-01
(11#)87,201904,2.515768,202121,2.342099,7.153059e-02,0.319737,5.431620e-01
(11#)175/2,203128,2.520731,203279,2.341807,7.362609e-02,0.320014,5.591130e-01
(11#)88,203417,2.508934,204431,2.341512,6.906109e-02,0.320295,5.227119e-01
(11#)177/2,204928,2.464243,205589,2.341214,5.121506e-02,0.320579,3.837712e-01
(11#)89,205924,2.529874,206699,2.340923,7.762420e-02,0.320867,5.888764e-01
(11#)179/2,206984,2.513240,207877,2.340612,7.116032e-02,0.321158,5.375174e-01
(11#)90,208129,2.513207,209039,2.340301,7.128007e-02,0.321453,5.378889e-01
(11#)181/2,209362,2.520880,210209,2.339985,7.446353e-02,0.321752,5.622187e-01
(13#)7,210557,2.506060,211349,2.339674,6.870020e-02,0.322053,5.166417e-01
(11#)183/2,211459,2.494267,212507,2.339354,6.412008e-02,0.322358,4.805620e-01
(11#)92,212644,2.547725,213659,2.339033,8.546321e-02,0.322666,6.467741e-01
(11#)185/2,213784,2.541986,214817,2.338707,8.334745e-02,0.322977,6.293916e-01
(11#)93,215854,2.563496,215983,2.338375,9.191571e-02,0.323292,6.963395e-01
(11#)187/2,216917,2.525146,217121,2.338049,7.698206e-02,0.323614,5.781487e-01
(11#)94,217697,2.481485,218287,2.337710,5.968535e-02,0.323932,4.438432e-01
(11#)189/2,219311,2.546183,219437,2.337375,8.556687e-02,0.324260,6.439524e-01
(11#)95,220453,2.532386,220589,2.337035,8.027891e-02,0.324584,6.018504e-01
(11#)191/2,221332,2.526687,221747,2.336690,7.817356e-02,0.324917,5.847555e-01
(11#)96,222634,2.538822,222913,2.336340,8.311459e-02,0.325249,6.225446e-01
(11#)193/2,223469,2.547178,224069,2.335990,8.655030e-02,0.325587,6.486377e-01
(11#)97,225002,2.551522,225223,2.335637,8.840538e-02,0.325926,6.623743e-01
(13#)15/2,225892,2.548480,226379,2.335281,8.736488e-02,0.326269,6.534455e-01
(11#)98,227251,2.549104,227533,2.334923,8.776301e-02,0.326615,6.557598e-01
(11#)197/2,228097,2.525164,228677,2.334565,7.848043e-02,0.326964,5.829357e-01
(11#)99,229234,2.519971,229841,2.334198,7.657903e-02,0.327316,5.675647e-01
(11#)199/2,230848,2.518411,230999,2.333830,7.611745e-02,0.327671,5.633120e-01
(11#)100,231643,2.524351,232153,2.333461,7.863143e-02,0.328028,5.819320e-01
(11#)201/2,232189,2.532524,233297,2.333092,8.202201e-02,0.328393,6.072967e-01
(11#)101,233978,2.534564,234463,2.332713,8.298966e-02,0.328753,6.139898e-01
(11#)203/2,235028,2.506846,235607,2.332339,7.215376e-02,0.329118,5.302262e-01
(11#)102,236092,2.538865,236773,2.331955,8.501016e-02,0.329486,6.279781e-01
(11#)205/2,237883,2.566648,237929,2.331571,9.605848e-02,0.329859,7.126590e-01
(11#)103,238892,2.539570,239081,2.331186,8.561762e-02,0.330233,6.310211e-01
(11#)207/2,239857,2.497741,240209,2.330807,6.917216e-02,0.330609,5.049288e-01
(13#)8,241393,2.514952,241393,2.330406,7.621122e-02,0.330988,5.575610e-01
(11#)209/2,242119,2.534017,242533,2.330018,8.392980e-02,0.331378,6.156082e-01
(11#)105,243043,2.536059,243703,2.329616,8.490785e-02,0.331755,6.222755e-01
(11#)211/2,243736,2.522425,244859,2.329217,7.968858e-02,0.332142,5.817030e-01
(11#)106,245587,2.544113,246011,2.328817,8.842165e-02,0.332532,6.474445e-01
(11#)213/2,246518,2.561050,247141,2.328423,9.522612e-02,0.332924,6.987391e-01
(11#)107,247868,2.534405,248323,2.328007,8.494636e-02,0.333323,6.192132e-01
(11#)215/2,248867,2.548208,249463,2.327604,9.055095e-02,0.333722,6.610412e-01
(11#)108,249512,2.527815,250619,2.327192,8.269290e-02,0.334122,6.004483e-01
(11#)217/2,251081,2.534266,251789,2.326774,8.542129e-02,0.334521,6.202660e-01
(11#)109,252071,2.523456,252937,2.326361,8.132415e-02,0.334923,5.884785e-01
(11#)219/2,253741,2.514393,254083,2.325946,7.790458e-02,0.335332,5.619714e-01
(11#)110,255214,2.528919,255253,2.325520,8.384827e-02,0.335741,6.058212e-01
(17#)/2,259801,2.503359,270269,2.319849,7.613133e-02,0.336153,5.459121e-01
(13#)9,272794,2.510783,285283,2.313817,8.169611e-02,0.341718,5.763993e-01
(13#)19/2,285424,2.505523,300299,2.309117,8.163229e-02,0.347652,5.649500e-01
(13#)10,303904,2.513081,315313,2.312448,8.320279e-02,0.348927,5.749999e-01
(13#)21/2,324223,2.512902,330329,2.324777,7.781414e-02,0.336519,5.590323e-01
(13#)11,340261,2.521429,345329,2.336048,7.636519e-02,0.325157,5.701277e-01
(13#)23/2,354971,2.521369,360337,2.346466,7.189164e-02,0.314669,5.558317e-01
(13#)12,366794,2.499164,375373,2.356093,5.895154e-02,0.304967,4.691360e-01
(13#)25/2,386068,2.523716,390389,2.365024,6.494425e-02,0.295958,5.361977e-01
(13#)13,401509,2.524416,405401,2.373327,6.171698e-02,0.287587,5.253680e-01
(13#)27/2,414448,2.520611,420419,2.381083,5.694591e-02,0.279766,4.987311e-01
(13#)14,431146,2.523703,435427,2.388339,5.512912e-02,0.272449,4.968416e-01
(13#)29/2,448444,2.521152,450431,2.395145,5.127217e-02,0.265584,4.744525e-01
(13#)15,463549,2.513127,465463,2.401540,4.541760e-02,0.259132,4.306184e-01
(13#)31/2,467009,2.541140,480463,2.407565,5.399694e-02,0.253052,5.278559e-01
(13#)16,488339,2.536748,495491,2.413254,4.990690e-02,0.247310,4.993490e-01
(13#)33/2,498436,2.527659,510481,2.418626,4.409397e-02,0.241887,4.507601e-01
(17#),515611,2.539315,524288,2.423715,4.659287e-02,0.236752,4.882747e-01
(13#)35/2,535858,2.540830,540539,2.428536,4.520219e-02,0.231881,4.842743e-01
(13#)18,548461,2.531963,555523,2.433119,3.982092e-02,0.227251,4.349552e-01
(13#)37/2,569077,2.543991,570569,2.437480,4.276939e-02,0.222846,4.779579e-01
(13#)19,571262,2.550486,585581,2.441638,4.361480e-02,0.218648,4.978230e-01
(13#)39/2,588338,2.563074,600577,2.445596,4.691846e-02,0.214646,5.473105e-01
(13#)20,612022,2.551653,615607,2.449379,4.090686e-02,0.210822,4.851201e-01
(13#)41/2,621472,2.552996,630613,2.452995,3.995784e-02,0.207166,4.827095e-01
(13#)21,633967,2.541689,645641,2.456463,3.410631e-02,0.203660,4.184720e-01
(13#)43/2,656629,2.539026,660659,2.459773,3.171147e-02,0.200313,3.956458e-01
(13#)22,674719,2.554681,675643,2.462953,3.656633e-02,0.197097,4.653952e-01
(13#)45/2,686398,2.527108,690689,2.466013,2.447289e-02,0.194002,3.149194e-01
(13#)23,703568,2.559020,705689,2.468944,3.583384e-02,0.191036,4.715132e-01
(13#)47/2,713309,2.554701,720703,2.471761,3.300434e-02,0.188186,4.407342e-01
(13#)24,733528,2.558252,735733,2.474478,3.329475e-02,0.185436,4.517677e-01
(13#)49/2,748691,2.568782,750749,2.477089,3.634778e-02,0.182793,5.016221e-01
(13#)25,758411,2.555201,765763,2.479612,3.002879e-02,0.180239,4.193820e-01
(17#)3/2,770558,2.532269,780733,2.482040,2.003494e-02,0.177781,2.825330e-01
(13#)26,787162,2.561586,795793,2.484389,3.059984e-02,0.175404,4.401097e-01
(13#)53/2,804191,2.552045,810809,2.486654,2.595697e-02,0.173108,3.777468e-01
(13#)27,819212,2.562766,825821,2.488849,2.926679e-02,0.170888,4.325465e-01
(13#)55/2,831373,2.564720,840839,2.490964,2.917953e-02,0.168741,4.370959e-01
(13#)28,850253,2.564273,855851,2.493015,2.818219e-02,0.166663,4.275574e-01
(13#)57/2,860422,2.564422,870853,2.495002,2.744358e-02,0.164650,4.216216e-01
(13#)29,883648,2.566164,885883,2.496926,2.735180e-02,0.162699,4.255589e-01
(13#)59/2,891427,2.564719,900869,2.498792,2.604151e-02,0.160808,4.099734e-01
(13#)30,909037,2.548728,915911,2.500603,1.906251e-02,0.158973,3.027244e-01
(13#)61/2,915961,2.547074,930911,2.502357,1.771216e-02,0.157193,2.844720e-01
(13#)31,944161,2.565326,945943,2.504061,2.417175e-02,0.155464,3.940784e-01
(13#)63/2,957844,2.549019,960941,2.505718,1.713326e-02,0.153784,2.815703e-01
(13#)32,968299,2.573348,975967,2.507327,2.599053e-02,0.152152,4.339148e-01
(13#)65/2,990586,2.569172,990989,2.508891,2.374285e-02,0.150564,4.003679e-01
(13#)33,1004449,2.563918,1006003,2.510415,2.108848e-02,0.149018,3.590372e-01
(13#)67/2,1016921,2.561834,1021019,2.511894,1.968636e-02,0.147517,3.385373e-01
(17#)2,1034134,2.571303,1036027,2.513337,2.280142e-02,0.146052,3.968860e-01
(13#)69/2,1050706,2.556321,1051027,2.514739,1.640009e-02,0.144628,2.875100e-01
(13#)35,1053142,2.560025,1066063,2.516106,1.730456e-02,0.143240,3.066113e-01
(13#)71/2,1067611,2.564956,1081079,2.517439,1.869921e-02,0.141887,3.348933e-01
(13#)36,1093418,2.575284,1096079,2.518740,2.220104e-02,0.140566,4.022594e-01
(13#)73/2,1101119,2.571810,1111091,2.520006,2.034865e-02,0.139280,3.719414e-01
(13#)37,1116337,2.566773,1126093,2.521245,1.789664e-02,0.138023,3.298581e-01
(13#)75/2,1138519,2.571708,1141139,2.522451,1.933922e-02,0.136795,3.600790e-01
(13#)38,1154584,2.576126,1156151,2.523629,2.058878e-02,0.135598,3.871517e-01
(13#)77/2,1166306,2.582036,1171133,2.524777,2.242549e-02,0.134432,4.259328e-01
(13#)39,1171721,2.577143,1186181,2.525902,2.008319e-02,0.133288,3.844382e-01
(13#)79/2,1190542,2.575724,1201183,2.527001,1.909744e-02,0.132171,3.686361e-01
(13#)40,1201553,2.553525,1216213,2.528071,1.001820e-02,0.131082,1.941838e-01
(13#)81/2,1227416,2.574592,1231229,2.529123,1.781847e-02,0.130013,3.497266e-01
(13#)41,1239109,2.571541,1246243,2.530147,1.622793e-02,0.128972,3.209534e-01
(13#)83/2,1246537,2.571671,1261259,2.531150,1.588214e-02,0.127951,3.166915e-01
(13#)42,1271308,2.567174,1276271,2.532133,1.374365e-02,0.126952,2.760177e-01
(17#)5/2,1287808,2.580738,1291271,2.533094,1.863392e-02,0.125974,3.782050e-01
(13#)43,1305097,2.580555,1306289,2.534036,1.819120e-02,0.125015,3.721073e-01
(13#)87/2,1308529,2.570502,1321319,2.534957,1.392454e-02,0.124078,2.864730e-01
(13#)44,1327552,2.567012,1336333,2.535860,1.220975e-02,0.123160,2.529393e-01
(13#)89/2,1347289,2.580835,1351327,2.536743,1.723202e-02,0.122260,3.606413e-01
(13#)45,1352977,2.568573,1366349,2.537611,1.212740e-02,0.121376,2.550916e-01
(13#)91/2,1367291,2.578175,1381349,2.538459,1.552458e-02,0.120513,3.295578e-01
(13#)46,1392068,2.581279,1396393,2.539291,1.640010e-02,0.119665,3.508795e-01
(13#)93/2,1403569,2.576241,1411387,2.540108,1.412476e-02,0.118833,3.040654e-01
(13#)47,1421554,2.574203,1426393,2.540908,1.301847e-02,0.118018,2.821180e-01
(13#)95/2,1427329,2.563568,1441439,2.541694,8.569250e-03,0.117218,1.866096e-01
(13#)48,1446013,2.577389,1456451,2.542465,1.364279e-02,0.116432,2.999519e-01
(13#)97/2,1460213,2.583438,1471447,2.543223,1.568890e-02,0.115660,3.477002e-01
(13#)49,1485139,2.569529,1486451,2.543963,9.999512e-03,0.114905,2.224968e-01
(13#)99/2,1498438,2.572049,1501499,2.544692,1.069324e-02,0.114162,2.396332e-01
(13#)50,1508933,2.579741,1516513,2.545407,1.339845e-02,0.113433,3.026809e-01
(13#)101/2,1525204,2.588498,1531499,2.546110,1.651108e-02,0.112716,3.760602e-01
(17#)3,1538384,2.572062,1546537,2.546800,9.870243e-03,0.112012,2.255294e-01
(13#)103/2,1552613,2.581629,1561559,2.547478,1.331674e-02,0.111322,3.067767e-01
(13#)52,1568978,2.579733,1576571,2.548145,1.232026e-02,0.110641,2.855000e-01
(13#)105/2,1588283,2.576881,1591589,2.548799,1.095749e-02,0.109974,2.553513e-01
(13#)53,1600058,2.588112,1606603,2.549444,1.505336e-02,0.109318,3.537203e-01
(13#)107/2,1611293,2.582728,1621619,2.550076,1.272304e-02,0.108671,3.004665e-01
(13#)54,1625321,2.576631,1636627,2.550697,1.011608e-02,0.108037,2.400474e-01
(13#)109/2,1647964,2.569523,1651621,2.551309,7.113718e-03,0.107413,1.695698e-01
(13#)55,1658869,2.582682,1666657,2.551911,1.198590e-02,0.106798,2.881234e-01
(13#)111/2,1668971,2.593334,1681679,2.552504,1.586947e-02,0.106193,3.844886e-01
(13#)56,1693639,2.579746,1696693,2.553085,1.038851e-02,0.105600,2.524716e-01
(13#)113/2,1708321,2.575121,1711687,2.553657,8.370074e-03,0.105016,2.043879e-01
(13#)57,1725814,2.588012,1726693,2.554223,1.314195e-02,0.104440,3.235255e-01
(13#)115/2,1740821,2.579711,1741723,2.554776,9.712829e-03,0.103873,2.400528e-01
(13#)58,1746859,2.570141,1756747,2.555322,5.782518e-03,0.103315,1.434351e-01
(13#)117/2,1770016,2.583728,1771751,2.555861,1.084416e-02,0.102765,2.711721e-01
(13#)59,1777753,2.573578,1786781,2.556390,6.701042e-03,0.102224,1.681406e-01
(17#)7/2,1791778,2.589083,1801781,2.556911,1.250387e-02,0.101692,3.163671e-01
(13#)60,1802266,2.584393,1816813,2.557425,1.048977e-02,0.101167,2.665691e-01
(13#)121/2,1831436,2.577516,1831811,2.557931,7.627416e-03,0.100650,1.945852e-01
(13#)61,1835741,2.571404,1846843,2.558429,5.058655e-03,0.100141,1.295673e-01
(13#)123/2,1858867,2.583732,1861859,2.558920,9.649571e-03,0.099639,2.490190e-01
(13#)62,1872751,2.587271,1876859,2.559403,1.082962e-02,0.099145,2.810833e-01
(13#)125/2,1877164,2.577582,1891889,2.559882,6.890586e-03,0.098656,1.794113e-01
(13#)63,1892416,2.592349,1906889,2.560350,1.242045e-02,0.098176,3.259351e-01
(13#)127/2,1908661,2.585161,1921919,2.560813,9.463002e-03,0.097703,2.492042e-01
(13#)64,1931242,2.580351,1936889,2.561270,7.422207e-03,0.097236,1.962339e-01
(13#)129/2,1939141,2.593342,1951949,2.561720,1.226848e-02,0.096775,3.267579e-01
(13#)65,1953379,2.593798,1966963,2.562164,1.227100e-02,0.096321,3.284227e-01
(13#)131/2,1969936,2.574568,1981963,2.562601,4.658995e-03,0.095873,1.248214e-01
(13#)66,1988632,2.587112,1996979,2.563033,9.350873e-03,0.095431,2.523184e-01
(13#)133/2,1997902,2.586030,2012009,2.563459,8.766363e-03,0.094996,2.375995e-01
(13#)67,2021137,2.583325,2027023,2.563879,7.555983e-03,0.094566,2.056342e-01
(13#)135/2,2033041,2.591447,2042039,2.564293,1.053360e-02,0.094142,2.884366e-01
(17#)4,2053553,2.579809,2057053,2.564702,5.873073e-03,0.093723,1.611878e-01
(13#)137/2,2071096,2.585053,2072053,2.565106,7.746207e-03,0.093310,2.137713e-01
(13#)69,2076304,2.586796,2087081,2.565504,8.265094e-03,0.092902,2.291877e-01
(13#)139/2,2098952,2.580068,2102099,2.565897,5.507630e-03,0.092500,1.532000e-01
(13#)70,2106019,2.587094,2117099,2.566284,8.076300e-03,0.092103,2.259427e-01
(13#)141/2,2118514,2.592353,2132129,2.566666,9.958177e-03,0.091711,2.800864e-01
(13#)71,2136091,2.592237,2147137,2.567045,9.765778e-03,0.091324,2.758530e-01
(13#)143/2,2149759,2.601746,2162137,2.567418,1.328203e-02,0.090942,3.774714e-01
(13#)72,2166772,2.597074,2177167,2.567786,1.134138e-02,0.090564,3.233956e-01
(13#)145/2,2191216,2.591899,2192161,2.568151,9.204627e-03,0.090191,2.633079e-01
(13#)73,2198473,2.595378,2207203,2.568509,1.040660e-02,0.089823,2.991327e-01
(13#)147/2,2210389,2.596815,2222219,2.568863,1.082231e-02,0.089460,3.124525e-01
(13#)74,2222702,2.600920,2237219,2.569214,1.226521e-02,0.089101,3.558434e-01
(13#)149/2,2246323,2.596339,2252233,2.569560,1.036770e-02,0.088746,3.017488e-01
(13#)75,2263843,2.582011,2267263,2.569901,4.701176e-03,0.088396,1.369971e-01
(13#)151/2,2279476,2.588150,2282257,2.570239,6.944444e-03,0.088049,2.034208e-01
(13#)76,2294377,2.602427,2297291,2.570572,1.231603e-02,0.087707,3.631979e-01
(17#)9/2,2309311,2.594955,2312293,2.570902,9.312365e-03,0.087369,2.753036e-01
(13#)77,2316212,2.583454,2327323,2.571228,4.743657e-03,0.087035,1.404722e-01
(13#)155/2,2338396,2.592073,2342309,2.571550,7.949112e-03,0.086704,2.367019e-01
(13#)78,2352563,2.595422,2357353,2.571868,9.116641e-03,0.086378,2.726852e-01
(13#)157/2,2368486,2.590531,2372369,2.572182,7.108308e-03,0.086055,2.132241e-01
(13#)79,2375998,2.595066,2387383,2.572493,8.736482e-03,0.085736,2.632850e-01
(13#)159/2,2391856,2.585609,2402383,2.572800,4.966270e-03,0.085421,1.499514e-01
(13#)80,2409742,2.596264,2417399,2.573104,8.960536e-03,0.085109,2.721216e-01
(13#)161/2,2425117,2.592377,2432429,2.573404,7.345679e-03,0.084801,2.237356e-01
(13#)81,2434183,2.589718,2447437,2.573702,6.203660e-03,0.084496,1.895474e-01
(13#)163/2,2459998,2.595797,2462443,2.573995,8.434432e-03,0.084195,2.589465e-01
(13#)82,2473948,2.581392,2477471,2.574285,2.756963e-03,0.083896,8.471202e-02
(13#)165/2,2484971,2.595580,2492461,2.574573,8.126303e-03,0.083601,2.512769e-01
(13#)83,2495473,2.597962,2507489,2.574857,8.933293e-03,0.083310,2.773377e-01
(13#)167/2,2511253,2.602871,2522503,2.575138,1.071194e-02,0.083021,3.340480e-01
(13#)84,2525273,2.595884,2537527,2.575415,7.916428e-03,0.082736,2.474014e-01
(13#)169/2,2548498,2.597963,2552531,2.575690,8.610217e-03,0.082454,2.701264e-01
(17#)5,2555363,2.595337,2567557,2.575962,7.493317e-03,0.082174,2.357802e-01
(13#)171/2,2578036,2.596895,2582551,2.576230,7.989411e-03,0.081898,2.523261e-01
(13#)86,2594246,2.593958,2597591,2.576496,6.754558e-03,0.081625,2.139296e-01
(13#)173/2,2612419,2.590050,2612549,2.576760,5.144385e-03,0.081354,1.633601e-01
(13#)87,2622619,2.592665,2627617,2.577020,6.052612e-03,0.081085,1.929457e-01
(13#)175/2,2640928,2.597647,2642639,2.577278,7.872232e-03,0.080821,2.520261e-01
(13#)88,2653489,2.589649,2657651,2.577533,4.689605e-03,0.080558,1.504010e-01
(13#)177/2,2662903,2.599814,2672639,2.577785,8.509401e-03,0.080299,2.743372e-01
(13#)89,2683354,2.590833,2687677,2.578035,4.951965e-03,0.080042,1.598911e-01
(13#)179/2,2695961,2.593039,2702681,2.578283,5.706873e-03,0.079787,1.849424e-01
(13#)90,2717602,2.598752,2717713,2.578527,7.813024e-03,0.079536,2.542874e-01
(13#)181/2,2719121,2.594914,2732701,2.578769,6.241222e-03,0.079287,2.036273e-01
(13#)91,2739127,2.593271,2747713,2.579009,5.514797e-03,0.079040,1.804403e-01
(13#)183/2,2759311,2.597895,2762759,2.579246,7.204394e-03,0.078796,2.366745e-01
(13#)92,2774917,2.605239,2777771,2.579481,9.936202e-03,0.078554,3.279018e-01
(13#)185/2,2781718,2.593394,2792773,2.579714,5.288902e-03,0.078314,1.746814e-01
(13#)93,2798351,2.597376,2807789,2.579945,6.733624e-03,0.078077,2.232540e-01
(17#)11/2,2812492,2.599243,2822819,2.580173,7.363798e-03,0.077842,2.449834e-01
(13#)94,2825503,2.600128,2837803,2.580399,7.616636e-03,0.077609,2.542102e-01
(13#)189/2,2849842,2.600123,2852849,2.580622,7.528296e-03,0.077379,2.520193e-01
(13#)95,2863901,2.601423,2867861,2.580844,7.942126e-03,0.077151,2.667367e-01
(13#)191/2,2873672,2.596843,2882863,2.581063,6.095147e-03,0.076925,2.051349e-01
(13#)96,2895122,2.601897,2897893,2.581281,7.955007e-03,0.076701,2.687840e-01
(13#)193/2,2904764,2.591674,2912893,2.581496,3.934923e-03,0.076480,1.330805e-01
(13#)97,2919424,2.602268,2927917,2.581709,7.931790e-03,0.076260,2.695909e-01
(13#)195/2,2936938,2.587620,2942909,2.581920,2.205226e-03,0.076042,7.495858e-02
(13#)98,2949664,2.600223,2957947,2.582129,6.982958e-03,0.075826,2.386253e-01
(13#)197/2,2970467,2.599407,2972969,2.582336,6.588926e-03,0.075613,2.257681e-01
(13#)99,2980234,2.595608,2987983,2.582542,5.046601e-03,0.075401,1.732868e-01
(13#)199/2,2997242,2.598877,3002981,2.582745,6.226642e-03,0.075192,2.145441e-01
(13#)100,3004042,2.591117,3018013,2.582947,3.158062e-03,0.074984,1.089566e-01
(13#)201/2,3021439,2.592341,3033011,2.583146,3.553293e-03,0.074778,1.229640e-01
(13#)101,3040787,2.595932,3048043,2.583345,4.860534e-03,0.074574,1.687854e-01
(13#)203/2,3053924,2.607868,3063059,2.583540,9.372478e-03,0.074372,3.271124e-01
(17#)6,3066709,2.591466,3078073,2.583735,2.987712e-03,0.074171,1.042321e-01
(13#)205/2,3092806,2.597068,3093071,2.583928,5.072395e-03,0.073972,1.776348e-01
(13#)103,3107012,2.604617,3108103,2.584118,7.901389e-03,0.073775,2.778584e-01
(13#)207/2,3115766,2.600286,3123091,2.584307,6.164052e-03,0.073581,2.171620e-01
(13#)104,3127703,2.602558,3138131,2.584495,6.964676e-03,0.073387,2.461335e-01
(13#)209/2,3144191,2.605823,3153149,2.584681,8.146460e-03,0.073195,2.888449e-01
(13#)105,3159916,2.603373,3168119,2.584865,7.134630e-03,0.073005,2.535169e-01
(13#)211/2,3177964,2.601562,3183179,2.585047,6.368344e-03,0.072817,2.268014e-01
(13#)106,3192643,2.602437,3198191,2.585228,6.634608e-03,0.072630,2.369407e-01
(13#)213/2,3201973,2.598668,3213163,2.585408,5.115677e-03,0.072445,1.830354e-01
(13#)107,3226558,2.596537,3228223,2.585586,4.226459e-03,0.072261,1.515479e-01
(13#)215/2,3235957,2.604722,3243239,2.585762,7.305710e-03,0.072079,2.630447e-01
(13#)108,3245252,2.608783,3258247,2.585937,8.795911e-03,0.071898,3.177557e-01
(13#)217/2,3260314,2.604682,3273269,2.586110,7.155779e-03,0.071719,2.589551e-01
(13#)109,3275093,2.605763,3288269,2.586282,7.504207e-03,0.071542,2.723016e-01
(13#)219/2,3290396,2.600457,3303281,2.586453,5.399760e-03,0.071366,1.962279e-01
(13#)110,3317926,2.603487,3318307,2.586621,6.499310e-03,0.071191,2.369120e-01
(17#)13/2,3326234,2.605172,3333313,2.586789,7.081362e-03,0.071018,2.588499e-01
(13#)111,3341761,2.604131,3348307,2.586955,6.617522e-03,0.070846,2.424414e-01
(13#)223/2,3354079,2.597185,3363343,2.587120,3.882878e-03,0.070676,1.424104e-01
(13#)112,3364727,2.596771,3378373,2.587284,3.660073e-03,0.070507,1.345540e-01
(13#)225/2,3380669,2.605672,3393373,2.587445,7.019705e-03,0.070340,2.591271e-01
(13#)113,3395806,2.609983,3408389,2.587606,8.610584e-03,0.070173,3.188833e-01
(13#)227/2,3411274,2.603699,3423419,2.587766,6.138171e-03,0.070009,2.275850e-01
(13#)114,3434458,2.611137,3438419,2.587924,8.929749e-03,0.069845,3.323502e-01
(13#)229/2,3439621,2.611954,3453409,2.588081,9.181926e-03,0.069683,3.425943e-01
(13#)115,3464267,2.603425,3468463,2.588236,5.851323e-03,0.069522,2.184776e-01
(13#)231/2,3479059,2.604518,3483463,2.588391,6.211182e-03,0.069362,2.325048e-01
(13#)116,3489916,2.613878,3498493,2.588544,9.739387e-03,0.069204,3.660771e-01
(13#)233/2,3502439,2.610699,3513491,2.588696,8.463728e-03,0.069047,3.186670e-01
(13#)117,3515401,2.612171,3528521,2.588846,8.969460e-03,0.068891,3.385783e-01
(13#)235/2,3539002,2.606307,3543523,2.588996,6.664121e-03,0.068736,2.518476e-01
(13#)118,3553097,2.606045,3558553,2.589144,6.506427e-03,0.068582,2.464349e-01
(13#)237/2,3561149,2.602978,3573529,2.589291,5.272081e-03,0.068430,2.000146e-01
(17#)7,3576721,2.610207,3588527,2.589437,7.989051e-03,0.068279,3.041931e-01
(13#)239/2,3591949,2.611007,3603583,2.589582,8.239498e-03,0.068129,3.144769e-01
(13#)120,3616831,2.603235,3618583,2.589726,5.202824e-03,0.067980,1.987202e-01
(13#)241/2,3633412,2.606239,3633583,2.589868,6.301277e-03,0.067833,2.413427e-01
(13#)121,3644584,2.609578,3648643,2.590010,7.526786e-03,0.067686,2.890997e-01
(13#)243/2,3658834,2.606500,3663659,2.590150,6.292536e-03,0.067541,2.420752e-01
(13#)122,3675767,2.603042,3678671,2.590290,4.910923e-03,0.067397,1.892072e-01
(13#)245/2,3682709,2.606978,3693689,2.590428,6.368583e-03,0.067253,2.460857e-01
(13#)123,3704819,2.596930,3708697,2.590565,2.453980e-03,0.067111,9.484287e-02
(13#)247/2,3722221,2.602626,3723719,2.590702,4.592054e-03,0.066970,1.780499e-01
(13#)124,3735406,2.608630,3738733,2.590837,6.844190e-03,0.066830,2.662427e-01
(13#)249/2,3753443,2.600434,3753721,2.590971,3.645645e-03,0.066691,1.418932e-01
(13#)125,3760034,2.593551,3768731,2.591104,9.439394e-04,0.066553,3.676769e-02
(13#)251/2,3783313,2.604192,3783739,2.591236,4.987472e-03,0.066416,1.950735e-01
(13#)126,3797879,2.598422,3798793,2.591368,2.718416e-03,0.066279,1.064289e-01
(13#)253/2,3801443,2.606210,3813773,2.591498,5.660972e-03,0.066144,2.224238e-01
(13#)127,3822034,2.613491,3828821,2.591627,8.401012e-03,0.066010,3.312225e-01
(17#)15/2,3834151,2.598408,3843823,2.591756,2.563312e-03,0.065877,1.009761e-01
(13#)128,3853924,2.606403,3858851,2.591883,5.586471e-03,0.065745,2.208533e-01
(13#)257/2,3858931,2.597507,3873847,2.592010,2.118502e-03,0.065614,8.377785e-02
(13#)129,3883478,2.594628,3888851,2.592135,9.612933e-04,0.065484,3.807037e-02
(13#)259/2,3891541,2.606291,3903899,2.592260,5.398056e-03,0.065354,2.146923e-01
(13#)130,3912628,2.602100,3918913,2.592384,3.740896e-03,0.065226,1.489590e-01
(13#)261/2,3927556,2.600320,3933929,2.592506,3.009539e-03,0.065099,1.200326e-01
(13#)131,3936293,2.599760,3948911,2.592629,2.746714e-03,0.064972,1.097550e-01
(13#)263/2,3961283,2.606488,3963959,2.592750,5.284633e-03,0.064846,2.118558e-01
(13#)132,3974746,2.609044,3978971,2.592870,6.218500e-03,0.064721,2.499034e-01
(13#)265/2,3992123,2.608902,3993959,2.592989,6.118179e-03,0.064597,2.463427e-01
(13#)133,3996758,2.606043,4009003,2.593108,4.975823e-03,0.064474,2.006235e-01
(13#)267/2,4015034,2.596429,4024003,2.593226,1.234379e-03,0.064352,4.977312e-02
(13#)134,4034477,2.610102,4039019,2.593343,6.441524e-03,0.064231,2.609176e-01
(13#)269/2,4047991,2.608708,4054033,2.593459,5.862574e-03,0.064110,2.378568e-01
(13#)135,4060838,2.605187,4069063,2.593574,4.467610e-03,0.063990,1.814815e-01
(13#)271/2,4069376,2.607269,4084079,2.593689,5.222127e-03,0.063871,2.126161e-01
(17#)8,4087942,2.607185,4099093,2.593802,5.146342e-03,0.063753,2.099195e-01
(13#)273/2,4099112,2.611193,4114087,2.593916,6.638502e-03,0.063636,2.714973e-01
(13#)137,4115572,2.602570,4129109,2.594028,3.287538e-03,0.063519,1.344794e-01
(13#)275/2,4131313,2.600695,4144121,2.594139,2.524047e-03,0.063404,1.034004e-01
(13#)138,4154263,2.606322,4159153,2.594250,4.642575e-03,0.063289,1.907440e-01
(13#)277/2,4161457,2.607097,4174151,2.594360,4.897484e-03,0.063174,2.016178e-01
(13#)139,4186967,2.607727,4189183,2.594468,5.097475e-03,0.063061,2.102567e-01
(13#)279/2,4197376,2.593242,4204169,2.594577,-5.146672e-04,0.062948,-2.120798e-02
(13#)140,4208627,2.613973,4219211,2.594685,7.406164e-03,0.062836,3.069578e-01
(13#)281/2,4222718,2.607053,4234229,2.594792,4.714105e-03,0.062725,1.954723e-01
(13#)141,4242659,2.608260,4249241,2.594898,5.136123e-03,0.062615,2.133993e-01
(13#)283/2,4254164,2.607386,4264259,2.595003,4.760514e-03,0.062505,1.981122e-01
(13#)142,4270639,2.603665,4279267,2.595108,3.291934e-03,0.062396,1.371402e-01
(13#)285/2,4280083,2.607170,4294259,2.595212,4.597133e-03,0.062288,1.919792e-01
(13#)143,4298422,2.609440,4309297,2.595316,5.427357e-03,0.062180,2.271470e-01
(13#)287/2,4323628,2.609173,4324303,2.595419,5.285345e-03,0.062073,2.215778e-01
(13#)144,4333132,2.610882,4339333,2.595521,5.900828e-03,0.061967,2.478900e-01
(17#)17/2,4342687,2.606964,4354349,2.595622,4.360146e-03,0.061861,1.833465e-01
(13#)145,4354381,2.614402,4369349,2.595723,7.170300e-03,0.061756,3.024645e-01
(13#)291/2,4372499,2.601775,4384379,2.595823,2.290290e-03,0.061652,9.654188e-02
(13#)146,4392541,2.607219,4399363,2.595923,4.341999e-03,0.061549,1.835286e-01
(13#)293/2,4400353,2.604258,4414379,2.596021,3.167910e-03,0.061446,1.340527e-01
(13#)147,4416868,2.603212,4429417,2.596120,2.728044e-03,0.061344,1.156103e-01
(13#)295/2,4441462,2.609455,4444409,2.596217,5.086002e-03,0.061242,2.161588e-01
(13#)148,4447771,2.609820,4459451,2.596314,5.188507e-03,0.061141,2.208992e-01
(13#)297/2,4469884,2.605726,4474469,2.596411,3.581224e-03,0.061041,1.526023e-01
(13#)149,4475881,2.602272,4489483,2.596506,2.218214e-03,0.060941,9.461610e-02
(13#)299/2,4499059,2.612312,4504457,2.596601,6.032371e-03,0.060842,2.582262e-01
(13#)150,4512502,2.605336,4519499,2.596696,3.321782e-03,0.060744,1.422363e-01
(13#)301/2,4520101,2.610048,4534501,2.596790,5.092545e-03,0.060646,2.186129e-01
(13#)151,4540321,2.610081,4549537,2.596883,5.069376e-03,0.060549,2.179722e-01
(13#)303/2,4562161,2.604160,4564559,2.596976,2.762475e-03,0.060452,1.188381e-01
(13#)152,4568336,2.615511,4579567,2.597068,7.076373e-03,0.060356,3.055703e-01
(13#)305/2,4593406,2.608216,4594589,2.597160,4.247922e-03,0.060260,1.834716e-01
(17#)9,4602932,2.612112,4609597,2.597251,5.705512e-03,0.060166,2.470000e-01
(13#)307/2,4621748,2.615499,4624603,2.597341,6.966672e-03,0.060071,3.022756e-01
(13#)154,4638149,2.615785,4639633,2.597431,7.041364e-03,0.059978,3.060122e-01
(13#)309/2,4642907,2.600257,4654649,2.597520,1.053143e-03,0.059884,4.570503e-02
(13#)155,4657141,2.599418,4669627,2.597609,6.961673e-04,0.059792,3.025488e-02
(13#)311/2,4674077,2.610601,4684661,2.597697,4.955180e-03,0.059700,2.161474e-01
(13#)156,4687861,2.607950,4699691,2.597785,3.905313e-03,0.059608,1.705308e-01
(13#)313/2,4710718,2.609368,4714691,2.597872,4.415398e-03,0.059517,1.931549e-01
(13#)157,4729297,2.607043,4729693,2.597959,3.490492e-03,0.059427,1.528598e-01
(13#)315/2,4734448,2.611760,4744711,2.598045,5.265084e-03,0.059337,2.311374e-01
(13#)158,4749676,2.609849,4759753,2.598131,4.500025e-03,0.059248,1.977788e-01
(13#)317/2,4765841,2.612665,4774769,2.598216,5.545718e-03,0.059159,2.442401e-01
(13#)159,4785362,2.612487,4789783,2.598301,5.444871e-03,0.059071,2.401517e-01
(13#)319/2,4792159,2.588525,4804799,2.598385,-3.801883e-03,0.058983,-1.671668e-01
(13#)160,4818013,2.609266,4819813,2.598468,4.146915e-03,0.058896,1.833401e-01
(13#)321/2,4824811,2.601355,4834829,2.598551,1.078481e-03,0.058809,4.767978e-02
(13#)161,4837909,2.605804,4849843,2.598634,2.755342e-03,0.058723,1.220987e-01
(19#)/2,4918721,2.600756,5105063,2.598716,7.846951e-04,0.058637,3.479032e-02
(17#)10,5167067,2.597599,5360353,2.600041,-9.396573e-04,0.057252,-4.265353e-02
(17#)21/2,5572393,2.607352,5615609,2.601245,2.344970e-03,0.055993,1.090672e-01
(17#)11,5638274,2.605302,5870857,2.602342,1.136791e-03,0.054842,5.397323e-02
(17#)23/2,5878723,2.605254,6126091,2.603347,7.322504e-04,0.053786,3.545532e-02
(17#)12,6175451,2.603294,6381371,2.604270,-3.748394e-04,0.052816,-1.847925e-02
(17#)25/2,6634582,2.604438,6636611,2.605119,-2.614426e-04,0.051920,-1.311633e-02
(17#)13,6670333,2.604986,6891883,2.605904,-3.523390e-04,0.051092,-1.796759e-02
(17#)27/2,6924206,2.610703,7147139,2.606630,1.561334e-03,0.050324,8.093554e-02
(17#)14,7376626,2.610535,7402363,2.607303,1.238827e-03,0.049610,6.514816e-02
(17#)29/2,7515967,2.611962,7657613,2.607929,1.545243e-03,0.048945,8.239861e-02
(17#)15,7808617,2.611891,7912889,2.608513,1.294153e-03,0.048325,6.990171e-02
(17#)31/2,8143934,2.607556,8168117,2.609057,-5.754692e-04,0.047745,-3.143785e-02
(17#)16,8377064,2.615094,8423407,2.609565,2.116503e-03,0.047202,1.171349e-01
(17#)33/2,8527412,2.609130,8678669,2.610041,-3.490976e-04,0.046693,-1.951042e-02
(17#)17,8870593,2.615707,8933917,2.610486,1.998013e-03,0.046215,1.129720e-01
(17#)35/2,9121549,2.613892,9189157,2.610904,1.143777e-03,0.045766,6.528864e-02
(17#)18,9307022,2.615493,9444403,2.611297,1.605575e-03,0.045343,9.253909e-02
(17#)37/2,9601418,2.616651,9699667,2.611666,1.906924e-03,0.044945,1.109133e-01
