START,n_0,C_min,Npred_0,CboundMin,Lambda_min,Jitter,JitterRatio
6,6,2.140268,6,1.363333,4.509986e-01,3.424765,2.268579e-01
(11#)2,4651,2.085780,4723,0.040337,3.945629e+00,1.499735,1.363870e+00
(7#)45/2,4801,1.856187,4817,0.088014,3.048784e+00,1.510170,1.170844e+00
(7#)23,4909,2.178086,4933,0.109236,2.992691e+00,1.373774,1.505961e+00
(7#)47/2,4987,2.151973,5039,0.081766,3.270279e+00,1.374037,1.506660e+00
(7#)24,5086,2.176695,5119,0.050045,3.772640e+00,1.374468,1.547253e+00
(7#)49/2,5242,2.126897,5237,0.018916,4.722411e+00,1.375363,1.532672e+00
(7#)61/2,6421,2.298798,6491,0.008144,5.642860e+00,1.396627,1.640133e+00
(7#)31,6568,2.399779,6607,0.044444,3.988902e+00,1.396873,1.686148e+00
(7#)63/2,6719,2.265862,6719,0.086768,3.262473e+00,1.399910,1.556596e+00
(7#)32,6791,2.430712,6823,0.122501,2.987820e+00,1.402395,1.645906e+00
(7#)65/2,6863,2.365471,6917,0.154477,2.728687e+00,1.405288,1.573339e+00
(11#)3,7024,2.323062,7027,0.196874,2.468077e+00,1.408246,1.509813e+00
(7#)67/2,7108,2.390305,7129,0.222047,2.376287e+00,1.411338,1.536314e+00
(7#)34,7219,2.055910,7243,0.253014,2.095029e+00,1.414357,1.274711e+00
(7#)69/2,7246,2.136908,7349,0.286208,2.010396e+00,1.417777,1.305353e+00
(7#)35,7351,2.199762,7451,0.315669,1.941410e+00,1.420973,1.325918e+00
(7#)71/2,7522,2.372402,7559,0.347319,1.921415e+00,1.424582,1.421528e+00
(7#)36,7561,2.321013,7649,0.379507,1.810886e+00,1.428107,1.359496e+00
(7#)73/2,7727,2.199214,7759,0.412275,1.674165e+00,1.432249,1.247645e+00
(7#)37,7846,2.336977,7873,0.437567,1.675384e+00,1.435965,1.322741e+00
(7#)75/2,7951,2.232082,7963,0.463644,1.571573e+00,1.439573,1.228446e+00
(7#)38,8062,2.328303,8081,0.486656,1.565337e+00,1.442879,1.276370e+00
(11#)7/2,8116,2.236375,8179,0.514136,1.470124e+00,1.446996,1.190217e+00
(7#)39,8224,2.292547,8192,0.544736,1.437117e+00,1.451386,1.204236e+00
(7#)79/2,8311,2.234912,8389,0.567267,1.371127e+00,1.455471,1.145777e+00
(7#)40,8429,2.249292,8501,0.598476,1.323984e+00,1.459627,1.130985e+00
(7#)81/2,8599,2.329117,8609,0.619333,1.324601e+00,1.464054,1.167842e+00
(7#)41,8614,2.287560,8713,0.635954,1.280115e+00,1.467522,1.125439e+00
(7#)83/2,8777,2.179478,8819,0.662294,1.191131e+00,1.472496,1.030348e+00
(7#)42,8839,2.279660,8923,0.685039,1.202306e+00,1.476498,1.080002e+00
(7#)85/2,9014,2.281605,9029,0.704841,1.174662e+00,1.480971,1.064683e+00
(7#)43,9091,2.412999,9133,0.729595,1.196136e+00,1.486165,1.132717e+00
(7#)87/2,9173,2.323530,9239,0.749796,1.131042e+00,1.490554,1.055805e+00
(11#)4,9283,2.301998,9343,0.776668,1.086520e+00,1.495230,1.020131e+00
(7#)89/2,9349,2.396602,9439,0.789086,1.110932e+00,1.499493,1.072040e+00
(7#)45,9511,2.294051,9551,0.813190,1.037110e+00,1.504739,9.841315e-01
(7#)91/2,9649,2.163663,9649,0.828837,9.595344e-01,1.509104,8.845156e-01
(7#)46,9748,2.284701,9749,0.847235,9.920123e-01,1.513760,9.495997e-01
(7#)93/2,9817,2.375649,9859,0.868273,1.006520e+00,1.518716,9.925332e-01
(7#)47,9941,2.284239,9973,0.888319,9.444573e-01,1.524656,9.155639e-01
(7#)95/2,10078,2.360845,10079,0.903977,9.599710e-01,1.528990,9.528303e-01
(7#)48,10174,2.343381,10181,0.921073,9.338107e-01,1.533850,9.272797e-01
(7#)97/2,10273,2.292671,10289,0.939528,8.920952e-01,1.539250,8.790924e-01
(7#)49,10369,2.243034,10391,0.959294,8.493871e-01,1.545204,8.307900e-01
(11#)9/2,10462,2.194423,10499,0.973878,8.123884e-01,1.549713,7.875942e-01
(7#)50,10501,2.449522,10601,0.992511,9.034101e-01,1.555039,9.369611e-01
(7#)101/2,10687,2.319381,10709,1.008154,8.331794e-01,1.560138,8.404558e-01
(7#)51,10786,2.430362,10799,1.022422,8.658659e-01,1.565520,8.993433e-01
(7#)103/2,10883,2.318296,10909,1.043486,7.982654e-01,1.570990,8.114692e-01
(7#)52,11023,2.452351,11003,1.056553,8.420354e-01,1.576750,8.852374e-01
(7#)105/2,11054,2.258518,11119,1.070080,7.469754e-01,1.582273,7.510954e-01
(7#)53,11197,2.391314,11213,1.090210,7.854727e-01,1.587887,8.193933e-01
(7#)107/2,11272,2.131467,11329,1.101489,6.601476e-01,1.594040,6.461431e-01
(7#)54,11353,2.334737,11443,1.114051,7.398963e-01,1.598911,7.634484e-01
(7#)109/2,11461,2.347919,11549,1.130516,7.308552e-01,1.605456,7.582911e-01
(11#)5,11593,2.296655,11633,1.142657,6.980975e-01,1.610403,7.165896e-01
(7#)111/2,11749,2.392249,11743,1.157309,7.261364e-01,1.616493,7.639625e-01
(7#)56,11839,2.348206,11863,1.173009,6.940794e-01,1.623191,7.240041e-01
(7#)113/2,11932,2.392674,11969,1.185639,7.021297e-01,1.626188,7.422481e-01
(7#)57,11971,2.386736,12073,1.199817,6.877577e-01,1.614632,7.351019e-01
(7#)115/2,12101,2.395745,12163,1.211081,6.821809e-01,1.606353,7.374867e-01
(7#)58,12281,2.223656,12281,1.223412,5.975090e-01,1.597277,6.262182e-01
(7#)117/2,12326,2.217079,12379,1.236764,5.836923e-01,1.587441,6.175442e-01
(7#)59,12422,2.346659,12491,1.248661,6.309208e-01,0.701823,1.564494e+00
(7#)119/2,12574,2.295932,12589,1.259863,6.001359e-01,1.569398,6.601697e-01
(7#)60,12671,2.225896,12703,1.258701,5.700793e-01,0.695457,1.390733e+00
(11#)11/2,12757,2.354186,12809,1.263884,6.220055e-01,0.692301,1.574896e+00
(7#)61,12878,2.336543,12911,1.268889,6.105308e-01,0.688981,1.549613e+00
(7#)123/2,12982,2.377047,13009,1.273237,6.242965e-01,0.686215,1.608548e+00
(7#)62,13049,2.340065,13121,1.278413,6.045592e-01,0.682920,1.554577e+00
(7#)125/2,13142,2.381559,13229,1.282536,6.189159e-01,0.680286,1.615531e+00
(7#)63,13241,2.313245,13331,1.287487,5.859590e-01,0.677136,1.514848e+00
(7#)127/2,13339,2.408045,13421,1.291589,6.229420e-01,0.674520,1.655186e+00
(7#)64,13451,2.365320,13537,1.295972,6.016523e-01,0.671722,1.591950e+00
(7#)129/2,13646,2.418129,13649,1.300624,6.201500e-01,0.668750,1.671036e+00
(7#)65,13729,2.380300,13751,1.305017,6.010105e-01,0.666071,1.614367e+00
(7#)131/2,13807,2.343338,13859,1.308919,5.823748e-01,0.663446,1.559161e+00
(11#)6,13943,2.508139,13963,1.313537,6.468175e-01,0.660490,1.808660e+00
(7#)133/2,14051,2.389016,14057,1.317218,5.953596e-01,0.658126,1.628560e+00
(7#)67,14096,2.408715,14173,1.321249,6.005159e-01,0.655542,1.658881e+00
(7#)135/2,14243,2.286441,14251,1.325310,5.453501e-01,0.652943,1.471998e+00
(7#)68,14332,2.428418,14369,1.329232,6.026387e-01,0.650425,1.689950e+00
(7#)137/2,14411,2.316236,14489,1.333167,5.523861e-01,0.647891,1.517337e+00
(7#)69,14528,2.225437,14593,1.337344,5.092677e-01,0.645333,1.376178e+00
(7#)139/2,14699,2.430591,14699,1.341683,5.942096e-01,0.642540,1.694693e+00
(7#)70,14779,2.470069,14797,1.344823,6.079837e-01,0.640517,1.756778e+00
(7#)141/2,14831,2.313924,14897,1.348501,5.399512e-01,0.638027,1.513138e+00
(7#)71,14951,2.398094,15013,1.352249,5.729051e-01,0.635729,1.645111e+00
(13#)/2,15784,2.297078,16141,1.355556,5.274262e-01,0.633476,1.486279e+00
(11#)7,17218,2.342733,16384,1.392644,5.201141e-01,0.609540,1.558698e+00
(11#)15/2,18322,2.313856,18461,1.424565,4.850489e-01,0.588536,1.511022e+00
(11#)8,18637,2.262025,19609,1.452917,4.426872e-01,0.569806,1.419971e+00
(11#)17/2,20509,2.288028,20789,1.478502,4.366609e-01,0.552990,1.463907e+00
(11#)9,20816,2.279925,21943,1.500770,4.181642e-01,0.537763,1.448882e+00
(11#)19/2,22354,2.333078,23099,1.520704,4.280150e-01,0.524130,1.549948e+00
(11#)10,23201,2.282149,24251,1.538755,3.941439e-01,0.511623,1.453011e+00
(11#)21/2,24256,2.336632,25409,1.555215,4.070968e-01,0.499981,1.562893e+00
(11#)11,25496,2.309603,26561,1.569609,3.862491e-01,0.489721,1.511052e+00
(11#)23/2,27182,2.331847,27701,1.583059,3.873016e-01,0.479992,1.560001e+00
(11#)12,27904,2.328254,28871,1.595259,3.780825e-01,0.471016,1.556200e+00
(11#)25/2,29738,2.340355,30029,1.606239,3.764072e-01,0.462793,1.586273e+00
(13#),30332,2.331433,31183,1.616453,3.662489e-01,0.455075,1.571126e+00
(11#)27/2,31294,2.341935,32327,1.625583,3.651110e-01,0.447901,1.599353e+00
(11#)14,32972,2.389670,32768,1.634009,3.801188e-01,0.441206,1.712717e+00
(11#)29/2,34274,2.354215,34649,1.641786,3.604227e-01,0.434886,1.638197e+00
(11#)15,35792,2.297694,35803,1.648825,3.318431e-01,0.429029,1.512413e+00
(11#)31/2,36436,2.373766,36947,1.655335,3.604743e-01,0.423476,1.696509e+00
(11#)16,37201,2.393769,38113,1.661324,3.652542e-01,0.418225,1.751318e+00
(11#)33/2,38188,2.401751,39251,1.666722,3.653392e-01,0.413350,1.778224e+00
(11#)17,39992,2.425829,40423,1.671787,3.722802e-01,0.408637,1.845261e+00
(11#)35/2,40597,2.307754,41579,1.676257,3.197114e-01,0.404332,1.561828e+00
(11#)18,41851,2.392174,42727,1.680463,3.531332e-01,0.400142,1.778646e+00
(11#)37/2,43531,2.348344,43889,1.684224,3.324055e-01,0.396245,1.676034e+00
(11#)19,44533,2.418503,45013,1.687678,3.597951e-01,0.392514,1.861908e+00
(13#)3/2,45259,2.407217,46199,1.690840,3.532459e-01,0.388947,1.841837e+00
(11#)20,46369,2.380141,47353,1.693708,3.402395e-01,0.385545,1.780423e+00
(11#)41/2,47834,2.378831,48497,1.696249,3.381898e-01,0.382368,1.785144e+00
(11#)21,48931,2.430664,49663,1.698565,3.583807e-01,0.379300,1.930132e+00
(11#)43/2,50461,2.416903,50789,1.700609,3.515005e-01,0.376415,1.902937e+00
(11#)22,51826,2.346624,51973,1.702444,3.209128e-01,0.373639,1.724071e+00
(11#)45/2,52876,2.469593,53129,1.704064,3.710374e-01,0.370983,2.063515e+00
(11#)23,53624,2.388364,54277,1.705493,3.367544e-01,0.368417,1.853527e+00
(11#)47/2,54421,2.447211,55439,1.706698,3.603885e-01,0.366026,2.023116e+00
(11#)24,56176,2.444148,56591,1.707738,3.585269e-01,0.363711,2.024712e+00
(11#)49/2,57172,2.426083,57737,1.708604,3.506014e-01,0.361492,1.984771e+00
(11#)25,58789,2.355012,58901,1.709304,3.204596e-01,0.359370,1.796778e+00
(11#)51/2,59074,2.411060,60041,1.709850,3.436608e-01,0.357334,1.962338e+00
(13#)2,61058,2.418361,61211,1.710253,3.464487e-01,0.355359,1.992655e+00
(11#)53/2,61444,2.421746,62351,1.710505,3.477001e-01,0.353505,2.011969e+00
(11#)27,63421,2.436905,63521,1.710626,3.538694e-01,0.351705,2.065023e+00
(11#)55/2,64198,2.443219,64679,1.710489,3.565371e-01,0.348353,2.103412e+00
(11#)28,65336,2.468498,65536,1.710243,3.669744e-01,0.346771,2.186616e+00
(11#)57/2,66602,2.429966,66977,1.709888,3.514494e-01,0.345259,2.085617e+00
(11#)29,67904,2.413565,68141,1.709418,3.449519e-01,0.343783,2.048231e+00
(11#)59/2,69239,2.447118,69263,1.708864,3.590822e-01,0.342416,2.156015e+00
(11#)30,69911,2.449157,70451,1.708176,3.603177e-01,0.341024,2.172812e+00
(11#)61/2,70544,2.431070,71597,1.707418,3.533492e-01,0.339734,2.130055e+00
(11#)31,71633,2.358847,72763,1.706552,3.236980e-01,0.338471,1.927181e+00
(11#)63/2,73016,2.438849,73907,1.705615,3.576005e-01,0.337280,2.173962e+00
(11#)32,74716,2.474061,75041,1.704605,3.725275e-01,0.336144,2.289067e+00
(13#)5/2,75968,2.467098,76213,1.703477,3.703711e-01,0.335014,2.279370e+00
(11#)33,77144,2.383605,77383,1.702268,3.366526e-01,0.333930,2.040359e+00
(11#)67/2,78427,2.494035,78539,1.700997,3.826873e-01,0.332899,2.382218e+00
(11#)34,79312,2.406904,79693,1.699656,3.479154e-01,0.331909,2.130849e+00
(11#)69/2,79784,2.452666,80849,1.698239,3.675838e-01,0.330955,2.279546e+00
(11#)35,81749,2.460417,82003,1.696755,3.716132e-01,0.330039,2.313854e+00
(11#)71/2,82252,2.460452,83137,1.695233,3.725249e-01,0.329172,2.324678e+00
(11#)36,84046,2.459958,84313,1.693587,3.732955e-01,0.328307,2.334312e+00
(11#)73/2,84562,2.471941,85469,1.691905,3.791486e-01,0.327490,2.381862e+00
(11#)37,86248,2.426071,86599,1.690200,3.614262e-01,0.326721,2.252292e+00
(11#)75/2,87316,2.472748,87767,1.688379,3.815612e-01,0.325956,2.406365e+00
(11#)38,88498,2.433762,88919,1.686524,3.667686e-01,0.325231,2.297561e+00
(11#)77/2,89459,2.383150,90089,1.684585,3.469039e-01,0.324523,2.152590e+00
(13#)3,90526,2.492321,91243,1.682614,3.928659e-01,0.323852,2.500238e+00
(11#)79/2,92357,2.434532,92399,1.680588,3.706108e-01,0.323206,2.332704e+00
(11#)40,92656,2.473194,93553,1.678514,3.876016e-01,0.322586,2.463467e+00
(11#)81/2,94228,2.450231,94709,1.676385,3.795426e-01,0.321990,2.403323e+00
(11#)41,95467,2.446013,95857,1.674221,3.791114e-01,0.321421,2.401187e+00
(11#)83/2,96361,2.470995,97007,1.672005,3.905974e-01,0.320874,2.490043e+00
(11#)42,97684,2.508166,98143,1.669760,4.068719e-01,0.320345,2.617197e+00
(11#)85/2,98764,2.453349,99317,1.667415,3.861795e-01,0.319840,2.457272e+00
(11#)43,99581,2.468655,100483,1.665027,3.938321e-01,0.319351,2.516441e+00
(11#)87/2,101467,2.483060,101627,1.662642,4.010838e-01,0.318891,2.572722e+00
(11#)44,102352,2.491281,102793,1.660168,4.058782e-01,0.318441,2.609943e+00
(11#)89/2,103214,2.468903,103919,1.657704,3.983404e-01,0.318015,2.550820e+00
(11#)45,104056,2.467765,105097,1.655152,3.994200e-01,0.317610,2.558525e+00
(13#)7/2,105883,2.452749,106243,1.652587,3.948675e-01,0.317218,2.522436e+00
(11#)46,106298,2.480088,107377,1.650005,4.075157e-01,0.316851,2.619790e+00
(11#)93/2,107684,2.498534,108557,1.647317,4.165563e-01,0.316495,2.689512e+00
(11#)47,109717,2.499467,109721,1.644603,4.185785e-01,0.316154,2.703948e+00
(11#)95/2,110281,2.415536,110879,1.641864,3.860890e-01,0.315831,2.449639e+00
(11#)48,111058,2.464714,112031,1.639103,4.079266e-01,0.315525,2.616626e+00
(11#)97/2,112681,2.478536,113189,1.636292,4.152354e-01,0.315233,2.671814e+00
(11#)49,113389,2.460935,114343,1.633453,4.098452e-01,0.314956,2.627294e+00
(11#)99/2,115426,2.500222,115499,1.630575,4.274468e-01,0.314694,2.763469e+00
(11#)50,116371,2.460027,116639,1.627703,4.130025e-01,0.314449,2.646928e+00
(11#)101/2,116728,2.402456,117809,1.624721,3.911554e-01,0.314211,2.475200e+00
(11#)51,118894,2.444233,118931,1.621809,4.101892e-01,0.313989,2.619276e+00
(11#)103/2,119458,2.462122,120103,1.618773,4.193551e-01,0.313784,2.687674e+00
(13#)4,121234,2.463828,121271,1.615696,4.219504e-01,0.313587,2.704615e+00
(11#)105/2,121612,2.502568,122401,1.612652,4.394374e-01,0.313404,2.839517e+00
(11#)53,123059,2.504951,123583,1.609508,4.423406e-01,0.313232,2.858721e+00
(11#)107/2,124447,2.517146,124739,1.606366,4.491512e-01,0.313073,2.909162e+00
(11#)54,125479,2.491172,125887,1.603216,4.407417e-01,0.312926,2.837591e+00
(11#)109/2,126397,2.546025,127037,1.600031,4.645103e-01,0.312790,3.024374e+00
(11#)55,127189,2.428594,128203,1.596770,4.193297e-01,0.312664,2.660441e+00
(11#)111/2,129263,2.490514,129347,1.593530,4.465374e-01,0.312549,2.869899e+00
(11#)56,130307,2.503745,130513,1.590222,4.539140e-01,0.312445,2.923788e+00
(11#)113/2,131641,2.512217,131072,1.586940,4.593580e-01,0.312351,2.962299e+00
(11#)57,131888,2.478781,132817,1.583575,4.480820e-01,0.312268,2.866788e+00
(11#)115/2,133174,2.475614,133979,1.580179,4.489503e-01,0.312194,2.868201e+00
(11#)58,134087,2.503206,135131,1.576785,4.621843e-01,0.312129,2.968071e+00
(13#)9/2,135802,2.501586,136277,1.573382,4.636975e-01,0.312075,2.974298e+00
(11#)59,136649,2.492808,137443,1.569890,4.624042e-01,0.312029,2.957796e+00
(11#)119/2,137587,2.515309,138599,1.566402,4.736144e-01,0.311992,3.041447e+00
(11#)60,139511,2.466330,139753,1.562893,4.561926e-01,0.311964,2.895966e+00
(11#)121/2,140009,2.495139,140909,1.559351,4.700747e-01,0.311945,2.999849e+00
(11#)61,141676,2.498497,142061,1.555795,4.737027e-01,0.311934,3.022120e+00
(11#)123/2,142258,2.505830,143197,1.552263,4.789062e-01,0.311932,3.056971e+00
(11#)62,143896,2.509536,144349,1.548655,4.827111e-01,0.311937,3.080369e+00
(11#)125/2,145144,2.491578,145517,1.544959,4.779189e-01,0.311951,3.034512e+00
(11#)63,146176,2.504029,146683,1.541267,4.852962e-01,0.311973,3.086043e+00
(11#)127/2,147401,2.521313,147827,1.537608,4.945518e-01,0.312002,3.152880e+00
(11#)64,148696,2.533538,148991,1.536343,5.002118e-01,0.312014,3.195994e+00
(11#)129/2,149846,2.509766,150131,1.540572,4.880357e-01,0.312039,3.106003e+00
(13#)5,150292,2.507348,151303,1.546854,4.830024e-01,0.312083,3.077688e+00
(11#)131/2,151909,2.518866,152459,1.553081,4.835681e-01,0.312134,3.094136e+00
(11#)66,152914,2.505061,153611,1.559175,4.741563e-01,0.312193,3.029812e+00
(11#)133/2,154702,2.506776,154769,1.565246,4.709545e-01,0.312259,3.015221e+00
(11#)67,155816,2.502854,155921,1.571229,4.655736e-01,0.312331,2.982813e+00
(11#)135/2,156007,2.496651,157061,1.577128,4.593448e-01,0.312410,2.943321e+00
(11#)68,157901,2.486203,158233,1.582844,4.515334e-01,0.312495,2.890795e+00
(11#)137/2,158419,2.533724,159389,1.588602,4.668358e-01,0.312588,3.023539e+00
(11#)69,159407,2.542242,160541,1.594256,4.666392e-01,0.312686,3.031751e+00
(11#)139/2,161659,2.491347,161683,1.599820,4.429324e-01,0.312791,2.850232e+00
(11#)70,162353,2.507294,162853,1.605380,4.458436e-01,0.312904,2.882398e+00
(11#)141/2,163297,2.519915,163997,1.610755,4.475222e-01,0.313020,2.904479e+00
(11#)71,164954,2.477786,165161,1.616110,4.273434e-01,0.313142,2.751710e+00
(13#)11/2,165701,2.520785,166319,1.621444,4.412533e-01,0.313272,2.870799e+00
(11#)72,166351,2.526473,167471,1.626775,4.402247e-01,0.313409,2.870683e+00
(11#)145/2,167809,2.490909,168629,1.631851,4.229328e-01,0.313547,2.739806e+00
(11#)73,168814,2.509419,169783,1.636929,4.272293e-01,0.313692,2.781359e+00
(11#)147/2,170539,2.495056,170927,1.641989,4.184029e-01,0.313844,2.718124e+00
(11#)74,171694,2.497959,172093,1.647014,4.165100e-01,0.314002,2.709999e+00
(11#)149/2,172849,2.504239,173249,1.651893,4.160630e-01,0.314163,2.713069e+00
(11#)75,174214,2.457750,174389,1.656789,3.943649e-01,0.314330,2.548153e+00
(11#)151/2,174814,2.514062,175543,1.661570,4.141368e-01,0.314503,2.710601e+00
(11#)76,176551,2.496728,176713,1.666369,4.043341e-01,0.314682,2.638724e+00
(11#)153/2,177841,2.524335,177841,1.671068,4.125147e-01,0.314863,2.709963e+00
(11#)77,178898,2.502055,179021,1.675694,4.008850e-01,0.315051,2.622944e+00
(11#)155/2,179083,2.529322,180179,1.680264,4.090004e-01,0.315243,2.693344e+00
(13#)6,180379,2.501151,181303,1.684790,3.951101e-01,0.315440,2.588007e+00
(11#)157/2,181919,2.535068,182489,1.689366,4.058672e-01,0.315645,2.679282e+00
(11#)79,182519,2.515243,183637,1.693758,3.954197e-01,0.315851,2.600862e+00
(11#)159/2,184696,2.506373,184777,1.698118,3.893161e-01,0.316060,2.557283e+00
(11#)80,185578,2.512282,185951,1.702458,3.891184e-01,0.316275,2.560506e+00
(11#)161/2,187024,2.533868,187091,1.706728,3.951689e-01,0.316496,2.613430e+00
(11#)81,187471,2.522543,188261,1.710965,3.882100e-01,0.316720,2.562446e+00
(11#)163/2,189094,2.510677,189407,1.715187,3.810303e-01,0.316950,2.509828e+00
(11#)82,189817,2.521375,190573,1.719311,3.828808e-01,0.317182,2.528719e+00
(11#)165/2,191626,2.523077,191717,1.723419,3.811691e-01,0.317420,2.519243e+00
(11#)83,191768,2.509171,192883,1.727519,3.732661e-01,0.317663,2.460633e+00
(11#)167/2,193639,2.501153,194027,1.731496,3.677661e-01,0.317907,2.421013e+00
(11#)84,194767,2.519507,195193,1.735489,3.727740e-01,0.318157,2.464249e+00
(13#)13/2,195751,2.518018,196337,1.739404,3.699296e-01,0.318411,2.445311e+00
(11#)85,197402,2.512439,197479,1.743333,3.654552e-01,0.318670,2.413487e+00
(11#)171/2,198046,2.523633,198659,1.747146,3.677159e-01,0.318930,2.434663e+00
(11#)86,199021,2.495353,199813,1.750993,3.542471e-01,0.319198,2.331969e+00
(11#)173/2,200899,2.517394,200929,1.754734,3.609070e-01,0.319465,2.387304e+00
(11#)87,201904,2.515768,202121,1.758457,3.581414e-01,0.319737,2.368544e+00
(11#)175/2,203128,2.520731,203279,1.762155,3.580114e-01,0.320014,2.370446e+00
(11#)88,203417,2.508934,204431,1.765830,3.512371e-01,0.320295,2.320061e+00
(11#)177/2,204928,2.464243,205589,1.769433,3.312255e-01,0.320579,2.167360e+00
(11#)89,205924,2.529874,206699,1.773040,3.554739e-01,0.320867,2.358716e+00
(11#)179/2,206984,2.513240,207877,1.776572,3.468871e-01,0.321158,2.293787e+00
(11#)90,208129,2.513207,209039,1.780096,3.448923e-01,0.321453,2.280616e+00
(11#)181/2,209362,2.520880,210209,1.783575,3.459883e-01,0.321752,2.291532e+00
(13#)7,210557,2.506060,211349,1.787024,3.381601e-01,0.322053,2.232664e+00
(11#)183/2,211459,2.494267,212507,1.790419,3.315452e-01,0.322358,2.183436e+00
(11#)92,212644,2.547725,213659,1.793807,3.508606e-01,0.322666,2.336528e+00
(11#)185/2,213784,2.541986,214817,1.797173,3.467308e-01,0.322977,2.306087e+00
(11#)93,215854,2.563496,215983,1.800446,3.533375e-01,0.323292,2.360250e+00
(11#)187/2,216917,2.525146,217121,1.803777,3.364161e-01,0.323614,2.229103e+00
(11#)94,217697,2.481485,218287,1.806996,3.171914e-01,0.323932,2.082193e+00
(11#)189/2,219311,2.546183,219437,1.810271,3.411188e-01,0.324260,2.269512e+00
(11#)95,220453,2.532386,220589,1.813387,3.339656e-01,0.324584,2.215140e+00
(11#)191/2,221332,2.526687,221747,1.816566,3.299611e-01,0.324917,2.185546e+00
(11#)96,222634,2.538822,222913,1.819695,3.330313e-01,0.325249,2.211004e+00
(11#)193/2,223469,2.547178,224069,1.822786,3.346200e-01,0.325587,2.224880e+00
(11#)97,225002,2.551522,225223,1.825851,3.346439e-01,0.325926,2.226490e+00
(13#)15/2,225892,2.548480,226379,1.828898,3.317835e-01,0.326269,2.205487e+00
(11#)98,227251,2.549104,227533,1.831913,3.303811e-01,0.326615,2.195830e+00
(11#)197/2,228097,2.525164,228677,1.834905,3.193133e-01,0.326964,2.111116e+00
(11#)99,229234,2.519971,229841,1.837905,3.156211e-01,0.327316,2.083815e+00
(11#)199/2,230848,2.518411,230999,1.840803,3.134263e-01,0.327671,2.067952e+00
(11#)100,231643,2.524351,232153,1.843711,3.142036e-01,0.328028,2.074945e+00
(11#)201/2,232189,2.532524,233297,1.846632,3.158530e-01,0.328393,2.088632e+00
(11#)101,233978,2.534564,234463,1.849475,3.151198e-01,0.328753,2.083902e+00
(11#)203/2,235028,2.506846,235607,1.852289,3.026032e-01,0.329118,1.988822e+00
(11#)102,236092,2.538865,236773,1.855096,3.137807e-01,0.329486,2.075260e+00
(11#)205/2,237883,2.566648,237929,1.857887,3.231609e-01,0.329859,2.148679e+00
(11#)103,238892,2.539570,239081,1.860661,3.110630e-01,0.330233,2.055848e+00
(11#)207/2,239857,2.497741,240209,1.863378,2.929958e-01,0.330609,1.918771e+00
(13#)8,241393,2.514952,241393,1.866105,2.984003e-01,0.330988,1.960334e+00
(11#)209/2,242119,2.534017,242533,1.868837,3.044895e-01,0.331378,2.007315e+00
(11#)105,243043,2.536059,243703,1.871445,3.039004e-01,0.331755,2.003328e+00
(11#)211/2,243736,2.522425,244859,1.874092,2.970965e-01,0.332142,1.951975e+00
(11#)106,245587,2.544113,246011,1.876712,3.042608e-01,0.332532,2.007028e+00
(11#)213/2,246518,2.561050,247141,1.879314,3.095105e-01,0.332924,2.047723e+00
(11#)107,247868,2.534405,248323,1.881916,2.976685e-01,0.333323,1.957528e+00
(11#)215/2,248867,2.548208,249463,1.884496,3.017300e-01,0.333722,1.988817e+00
(11#)108,249512,2.527815,250619,1.887018,2.923575e-01,0.334122,1.917853e+00
(11#)217/2,251081,2.534266,251789,1.889512,2.935855e-01,0.334521,1.927395e+00
(11#)109,252071,2.523456,252937,1.891991,2.879997e-01,0.334923,1.885404e+00
(11#)219/2,253741,2.514393,254083,1.894472,2.830913e-01,0.335332,1.848678e+00
(11#)110,255214,2.528919,255253,1.896935,2.875525e-01,0.335741,1.882356e+00
(17#)/2,259801,2.503359,262144,1.899360,2.761164e-01,0.336153,1.796798e+00
(13#)9,272794,2.510783,285283,1.929301,2.634369e-01,0.341718,1.701643e+00
(13#)19/2,285424,2.505523,300299,1.956421,2.473807e-01,0.347652,1.579459e+00
(13#)10,303904,2.513081,315313,1.981105,2.378547e-01,0.348927,1.524605e+00
(13#)21/2,324223,2.512902,330329,2.003717,2.264343e-01,0.336519,1.513094e+00
(13#)11,340261,2.521429,345329,2.024416,2.195445e-01,0.325157,1.528532e+00
(13#)23/2,354971,2.521369,360337,2.043544,2.101165e-01,0.314669,1.518500e+00
(13#)12,366794,2.499164,375373,2.061234,1.926514e-01,0.304967,1.435991e+00
(13#)25/2,386068,2.523716,390389,2.077661,1.944897e-01,0.295958,1.507156e+00
(13#)13,401509,2.524416,405401,2.092933,1.874433e-01,0.287587,1.500356e+00
(13#)27/2,414448,2.520611,420419,2.107207,1.791380e-01,0.279766,1.477678e+00
(13#)14,431146,2.523703,435427,2.120565,1.740447e-01,0.272449,1.479682e+00
(13#)29/2,448444,2.521152,450431,2.133099,1.671401e-01,0.265584,1.461131e+00
(13#)15,463549,2.513127,465463,2.144881,1.584437e-01,0.259132,1.421075e+00
(13#)31/2,467009,2.541140,480463,2.155986,1.643646e-01,0.253052,1.522035e+00
(13#)16,488339,2.536748,495491,2.166476,1.577811e-01,0.247310,1.497198e+00
(13#)33/2,498436,2.527659,510481,2.176384,1.496288e-01,0.241887,1.452228e+00
(17#),515611,2.539315,524288,2.185772,1.499253e-01,0.236752,1.493305e+00
(13#)35/2,535858,2.540830,540539,2.194671,1.464587e-01,0.231881,1.492830e+00
(13#)18,548461,2.531963,555523,2.203132,1.391149e-01,0.227251,1.446995e+00
(13#)37/2,569077,2.543991,570569,2.211185,1.402055e-01,0.222846,1.493435e+00
(13#)19,571262,2.550486,585581,2.218864,1.392886e-01,0.218648,1.516693e+00
(13#)39/2,588338,2.563074,600577,2.226177,1.409216e-01,0.214646,1.569547e+00
(13#)20,612022,2.551653,615607,2.233168,1.333202e-01,0.210822,1.510682e+00
(13#)41/2,621472,2.552996,630613,2.239854,1.308569e-01,0.207166,1.511551e+00
(13#)21,633967,2.541689,645641,2.246265,1.235600e-01,0.203660,1.450574e+00
(13#)43/2,656629,2.539026,660659,2.252386,1.197904e-01,0.200313,1.430961e+00
(13#)22,674719,2.554681,675643,2.258268,1.233292e-01,0.197097,1.503894e+00
(13#)45/2,686398,2.527108,690689,2.263929,1.099738e-01,0.194002,1.356579e+00
(13#)23,703568,2.559020,705689,2.269353,1.201296e-01,0.191036,1.516295e+00
(13#)47/2,713309,2.554701,720703,2.274565,1.161464e-01,0.188186,1.488612e+00
(13#)24,733528,2.558252,735733,2.279594,1.153269e-01,0.185436,1.502718e+00
(13#)49/2,748691,2.568782,750749,2.284428,1.173162e-01,0.182793,1.555607e+00
(13#)25,758411,2.555201,765763,2.289099,1.099726e-01,0.180239,1.476384e+00
(17#)3/2,770558,2.532269,780733,2.293596,9.899485e-02,0.177781,1.342511e+00
(13#)26,787162,2.561586,795793,2.297946,1.086109e-01,0.175404,1.503044e+00
(13#)53/2,804191,2.552045,810809,2.302141,1.030554e-01,0.173108,1.443631e+00
(13#)27,819212,2.562766,825821,2.306204,1.054843e-01,0.170888,1.501346e+00
(13#)55/2,831373,2.564720,840839,2.310126,1.045472e-01,0.168741,1.508786e+00
(13#)28,850253,2.564273,855851,2.313925,1.027298e-01,0.166663,1.502121e+00
(13#)57/2,860422,2.564422,870853,2.317606,1.011984e-01,0.164650,1.499034e+00
(13#)29,883648,2.566164,885883,2.321171,1.003404e-01,0.162699,1.505805e+00
(13#)59/2,891427,2.564719,900869,2.324629,9.828846e-02,0.160808,1.493023e+00
(13#)30,909037,2.548728,915911,2.327985,9.059132e-02,0.158973,1.388557e+00
(13#)61/2,915961,2.547074,930911,2.331236,8.854665e-02,0.157193,1.373076e+00
(13#)31,944161,2.565326,945943,2.334395,9.433281e-02,0.155464,1.485431e+00
(13#)63/2,957844,2.549019,960941,2.337465,8.664157e-02,0.153784,1.375657e+00
(13#)32,968299,2.573348,975967,2.340447,9.486584e-02,0.152152,1.530713e+00
(13#)65/2,990586,2.569172,990989,2.343347,9.200342e-02,0.150564,1.499861e+00
(13#)33,1004449,2.563918,1006003,2.346171,8.875192e-02,0.149018,1.461213e+00
(13#)67/2,1016921,2.561834,1021019,2.348913,8.677074e-02,0.147517,1.443366e+00
(17#)2,1034134,2.571303,1036027,2.351588,8.932193e-02,0.146052,1.504361e+00
(13#)69/2,1050706,2.556321,1048576,2.354187,8.237367e-02,0.144628,1.397613e+00
(13#)35,1053142,2.560025,1066063,2.356721,8.274578e-02,0.143240,1.419324e+00
(13#)71/2,1067611,2.564956,1081079,2.359192,8.362214e-02,0.141887,1.450196e+00
(13#)36,1093418,2.575284,1096079,2.361602,8.661962e-02,0.140566,1.520154e+00
(13#)73/2,1101119,2.571810,1111091,2.363949,8.427641e-02,0.139280,1.492397e+00
(13#)37,1116337,2.566773,1126093,2.366243,8.134600e-02,0.138023,1.452874e+00
(13#)75/2,1138519,2.571708,1141139,2.368480,8.232187e-02,0.136795,1.485639e+00
(13#)38,1154584,2.576126,1156151,2.370663,8.311706e-02,0.135598,1.515236e+00
(13#)77/2,1166306,2.582036,1171133,2.372790,8.451176e-02,0.134432,1.556519e+00
(13#)39,1171721,2.577143,1186181,2.374874,8.173704e-02,0.133288,1.517533e+00
(13#)79/2,1190542,2.575724,1201183,2.376910,8.032933e-02,0.132171,1.504218e+00
(13#)40,1201553,2.553525,1216213,2.378894,7.083908e-02,0.131082,1.332227e+00
(13#)81/2,1227416,2.574592,1231229,2.380842,7.823687e-02,0.130013,1.490236e+00
(13#)41,1239109,2.571541,1246243,2.382738,7.625508e-02,0.128972,1.463907e+00
(13#)83/2,1246537,2.571671,1261259,2.384597,7.552574e-02,0.127951,1.462075e+00
(13#)42,1271308,2.567174,1276271,2.386416,7.301302e-02,0.126952,1.423829e+00
(17#)5/2,1287808,2.580738,1291271,2.388196,7.753714e-02,0.125974,1.528427e+00
(13#)43,1305097,2.580555,1306289,2.389941,7.673581e-02,0.125016,1.524717e+00
(13#)87/2,1308529,2.570502,1321319,2.391645,7.211980e-02,0.124078,1.441488e+00
(13#)44,1327552,2.567012,1336333,2.393318,7.006189e-02,0.123160,1.410312e+00
(13#)89/2,1347289,2.580835,1351327,2.394952,7.474980e-02,0.122260,1.520391e+00
(13#)45,1352977,2.568573,1366349,2.396558,6.931695e-02,0.121376,1.417208e+00
(13#)91/2,1367291,2.578175,1381349,2.398127,7.239377e-02,0.120513,1.494013e+00
(13#)46,1392068,2.581279,1396393,2.399667,7.295503e-02,0.119665,1.517670e+00
(13#)93/2,1403569,2.576241,1411387,2.401179,7.037149e-02,0.118833,1.473177e+00
(13#)47,1421554,2.574203,1426393,2.402658,6.896435e-02,0.118018,1.453549e+00
(13#)95/2,1427329,2.563568,1441439,2.404111,6.421985e-02,0.117218,1.360346e+00
(13#)48,1446013,2.577389,1456451,2.405537,6.900371e-02,0.116432,1.475986e+00
(13#)97/2,1460213,2.583438,1471447,2.406938,7.076567e-02,0.115660,1.526025e+00
(13#)49,1485139,2.569529,1486451,2.408307,6.479860e-02,0.114905,1.403090e+00
(13#)99/2,1498438,2.572049,1501499,2.409653,6.522010e-02,0.114162,1.422505e+00
(13#)50,1508933,2.579741,1516513,2.410974,6.765819e-02,0.113433,1.487812e+00
(13#)101/2,1525204,2.588498,1531499,2.412274,7.050791e-02,0.112716,1.563434e+00
(17#)3,1538384,2.572062,1546537,2.413549,6.360963e-02,0.112012,1.415143e+00
(13#)103/2,1552613,2.581629,1561559,2.414800,6.680413e-02,0.111322,1.498617e+00
(13#)52,1568978,2.579733,1576571,2.416031,6.555979e-02,0.110641,1.479578e+00
(13#)105/2,1588283,2.576881,1591589,2.417238,6.395419e-02,0.109974,1.451643e+00
(13#)53,1600058,2.588112,1606603,2.418428,6.781091e-02,0.109318,1.552205e+00
(13#)107/2,1611293,2.582728,1621619,2.419596,6.524562e-02,0.108671,1.501155e+00
(13#)54,1625321,2.576631,1636627,2.420741,6.240904e-02,0.108037,1.442932e+00
(13#)109/2,1647964,2.569523,1651621,2.421869,5.918072e-02,0.107413,1.374638e+00
(13#)55,1658869,2.582682,1666657,2.422980,6.383021e-02,0.106798,1.495365e+00
(13#)111/2,1668971,2.593334,1681679,2.424073,6.749512e-02,0.106193,1.593900e+00
(13#)56,1693639,2.579746,1696693,2.425144,6.180004e-02,0.105600,1.464034e+00
(13#)113/2,1708321,2.575121,1711687,2.426198,5.957110e-02,0.105016,1.418098e+00
(13#)57,1725814,2.588012,1726693,2.427239,6.413562e-02,0.104440,1.539381e+00
(13#)115/2,1740821,2.579711,1741723,2.428259,6.050284e-02,0.103873,1.458050e+00
(13#)58,1746859,2.570141,1756747,2.429265,5.637202e-02,0.103315,1.363558e+00
(13#)117/2,1770016,2.583728,1771751,2.430256,6.123672e-02,0.102765,1.493427e+00
(13#)59,1777753,2.573578,1786781,2.431230,5.689985e-02,0.102224,1.392511e+00
(17#)7/2,1791778,2.589083,1801781,2.432188,6.251250e-02,0.101692,1.542845e+00
(13#)60,1802266,2.584393,1816813,2.433134,6.031053e-02,0.101167,1.495142e+00
(13#)121/2,1831436,2.577516,1831811,2.434064,5.726386e-02,0.100650,1.425256e+00
(13#)61,1835741,2.571404,1846843,2.434979,5.451392e-02,0.100141,1.362329e+00
(13#)123/2,1858867,2.583732,1861859,2.435881,5.892637e-02,0.099639,1.483867e+00
(13#)62,1872751,2.587271,1876859,2.436770,5.993026e-02,0.099145,1.517989e+00
(13#)125/2,1877164,2.577582,1891889,2.437648,5.581811e-02,0.098656,1.418403e+00
(13#)63,1892416,2.592349,1906889,2.438509,6.117763e-02,0.098176,1.566982e+00
(13#)127/2,1908661,2.585161,1921919,2.439358,5.805290e-02,0.097703,1.492308e+00
(13#)64,1931242,2.580351,1936889,2.440196,5.584707e-02,0.097236,1.441390e+00
(13#)129/2,1939141,2.593342,1951949,2.441022,6.053059e-02,0.096775,1.573960e+00
(13#)65,1953379,2.593798,1966963,2.441835,6.037341e-02,0.096321,1.577673e+00
(13#)131/2,1969936,2.574568,1981963,2.442638,5.260315e-02,0.095873,1.376091e+00
(13#)66,1988632,2.587112,1996979,2.443430,5.713941e-02,0.095431,1.505611e+00
(13#)133/2,1997902,2.586030,2012009,2.444209,5.640233e-02,0.094996,1.492915e+00
(13#)67,2021137,2.583325,2027023,2.444978,5.504120e-02,0.094566,1.462968e+00
(13#)135/2,2033041,2.591447,2042039,2.445737,5.786990e-02,0.094142,1.547768e+00
(17#)4,2053553,2.579809,2057053,2.446485,5.306306e-02,0.093723,1.422532e+00
(13#)137/2,2071096,2.585053,2072053,2.447224,5.479169e-02,0.093310,1.477109e+00
(13#)69,2076304,2.586796,2087081,2.447951,5.516870e-02,0.092902,1.494532e+00
(13#)139/2,2098952,2.580068,2097152,2.448670,5.227074e-02,0.092500,1.420519e+00
(13#)70,2106019,2.587094,2117099,2.449378,5.470112e-02,0.092103,1.495239e+00
(13#)141/2,2118514,2.592353,2132129,2.450076,5.644691e-02,0.091711,1.551362e+00
(13#)71,2136091,2.592237,2147137,2.450767,5.612017e-02,0.091324,1.549100e+00
(13#)143/2,2149759,2.601746,2162137,2.451448,5.950389e-02,0.090942,1.652680e+00
(13#)72,2166772,2.597074,2177167,2.452120,5.743247e-02,0.090564,1.600570e+00
(13#)145/2,2191216,2.591899,2192161,2.452785,5.516670e-02,0.090191,1.542438e+00
(13#)73,2198473,2.595378,2207203,2.453438,5.624186e-02,0.089823,1.580219e+00
(13#)147/2,2210389,2.596815,2222219,2.454084,5.653212e-02,0.089460,1.595473e+00
(13#)74,2222702,2.600920,2237219,2.454723,5.785130e-02,0.089101,1.640801e+00
(13#)149/2,2246323,2.596339,2252233,2.455353,5.583184e-02,0.088746,1.588646e+00
(13#)75,2263843,2.582011,2267263,2.455974,5.004513e-02,0.088396,1.425822e+00
(13#)151/2,2279476,2.588150,2282257,2.456589,5.216953e-02,0.088049,1.494179e+00
(13#)76,2294377,2.602427,2297291,2.457196,5.742361e-02,0.087707,1.655866e+00
(17#)9/2,2309311,2.594955,2312293,2.457795,5.430457e-02,0.087369,1.569893e+00
(13#)77,2316212,2.583454,2327323,2.458387,4.962182e-02,0.087035,1.436974e+00
(13#)155/2,2338396,2.592073,2342309,2.458973,5.271416e-02,0.086704,1.535108e+00
(13#)78,2352563,2.595422,2357353,2.459550,5.377072e-02,0.086378,1.572993e+00
(13#)157/2,2368486,2.590531,2372369,2.460121,5.165234e-02,0.086055,1.515426e+00
(13#)79,2375998,2.595066,2387383,2.460684,5.317259e-02,0.085736,1.567393e+00
(13#)159/2,2391856,2.585609,2402383,2.461242,4.929497e-02,0.085421,1.455930e+00
(13#)80,2409742,2.596264,2417399,2.461792,5.318395e-02,0.085109,1.579997e+00
(13#)161/2,2425117,2.592377,2432429,2.462336,5.146472e-02,0.084801,1.533484e+00
(13#)81,2434183,2.589718,2447437,2.462875,5.021962e-02,0.084496,1.501172e+00
(13#)163/2,2459998,2.595797,2462443,2.463407,5.234825e-02,0.084195,1.572421e+00
(13#)82,2473948,2.581392,2477471,2.463931,4.657075e-02,0.083896,1.400079e+00
(13#)165/2,2484971,2.595580,2492461,2.464452,5.184053e-02,0.083601,1.568498e+00
(13#)83,2495473,2.597962,2507489,2.464964,5.255009e-02,0.083310,1.596423e+00
(13#)167/2,2511253,2.602871,2522503,2.465472,5.423180e-02,0.083021,1.654991e+00
(13#)84,2525273,2.595884,2537527,2.465973,5.134066e-02,0.082736,1.570187e+00
(13#)169/2,2548498,2.597963,2552531,2.466468,5.194051e-02,0.082454,1.594768e+00
(17#)5,2555363,2.595337,2567557,2.466960,5.072975e-02,0.082174,1.562258e+00
(13#)171/2,2578036,2.596895,2582551,2.467444,5.113370e-02,0.081898,1.580637e+00
(13#)86,2594246,2.593958,2597591,2.467923,4.980799e-02,0.081625,1.544074e+00
(13#)173/2,2612419,2.590050,2612549,2.468397,4.810823e-02,0.081354,1.495354e+00
(13#)87,2622619,2.592665,2627617,2.468867,4.892696e-02,0.081085,1.526768e+00
(13#)175/2,2640928,2.597647,2642639,2.469330,5.065918e-02,0.080821,1.587669e+00
(13#)88,2653489,2.589649,2657651,2.469790,4.738922e-02,0.080558,1.487860e+00
(13#)177/2,2662903,2.599814,2672639,2.470243,5.112338e-02,0.080299,1.613607e+00
(13#)89,2683354,2.590833,2687677,2.470691,4.748158e-02,0.080042,1.500987e+00
(13#)179/2,2695961,2.593039,2702681,2.471137,4.815218e-02,0.079787,1.527843e+00
(13#)90,2717602,2.598752,2717713,2.471575,5.017573e-02,0.079536,1.598987e+00
(13#)181/2,2719121,2.594914,2732701,2.472010,4.852179e-02,0.079287,1.550115e+00
(13#)91,2739127,2.593271,2747713,2.472440,4.771450e-02,0.079040,1.528732e+00
(13#)183/2,2759311,2.597895,2762759,2.472865,4.932410e-02,0.078796,1.586756e+00
(13#)92,2774917,2.605239,2777771,2.473286,5.197679e-02,0.078554,1.679774e+00
(13#)185/2,2781718,2.593394,2792773,2.473703,4.725122e-02,0.078314,1.528347e+00
(13#)93,2798351,2.597376,2807789,2.474115,4.861895e-02,0.078077,1.578711e+00
(17#)11/2,2812492,2.599243,2822819,2.474523,4.917260e-02,0.077842,1.602220e+00
(13#)94,2825503,2.600128,2837803,2.474927,4.934977e-02,0.077609,1.613228e+00
(13#)189/2,2849842,2.600123,2852849,2.475326,4.918665e-02,0.077379,1.612802e+00
(13#)95,2863901,2.601423,2867861,2.475722,4.952653e-02,0.077151,1.629285e+00
(13#)191/2,2873672,2.596843,2882863,2.476113,4.760648e-02,0.076925,1.569451e+00
(13#)96,2895122,2.601897,2897893,2.476501,4.939412e-02,0.076701,1.634868e+00
(13#)193/2,2904764,2.591674,2912893,2.476884,4.530268e-02,0.076480,1.500915e+00
(13#)97,2919424,2.602268,2927917,2.477264,4.922865e-02,0.076260,1.639182e+00
(13#)195/2,2936938,2.587620,2942909,2.477640,4.343204e-02,0.076042,1.446306e+00
(13#)98,2949664,2.600223,2957947,2.478012,4.814058e-02,0.075826,1.611729e+00
(13#)197/2,2970467,2.599407,2972969,2.478380,4.767822e-02,0.075613,1.600611e+00
(13#)99,2980234,2.595608,2987983,2.478745,4.606840e-02,0.075401,1.549887e+00
(13#)199/2,2997242,2.598877,3002981,2.479106,4.718142e-02,0.075192,1.592869e+00
(13#)100,3004042,2.591117,3018013,2.479464,4.404665e-02,0.074984,1.489024e+00
(13#)201/2,3021439,2.592341,3033011,2.479818,4.437616e-02,0.074778,1.504761e+00
(13#)101,3040787,2.595932,3048043,2.480170,4.561850e-02,0.074574,1.552310e+00
(13#)203/2,3053924,2.607868,3063059,2.480516,5.006643e-02,0.074372,1.712365e+00
(17#)6,3066709,2.591466,3078073,2.480861,4.361806e-02,0.074171,1.491216e+00
(13#)205/2,3092806,2.597068,3093071,2.481202,4.564000e-02,0.073972,1.566349e+00
(13#)103,3107012,2.604617,3108103,2.481539,4.840671e-02,0.073775,1.668289e+00
(13#)207/2,3115766,2.600286,3123091,2.481873,4.660792e-02,0.073581,1.609288e+00
(13#)104,3127703,2.602558,3138131,2.482204,4.734793e-02,0.073387,1.639991e+00
(13#)209/2,3144191,2.605823,3153149,2.482532,4.846955e-02,0.073195,1.684418e+00
(13#)105,3159916,2.603373,3168119,2.482857,4.739800e-02,0.073005,1.650791e+00
(13#)211/2,3177964,2.601562,3183179,2.483178,4.657284e-02,0.072817,1.625774e+00
(13#)106,3192643,2.602437,3198191,2.483497,4.678067e-02,0.072630,1.637615e+00
(13#)213/2,3201973,2.598668,3213163,2.483813,4.520413e-02,0.072445,1.585410e+00
(13#)107,3226558,2.596537,3228223,2.484126,4.425775e-02,0.072261,1.555625e+00
(13#)215/2,3235957,2.604722,3243239,2.484435,4.728068e-02,0.072079,1.668822e+00
(13#)108,3245252,2.608783,3258247,2.484743,4.871460e-02,0.071898,1.725222e+00
(13#)217/2,3260314,2.604682,3273269,2.485047,4.701902e-02,0.071719,1.668107e+00
(13#)109,3275093,2.605763,3288269,2.485348,4.731284e-02,0.071542,1.683137e+00
(13#)219/2,3290396,2.600457,3303281,2.485647,4.515421e-02,0.071366,1.608749e+00
(13#)110,3317926,2.603487,3318307,2.485943,4.619964e-02,0.071191,1.651108e+00
(17#)13/2,3326234,2.605172,3333313,2.486236,4.672878e-02,0.071018,1.674730e+00
(13#)111,3341761,2.604131,3348307,2.486526,4.621247e-02,0.070846,1.660009e+00
(13#)223/2,3354079,2.597185,3363343,2.486814,4.342579e-02,0.070676,1.561648e+00
(13#)112,3364727,2.596771,3378373,2.487100,4.315138e-02,0.070507,1.555463e+00
(13#)225/2,3380669,2.605672,3393373,2.487383,4.645945e-02,0.070340,1.681675e+00
(13#)113,3395806,2.609983,3408389,2.487663,4.799999e-02,0.070173,1.743121e+00
(13#)227/2,3411274,2.603699,3423419,2.487941,4.547767e-02,0.070009,1.653473e+00
(13#)114,3434458,2.611137,3438419,2.488217,4.821937e-02,0.069845,1.759897e+00
(13#)229/2,3439621,2.611954,3453409,2.488489,4.842290e-02,0.069683,1.771809e+00
(13#)115,3464267,2.603425,3468463,2.488760,4.504329e-02,0.069522,1.649334e+00
(13#)231/2,3479059,2.604518,3483463,2.489028,4.535536e-02,0.069362,1.665033e+00
(13#)116,3489916,2.613878,3498493,2.489294,4.883581e-02,0.069204,1.800243e+00
(13#)233/2,3502439,2.610699,3513491,2.489557,4.751322e-02,0.069047,1.754486e+00
(13#)117,3515401,2.612171,3528521,2.489818,4.797206e-02,0.068891,1.776038e+00
(13#)235/2,3539002,2.606307,3543523,2.490078,4.562024e-02,0.068736,1.690948e+00
(13#)118,3553097,2.606045,3558553,2.490335,4.541651e-02,0.068582,1.687177e+00
(13#)237/2,3561149,2.602978,3573529,2.490589,4.413695e-02,0.068430,1.642394e+00
(17#)7,3576721,2.610207,3588527,2.490841,4.680912e-02,0.068279,1.748210e+00
(13#)239/2,3591949,2.611007,3603583,2.491091,4.701520e-02,0.068129,1.760132e+00
(13#)120,3616831,2.603235,3618583,2.491339,4.393459e-02,0.067980,1.646014e+00
(13#)241/2,3633412,2.606239,3633583,2.491585,4.498913e-02,0.067833,1.690239e+00
(13#)121,3644584,2.609578,3648643,2.491829,4.617154e-02,0.067686,1.739636e+00
(13#)243/2,3658834,2.606500,3663659,2.492071,4.489423e-02,0.067541,1.694215e+00
(13#)122,3675767,2.603042,3678671,2.492310,4.347077e-02,0.067397,1.642981e+00
(13#)245/2,3682709,2.606978,3693689,2.492548,4.488622e-02,0.067253,1.701485e+00
(13#)123,3704819,2.596930,3708697,2.492784,4.092982e-02,0.067111,1.551847e+00
(13#)247/2,3722221,2.602626,3723719,2.493018,4.302691e-02,0.066970,1.636673e+00
(13#)124,3735406,2.608630,3738733,2.493249,4.523850e-02,0.066830,1.726485e+00
(13#)249/2,3753443,2.600434,3753721,2.493479,4.199943e-02,0.066691,1.603740e+00
(13#)125,3760034,2.593551,3768731,2.493707,3.925762e-02,0.066553,1.500218e+00
(13#)251/2,3783313,2.604192,3783739,2.493933,4.326147e-02,0.066416,1.660127e+00
(13#)126,3797879,2.598422,3798793,2.494158,4.095314e-02,0.066279,1.573108e+00
(13#)253/2,3801443,2.606210,3813773,2.494380,4.385686e-02,0.066144,1.690705e+00
(13#)127,3822034,2.613491,3828821,2.494600,4.655848e-02,0.066010,1.801106e+00
(17#)15/2,3834151,2.598408,3843823,2.494820,4.068237e-02,0.065877,1.572446e+00
(13#)128,3853924,2.606403,3858851,2.495036,4.366795e-02,0.065745,1.693923e+00
(13#)257/2,3858931,2.597507,3873847,2.495251,4.016281e-02,0.065614,1.558448e+00
(13#)129,3883478,2.594628,3888851,2.495465,3.896807e-02,0.065484,1.514309e+00
(13#)259/2,3891541,2.606291,3903899,2.495677,4.336810e-02,0.065354,1.692536e+00
(13#)130,3912628,2.602100,3918913,2.495887,4.167463e-02,0.065226,1.628384e+00
(13#)261/2,3927556,2.600320,3933929,2.496095,4.090700e-02,0.065099,1.601023e+00
(13#)131,3936293,2.599760,3948911,2.496302,4.060870e-02,0.064972,1.592347e+00
(13#)263/2,3961283,2.606488,3963959,2.496507,4.311117e-02,0.064846,1.696034e+00
(13#)132,3974746,2.609044,3978971,2.496710,4.401001e-02,0.064721,1.735665e+00
(13#)265/2,3992123,2.608902,3993959,2.496912,4.387467e-02,0.064597,1.733672e+00
(13#)133,3996758,2.606043,4009003,2.497112,4.269811e-02,0.064474,1.689534e+00
(13#)267/2,4015034,2.596429,4024003,2.497310,3.892289e-02,0.064352,1.540263e+00
(13#)134,4034477,2.610102,4039019,2.497507,4.409627e-02,0.064231,1.752970e+00
(13#)269/2,4047991,2.608708,4054033,2.497703,4.348357e-02,0.064110,1.731477e+00
(13#)135,4060838,2.605187,4069063,2.497897,4.205528e-02,0.063990,1.676668e+00
(13#)271/2,4069376,2.607269,4084079,2.498089,4.277727e-02,0.063871,1.709383e+00
(17#)8,4087942,2.607185,4099093,2.498280,4.266860e-02,0.063753,1.708233e+00
(13#)273/2,4099112,2.611193,4114087,2.498470,4.412866e-02,0.063636,1.771372e+00
(13#)137,4115572,2.602570,4129109,2.498657,4.074603e-02,0.063519,1.635936e+00
(13#)275/2,4131313,2.600695,4144121,2.498843,3.995089e-02,0.063404,1.606397e+00
(13#)138,4154263,2.606322,4159153,2.499029,4.203778e-02,0.063289,1.695287e+00
(13#)277/2,4161457,2.607097,4174151,2.499212,4.226186e-02,0.063174,1.707744e+00
(13#)139,4186967,2.607727,4189183,2.499394,4.243066e-02,0.063061,1.717908e+00
(13#)279/2,4197376,2.593242,4194304,2.499575,3.678811e-02,0.062948,1.488006e+00
(13#)140,4208627,2.613973,4219211,2.499754,4.467896e-02,0.062836,1.817732e+00
(13#)281/2,4222718,2.607053,4234229,2.499932,4.195693e-02,0.062725,1.707788e+00
(13#)141,4242659,2.608260,4249241,2.500109,4.234900e-02,0.062615,1.727238e+00
(13#)283/2,4254164,2.607386,4264259,2.500284,4.194386e-02,0.062505,1.713495e+00
(13#)142,4270639,2.603665,4279267,2.500458,4.044615e-02,0.062396,1.654064e+00
(13#)285/2,4280083,2.607170,4294259,2.500630,4.172264e-02,0.062288,1.710442e+00
(13#)143,4298422,2.609440,4309297,2.500802,4.252416e-02,0.062180,1.747153e+00
(13#)287/2,4323628,2.609173,4324303,2.500971,4.235426e-02,0.062073,1.743141e+00
(13#)144,4333132,2.610882,4339333,2.501140,4.294147e-02,0.061967,1.770975e+00
(17#)17/2,4342687,2.606964,4354349,2.501307,4.137293e-02,0.061861,1.707974e+00
(13#)145,4354381,2.614402,4369349,2.501474,4.415523e-02,0.061756,1.828616e+00
(13#)291/2,4372499,2.601775,4384379,2.501639,3.924779e-02,0.061652,1.624213e+00
(13#)146,4392541,2.607219,4399363,2.501803,4.127246e-02,0.061549,1.712717e+00
(13#)293/2,4400353,2.604258,4414379,2.501964,4.007177e-02,0.061446,1.664779e+00
(13#)147,4416868,2.603212,4429417,2.502126,3.960530e-02,0.061344,1.647855e+00
(13#)295/2,4441462,2.609455,4444409,2.502286,4.193667e-02,0.061242,1.749927e+00
(13#)148,4447771,2.609820,4459451,2.502445,4.201300e-02,0.061141,1.756187e+00
(13#)297/2,4469884,2.605726,4474469,2.502603,4.037994e-02,0.061041,1.689405e+00
(13#)149,4475881,2.602272,4489483,2.502758,3.899159e-02,0.060941,1.632956e+00
(13#)299/2,4499059,2.612312,4504457,2.502914,4.278000e-02,0.060842,1.798067e+00
(13#)150,4512502,2.605336,4519499,2.503068,4.004447e-02,0.060744,1.683590e+00
(13#)301/2,4520101,2.610048,4534501,2.503221,4.179031e-02,0.060646,1.761485e+00
(13#)151,4540321,2.610081,4549537,2.503373,4.174223e-02,0.060549,1.762341e+00
(13#)303/2,4562161,2.604160,4564559,2.503523,3.941123e-02,0.060452,1.664742e+00
(13#)152,4568336,2.615511,4579567,2.503673,4.370064e-02,0.060356,1.852972e+00
(13#)305/2,4593406,2.608216,4594589,2.503822,4.084810e-02,0.060260,1.732393e+00
(17#)9,4602932,2.612112,4609597,2.503969,4.228202e-02,0.060166,1.797410e+00
(13#)307/2,4621748,2.615499,4624603,2.504115,4.351952e-02,0.060071,1.854206e+00
(13#)154,4638149,2.615785,4639633,2.504261,4.357056e-02,0.059978,1.859415e+00
(13#)309/2,4642907,2.600257,4654649,2.504405,3.755910e-02,0.059884,1.600628e+00
(13#)155,4657141,2.599418,4669627,2.504548,3.717929e-02,0.059792,1.586667e+00
(13#)311/2,4674077,2.610601,4684661,2.504690,4.141549e-02,0.059700,1.774054e+00
(13#)156,4687861,2.607950,4699691,2.504831,4.034320e-02,0.059608,1.729952e+00
(13#)313/2,4710718,2.609368,4714691,2.504971,4.083089e-02,0.059517,1.754070e+00
(13#)157,4729297,2.607043,4729693,2.505111,3.988358e-02,0.059427,1.715247e+00
(13#)315/2,4734448,2.611760,4744711,2.505249,4.163619e-02,0.059337,1.795018e+00
(13#)158,4749676,2.609849,4759753,2.505386,4.084955e-02,0.059248,1.763148e+00
(13#)317/2,4765841,2.612665,4774769,2.505522,4.187368e-02,0.059159,1.811102e+00
(13#)159,4785362,2.612487,4789783,2.505657,4.175167e-02,0.059071,1.808502e+00
(13#)319/2,4792159,2.588525,4804799,2.505791,3.248376e-02,0.058983,1.402675e+00
(13#)160,4818013,2.609266,4819813,2.505924,4.041143e-02,0.058896,1.754652e+00
(13#)321/2,4824811,2.601355,4834829,2.506056,3.732226e-02,0.058809,1.620483e+00
(13#)161,4837909,2.605804,4849843,2.506188,3.897839e-02,0.058723,1.696371e+00
(19#)/2,4918721,2.600756,5105063,2.506318,3.698743e-02,0.058637,1.610553e+00
(17#)10,5167067,2.597599,5360353,2.508398,3.494325e-02,0.057252,1.558042e+00
(17#)21/2,5572393,2.607352,5615609,2.510243,3.795559e-02,0.055993,1.734306e+00
(17#)11,5638274,2.605302,5870857,2.511885,3.651513e-02,0.054842,1.703384e+00
(17#)23/2,5878723,2.605254,6126091,2.513347,3.591484e-02,0.053786,1.708753e+00
(17#)12,6175451,2.603294,6381371,2.514649,3.464434e-02,0.052816,1.678374e+00
(17#)25/2,6634582,2.604438,6636611,2.515809,3.462249e-02,0.051920,1.707030e+00
(17#)13,6670333,2.604986,6891883,2.516843,3.442196e-02,0.051092,1.725182e+00
(17#)27/2,6924206,2.610703,7147139,2.517763,3.624872e-02,0.050324,1.846833e+00
(17#)14,7376626,2.610535,7402363,2.518580,3.585993e-02,0.049610,1.853558e+00
(17#)29/2,7515967,2.611962,7657613,2.519303,3.611939e-02,0.048945,1.893125e+00
(17#)15,7808617,2.611891,7912889,2.519942,3.583859e-02,0.048325,1.902721e+00
(17#)31/2,8143934,2.607556,8168117,2.520503,3.395490e-02,0.047745,1.823290e+00
(17#)16,8377064,2.615094,8388608,2.520993,3.664717e-02,0.047202,1.993581e+00
(17#)33/2,8527412,2.609130,8678669,2.521418,3.419539e-02,0.046693,1.878483e+00
(17#)17,8870593,2.615707,8933917,2.521783,3.656823e-02,0.046215,2.032327e+00
(17#)35/2,9121549,2.613892,9189157,2.522092,3.575158e-02,0.045766,2.005856e+00
(17#)18,9307022,2.615493,9444403,2.522350,3.626160e-02,0.045343,2.054187e+00
(17#)37/2,9601418,2.616651,9699667,2.522560,3.662100e-02,0.044945,2.093470e+00
(19#),9798904,2.616429,9954907,2.522726,3.647035e-02,0.044569,2.102425e+00
(17#)39/2,10030684,2.609830,10210177,2.522850,3.389587e-02,0.044215,1.967206e+00
(17#)20,10279447,2.610716,10465453,2.522935,3.420161e-02,0.043880,2.000479e+00
(17#)41/2,10509104,2.610205,10720709,2.522983,3.398683e-02,0.043563,2.002204e+00
(17#)21,10730206,2.616253,10975927,2.522998,3.629526e-02,0.043264,2.155487e+00
(17#)43/2,11035639,2.619300,11231219,2.522932,3.748539e-02,0.042712,2.256228e+00
(17#)22,11262739,2.617318,11486467,2.522855,3.675893e-02,0.042457,2.224910e+00
(17#)45/2,11722628,2.612843,11741729,2.522751,3.508893e-02,0.042216,2.134072e+00
(17#)23,11980162,2.618144,11996939,2.522622,3.716683e-02,0.041987,2.275038e+00
(17#)47/2,12176348,2.615986,12252197,2.522468,3.640329e-02,0.041770,2.238880e+00
(17#)24,12503914,2.618371,12507457,2.522291,3.738475e-02,0.041564,2.311616e+00
(17#)49/2,12674359,2.620449,12762727,2.522091,3.825736e-02,0.041369,2.377577e+00
(17#)25,12945293,2.619810,13018003,2.521871,3.810071e-02,0.041183,2.378141e+00
(17#)51/2,13157726,2.614254,13273207,2.521630,3.607326e-02,0.041007,2.258736e+00
(17#)26,13383668,2.621737,13528507,2.521371,3.903427e-02,0.040840,2.457542e+00
(17#)53/2,13598296,2.621948,13783751,2.521092,3.922541e-02,0.040681,2.479192e+00
(17#)27,13890334,2.615375,14039023,2.520796,3.683277e-02,0.040531,2.333498e+00
(17#)55/2,14203249,2.615943,14294261,2.520484,3.717370e-02,0.040388,2.363549e+00
(17#)28,14546944,2.610027,14549527,2.520154,3.504056e-02,0.040252,2.232759e+00
(19#)3/2,14653259,2.623627,14804767,2.519810,4.037421e-02,0.040123,2.587469e+00
(17#)29,14993599,2.620451,15060043,2.519450,3.930582e-02,0.040001,2.524962e+00
(17#)59/2,15201136,2.622150,15315281,2.519075,4.010282e-02,0.039885,2.584305e+00
(17#)30,15512572,2.621195,15570553,2.518687,3.989259e-02,0.039775,2.577197e+00
(17#)61/2,15580924,2.620941,15825787,2.518284,3.995570e-02,0.039671,2.587709e+00
(17#)31,15903079,2.620396,16081027,2.517869,3.991254e-02,0.039573,2.590832e+00
(17#)63/2,16105231,2.624621,16336301,2.517441,4.169360e-02,0.039480,2.714792e+00
(17#)32,16453264,2.623584,16591571,2.517000,4.147361e-02,0.039391,2.705796e+00
(17#)65/2,16618577,2.617779,16777216,2.516548,3.943813e-02,0.039308,2.575328e+00
(17#)33,17086924,2.622329,17102077,2.516084,4.135913e-02,0.039230,2.708259e+00
(17#)67/2,17157347,2.615508,17357339,2.515608,3.894382e-02,0.039156,2.551333e+00
(17#)34,17438299,2.625902,17612593,2.515122,4.310314e-02,0.039086,2.834263e+00
(17#)69/2,17754362,2.624263,17867827,2.514625,4.267641e-02,0.039021,2.809718e+00
(17#)35,17939156,2.615320,18123097,2.514117,3.946481e-02,0.038959,2.597680e+00
(17#)71/2,18252083,2.624696,18378337,2.513599,4.324949e-02,0.038901,2.855891e+00
(17#)36,18564664,2.625098,18633599,2.513071,4.361272e-02,0.038847,2.883801e+00
(17#)73/2,18652631,2.624112,18888851,2.512534,4.345075e-02,0.038797,2.875944e+00
(17#)37,18955823,2.626048,19144117,2.511987,4.440598e-02,0.038750,2.943510e+00
(17#)75/2,19271158,2.619062,19399379,2.511430,4.196393e-02,0.038707,2.780686e+00
(19#)2,19443122,2.621885,19654597,2.510865,4.326621e-02,0.038666,2.871256e+00
(17#)77/2,19708879,2.625817,19909867,2.510290,4.499380e-02,0.038629,2.990681e+00
(17#)39,19998859,2.625370,20165143,2.509707,4.505583e-02,0.038595,2.996839e+00
(17#)79/2,20283568,2.627375,20420377,2.509115,4.605515e-02,0.038564,3.066591e+00
(17#)40,20429401,2.628649,20675653,2.508515,4.677908e-02,0.038535,3.117530e+00
(17#)81/2,20718961,2.625233,20930909,2.507907,4.572111e-02,0.038509,3.046716e+00
(17#)41,21107407,2.622493,21186149,2.507290,4.492290e-02,0.038486,2.993374e+00
(17#)83/2,21411154,2.624482,21441383,2.506665,4.593036e-02,0.038466,3.062887e+00
(17#)42,21448858,2.626527,21696629,2.506033,4.696142e-02,0.038448,3.133947e+00
(17#)85/2,21902344,2.627307,21951929,2.505392,4.751416e-02,0.038432,3.172226e+00
(17#)43,22109926,2.625829,22207153,2.504744,4.721012e-02,0.038419,3.151696e+00
(17#)87/2,22446616,2.626041,22462411,2.504088,4.755279e-02,0.038408,3.175198e+00
(17#)44,22683424,2.626940,22717687,2.503425,4.815988e-02,0.038399,3.216620e+00
(17#)89/2,22916389,2.628539,22972931,2.502755,4.903605e-02,0.038392,3.276308e+00
(17#)45,23227639,2.627468,23228143,2.502077,4.889946e-02,0.038388,3.266411e+00
(17#)91/2,23248021,2.624545,23483459,2.501392,4.806017e-02,0.038385,3.208363e+00
(17#)46,23613664,2.628503,23738711,2.500700,4.984379e-02,0.038385,3.329504e+00
(17#)93/2,23763461,2.627766,23993911,2.500001,4.984292e-02,0.038386,3.328427e+00
(17#)47,24170554,2.626512,24249217,2.499295,4.964804e-02,0.038389,3.313892e+00
(19#)5/2,24496594,2.621733,24504479,2.498583,4.811178e-02,0.038395,3.207449e+00
(17#)48,24691036,2.622891,24759733,2.497863,4.884158e-02,0.038401,3.255853e+00
(17#)97/2,24916354,2.626999,25014989,2.497137,5.069725e-02,0.038410,3.380942e+00
(17#)49,25251022,2.623810,25270243,2.497037,4.952263e-02,0.038411,3.300435e+00
(17#)99/2,25283017,2.628372,25525477,2.498130,5.082219e-02,0.038420,3.389953e+00
(17#)50,25696939,2.623817,25780709,2.499376,4.858903e-02,0.038432,3.237953e+00
(17#)101/2,25801309,2.627088,26036009,2.500598,4.934611e-02,0.038446,3.290069e+00
(17#)51,26141191,2.629090,26291263,2.501798,4.962811e-02,0.038461,3.309638e+00
(17#)103/2,26306708,2.628417,26546491,2.502977,4.890094e-02,0.038478,3.260045e+00
(17#)52,26617804,2.631407,26801767,2.504135,4.957532e-02,0.038496,3.306110e+00
(17#)105/2,27035497,2.629789,27057011,2.505273,4.850590e-02,0.038515,3.232922e+00
(17#)53,27158464,2.629023,27312283,2.506390,4.776882e-02,0.038536,3.182297e+00
(17#)107/2,27501673,2.628960,27567511,2.507489,4.730648e-02,0.038559,3.150263e+00
(17#)54,27760763,2.629751,27822793,2.508568,4.717709e-02,0.038583,3.140839e+00
(17#)109/2,27980503,2.628691,28078031,2.509630,4.635067e-02,0.038608,3.083843e+00
(17#)55,28301542,2.630045,28333303,2.510673,4.645011e-02,0.038634,3.089817e+00
(17#)111/2,28396519,2.630694,28588537,2.511699,4.628827e-02,0.038662,3.077828e+00
(17#)56,28691977,2.629850,28843783,2.512708,4.556575e-02,0.038691,3.027629e+00
(17#)113/2,28929157,2.630176,29099069,2.513701,4.529459e-02,0.038721,3.008058e+00
(19#)3,29155046,2.630441,29354323,2.514678,4.500675e-02,0.038753,2.987201e+00
(17#)115/2,29565262,2.629070,29609561,2.515638,4.410372e-02,0.038786,2.924560e+00
(17#)58,29613937,2.628569,29864803,2.516584,4.353717e-02,0.038819,2.884799e+00
(17#)117/2,30099763,2.626030,30120061,2.517514,4.220129e-02,0.038854,2.792917e+00
(17#)59,30218456,2.627828,30375337,2.518430,4.252196e-02,0.038890,2.813011e+00
(17#)119/2,30382789,2.631909,30630599,2.519332,4.371565e-02,0.038928,2.891929e+00
(17#)60,30883093,2.633360,30885853,2.520220,4.391440e-02,0.038966,2.903557e+00
(17#)121/2,31009246,2.629683,31141109,2.521094,4.217037e-02,0.039005,2.783976e+00
(17#)61,31171139,2.631779,31396333,2.521956,4.262525e-02,0.039045,2.812729e+00
(17#)123/2,31624316,2.631075,31651597,2.522804,4.202153e-02,0.039087,2.770000e+00
(17#)62,31887652,2.631962,31906867,2.523639,4.202767e-02,0.039129,2.768356e+00
(17#)125/2,31961998,2.630995,32162129,2.524462,4.133413e-02,0.039172,2.719621e+00
(17#)63,32354356,2.632298,32417381,2.525274,4.150766e-02,0.039217,2.729021e+00
(17#)127/2,32472961,2.632306,32672639,2.526073,4.119435e-02,0.039262,2.705746e+00
(17#)64,32919296,2.630170,32927837,2.526861,4.007066e-02,0.039308,2.628193e+00
(17#)129/2,33019706,2.628541,33183149,2.527637,3.914407e-02,0.039355,2.563944e+00
(17#)65,33279284,2.631961,33438359,2.528403,4.014132e-02,0.039403,2.628176e+00
(17#)131/2,33643406,2.629604,33554432,2.529157,3.894722e-02,0.039452,2.546056e+00
(17#)66,33777019,2.632037,33948883,2.529901,3.957790e-02,0.039502,2.585591e+00
(19#)7/2,34046093,2.632356,34204141,2.530635,3.940900e-02,0.039552,2.571829e+00
(17#)67,34266923,2.630062,34459423,2.531359,3.825111e-02,0.039604,2.492248e+00
(17#)135/2,34576216,2.634091,34714679,2.532073,3.949982e-02,0.039656,2.572574e+00
(17#)68,34954384,2.627883,34969931,2.532777,3.686225e-02,0.039709,2.395074e+00
(17#)137/2,35084837,2.631588,35225171,2.533471,3.799717e-02,0.039763,2.467545e+00
(17#)69,35316493,2.629890,35480443,2.534156,3.708138e-02,0.039818,2.404290e+00
(17#)139/2,35642969,2.631976,35735681,2.534833,3.760714e-02,0.039874,2.436249e+00
(17#)70,35899592,2.628367,35990951,2.535500,3.597188e-02,0.039930,2.325745e+00
(17#)141/2,36073241,2.633081,36246209,2.536158,3.750431e-02,0.039987,2.423863e+00
(17#)71,36398188,2.630918,36501463,2.536808,3.642624e-02,0.040045,2.350106e+00
(17#)143/2,36581563,2.629058,36756677,2.537450,3.546597e-02,0.040103,2.284318e+00
(17#)72,36973873,2.633653,37011911,2.538083,3.696278e-02,0.040163,2.379553e+00
(17#)145/2,37016704,2.630069,37267229,2.538708,3.535479e-02,0.040223,2.271362e+00
(17#)73,37496491,2.629585,37522483,2.539326,3.492735e-02,0.040283,2.240623e+00
(17#)147/2,37751653,2.626389,37777739,2.539935,3.347141e-02,0.040345,2.142868e+00
(17#)74,37963693,2.632427,38032991,2.540537,3.553076e-02,0.040407,2.274111e+00
(17#)149/2,38099641,2.633034,38288213,2.541132,3.552714e-02,0.040470,2.270867e+00
(17#)75,38387458,2.631562,38543501,2.541719,3.473696e-02,0.040533,2.216540e+00
(17#)151/2,38661856,2.632132,38798759,2.542299,3.472537e-02,0.040597,2.212799e+00
(19#)4,38836108,2.629723,39054013,2.542872,3.358437e-02,0.040662,2.135925e+00
(17#)153/2,39131578,2.631563,39309251,2.543438,3.406126e-02,0.040728,2.163745e+00
(17#)77,39347939,2.631460,39564521,2.543997,3.380236e-02,0.040794,2.144016e+00
(17#)155/2,39766889,2.633842,39819751,2.544549,3.449019e-02,0.040861,2.185287e+00
(17#)78,39934108,2.634013,40074989,2.545095,3.434056e-02,0.040928,2.172547e+00
(17#)157/2,40313531,2.634894,40330289,2.545635,3.446283e-02,0.040996,2.177261e+00
(17#)79,40519231,2.632190,40585543,2.546168,3.322672e-02,0.041065,2.094777e+00
(17#)159/2,40758841,2.633124,40840777,2.546695,3.337453e-02,0.041134,2.101157e+00
(17#)80,41026108,2.632692,41096053,2.547216,3.300590e-02,0.041204,2.074459e+00
(17#)161/2,41344276,2.629465,41351291,2.547731,3.157724e-02,0.041275,1.980230e+00
(17#)81,41405201,2.633644,41606533,2.548241,3.296512e-02,0.041346,2.065569e+00
(17#)163/2,41744774,2.631825,41861759,2.548744,3.207683e-02,0.041418,2.005915e+00
(17#)82,41954984,2.633679,42117067,2.549242,3.258567e-02,0.041490,2.035117e+00
(17#)165/2,42145777,2.633117,42372293,2.549734,3.217928e-02,0.041563,2.006183e+00
(17#)83,42624509,2.632990,42627569,2.550221,3.194006e-02,0.041636,1.987919e+00
(17#)167/2,42661672,2.632549,42882821,2.550702,3.158396e-02,0.041710,1.962287e+00
(17#)84,43062872,2.633218,43138079,2.551178,3.165146e-02,0.041785,1.963384e+00
(17#)169/2,43159756,2.631244,43393349,2.551649,3.071692e-02,0.041860,1.901457e+00
(17#)85,43543622,2.631252,43648601,2.552114,3.053774e-02,0.041936,1.887114e+00
(19#)9/2,43817623,2.631417,43903841,2.552575,3.041983e-02,0.042012,1.876654e+00
(17#)86,43986944,2.634464,44159107,2.553031,3.139846e-02,0.042089,1.934781e+00
(17#)173/2,44294533,2.631231,44414329,2.553482,2.999388e-02,0.042166,1.843879e+00
(17#)87,44528149,2.634733,44669621,2.553928,3.114928e-02,0.042244,1.912816e+00
(17#)175/2,44731231,2.634755,44924879,2.554369,3.098497e-02,0.042322,1.899390e+00
(17#)88,45173824,2.632683,45180133,2.554806,3.002719e-02,0.042401,1.836678e+00
(17#)177/2,45267808,2.635113,45435389,2.555238,3.078070e-02,0.042481,1.880252e+00
(17#)89,45561898,2.634634,45690641,2.555666,3.043142e-02,0.042561,1.855408e+00
(17#)179/2,45750142,2.633862,45945877,2.556089,2.997285e-02,0.042641,1.823902e+00
(17#)90,46085467,2.634998,46201139,2.556508,3.024016e-02,0.042722,1.837227e+00
(17#)181/2,46431778,2.632357,46456409,2.556922,2.907545e-02,0.042803,1.762376e+00
(17#)91,46594183,2.635729,46711627,2.557333,3.019489e-02,0.042885,1.828052e+00
(17#)183/2,46894108,2.633895,46966883,2.557739,2.934007e-02,0.042968,1.772389e+00
(17#)92,47087281,2.633008,47222159,2.558141,2.884610e-02,0.043051,1.739030e+00
(17#)185/2,47309188,2.633116,47477429,2.558540,2.873115e-02,0.043134,1.728938e+00
(17#)93,47622787,2.634875,47732611,2.558934,2.924498e-02,0.043218,1.757161e+00
(17#)187/2,47873767,2.635685,47987921,2.559324,2.939995e-02,0.043303,1.763411e+00
(17#)94,48190642,2.635323,48243193,2.559711,2.911139e-02,0.043388,1.742694e+00
(17#)189/2,48285199,2.635154,48498403,2.560094,2.889765e-02,0.043473,1.726589e+00
(19#)5,48626887,2.632639,48753673,2.560473,2.779476e-02,0.043559,1.656741e+00
(17#)191/2,48879484,2.633137,49008913,2.560848,2.783746e-02,0.043645,1.656295e+00
(17#)96,49187434,2.632998,49264213,2.561220,2.763941e-02,0.043732,1.641315e+00
(17#)193/2,49318109,2.635156,49519469,2.561588,2.831500e-02,0.043819,1.678906e+00
(17#)97,49635736,2.634741,49774723,2.561953,2.801503e-02,0.043907,1.657777e+00
(17#)195/2,49940141,2.633450,50029951,2.562314,2.738402e-02,0.043995,1.616911e+00
(17#)98,50141197,2.634563,50285233,2.562672,2.766686e-02,0.044084,1.630773e+00
(17#)197/2,50458396,2.635375,50540467,2.563026,2.783690e-02,0.043978,1.645118e+00
(17#)99,50608574,2.633957,50795713,2.563378,2.716136e-02,0.043799,1.611429e+00
(17#)199/2,50912011,2.636007,51050981,2.563725,2.780399e-02,0.043623,1.656970e+00
(17#)100,51198841,2.634543,51306247,2.564070,2.711389e-02,0.043448,1.622008e+00
(17#)201/2,51539167,2.635865,51561479,2.564412,2.748219e-02,0.043274,1.651176e+00
(17#)101,51716248,2.634955,51816749,2.564750,2.700510e-02,0.043102,1.628811e+00
(17#)203/2,52007056,2.633287,52072019,2.565086,2.624087e-02,0.042932,1.588582e+00
(17#)102,52116109,2.633243,52327243,2.565418,2.609474e-02,0.042763,1.586067e+00
(17#)205/2,52371376,2.633141,52582487,2.565747,2.592777e-02,0.042596,1.582167e+00
(17#)103,52646206,2.633595,52837747,2.566074,2.597273e-02,0.042430,1.591350e+00
(17#)207/2,52911227,2.635705,53093017,2.566397,2.664773e-02,0.042266,1.639805e+00
(17#)104,53265791,2.635671,53348287,2.566718,2.650976e-02,0.042103,1.637722e+00
(19#)11/2,53359531,2.635169,53603549,2.567035,2.619578e-02,0.041941,1.624520e+00
(17#)105,53699671,2.633020,53858797,2.567350,2.525724e-02,0.041781,1.571767e+00
(17#)211/2,54054124,2.635260,54114059,2.567663,2.598570e-02,0.041623,1.624030e+00
(17#)106,54226726,2.635112,54369311,2.567972,2.580920e-02,0.041466,1.619158e+00
(17#)213/2,54448969,2.634606,54624529,2.568279,2.549762e-02,0.041310,1.605592e+00
(17#)107,54684703,2.633856,54879793,2.568583,2.509455e-02,0.041155,1.586028e+00
(17#)215/2,55083529,2.633461,55135049,2.568885,2.482700e-02,0.041002,1.574948e+00
(17#)108,55192084,2.635633,55390327,2.569184,2.553504e-02,0.040850,1.626659e+00
(17#)217/2,55473001,2.636138,55645571,2.569480,2.561142e-02,0.040700,1.637789e+00
(17#)109,55853137,2.636086,55900837,2.569774,2.547728e-02,0.040551,1.635274e+00
(17#)219/2,56049046,2.635400,56156081,2.570066,2.510339e-02,0.040403,1.617058e+00
(17#)110,56165927,2.635609,56411353,2.570355,2.507025e-02,0.040256,1.620976e+00
(17#)221/2,56548759,2.635267,56666579,2.570641,2.482922e-02,0.040110,1.611219e+00
(17#)111,56673544,2.633961,56921863,2.570925,2.422304e-02,0.039966,1.577241e+00
(17#)223/2,56969719,2.635792,57177101,2.571207,2.480827e-02,0.039823,1.621801e+00
(17#)112,57242986,2.635920,57432373,2.571487,2.474794e-02,0.039681,1.623775e+00
(17#)225/2,57577804,2.636144,57687607,2.571764,2.472520e-02,0.039540,1.628225e+00
(17#)113,57712034,2.637007,57942883,2.572039,2.494559e-02,0.039400,1.648934e+00
(17#)227/2,57988096,2.635972,58198097,2.572312,2.444689e-02,0.039262,1.621415e+00
(19#)6,58327037,2.635784,58453393,2.572582,2.427061e-02,0.039125,1.615387e+00
(17#)229/2,58622908,2.634749,58708621,2.572851,2.377330e-02,0.038988,1.587617e+00
(17#)115,58803007,2.634830,58963889,2.573117,2.370066e-02,0.038853,1.588372e+00
(17#)231/2,59213989,2.635457,59219141,2.573381,2.383600e-02,0.038719,1.603244e+00
(17#)116,59297873,2.634889,59474407,2.573643,2.351865e-02,0.038586,1.587260e+00
(17#)233/2,59503861,2.637234,59729633,2.573903,2.430722e-02,0.038454,1.646929e+00
(17#)117,59774947,2.635060,59984921,2.574161,2.338230e-02,0.038323,1.589098e+00
(17#)235/2,60116767,2.634939,60240179,2.574416,2.323732e-02,0.038193,1.584662e+00
(17#)118,60336769,2.636403,60495433,2.574670,2.369412e-02,0.038064,1.621821e+00
(17#)237/2,60497854,2.634093,60750689,2.574922,2.271967e-02,0.037936,1.559759e+00
(17#)119,60816697,2.635280,61005929,2.575172,2.307311e-02,0.037810,1.589738e+00
(17#)239/2,61220564,2.635772,61261199,2.575420,2.316349e-02,0.037684,1.601529e+00
(17#)120,61395833,2.637005,61516447,2.575666,2.353566e-02,0.037559,1.633137e+00
(17#)241/2,61759091,2.633558,61771691,2.575910,2.213291e-02,0.037435,1.539949e+00
(17#)121,61983998,2.636409,62026961,2.576152,2.312095e-02,0.037312,1.614950e+00
(17#)243/2,62244289,2.637559,62282179,2.576393,2.346351e-02,0.037190,1.644689e+00
(17#)122,62376973,2.635962,62537473,2.576632,2.276508e-02,0.037068,1.600572e+00
(17#)245/2,62587496,2.633622,62792693,2.576868,2.178538e-02,0.036948,1.536051e+00
(17#)123,62989169,2.635139,63047981,2.577103,2.227003e-02,0.036829,1.575823e+00
(19#)13/2,63287786,2.637261,63303217,2.577337,2.298418e-02,0.036710,1.632362e+00
(17#)124,63537428,2.635042,63558491,2.577568,2.205280e-02,0.036593,1.570628e+00
(17#)249/2,63618773,2.633530,63813731,2.577798,2.138961e-02,0.036476,1.527909e+00
(17#)125,63890804,2.632723,64069003,2.578026,2.099468e-02,0.036360,1.504318e+00
(17#)251/2,64316048,2.636346,64324237,2.578253,2.228183e-02,0.036245,1.602787e+00
(17#)126,64424396,2.637243,64579511,2.578478,2.253475e-02,0.036131,1.626443e+00
(17#)253/2,64765823,2.636032,64834751,2.578701,2.198897e-02,0.036018,1.591732e+00
(17#)127,64931122,2.634970,65090021,2.578922,2.150031e-02,0.035905,1.561008e+00
(17#)255/2,65322134,2.633716,65345279,2.579142,2.093899e-02,0.035794,1.524669e+00
(17#)128,65582632,2.636488,65600489,2.579361,2.190603e-02,0.035683,1.600958e+00
(17#)257/2,65836588,2.636090,65855771,2.579578,2.167094e-02,0.035573,1.588621e+00
(17#)129,65963042,2.635804,66111043,2.579793,2.147910e-02,0.035463,1.579421e+00
(17#)259/2,66330947,2.636673,66366281,2.580007,2.172578e-02,0.035355,1.602772e+00
(17#)130,66475847,2.636600,66621551,2.580219,2.161593e-02,0.035247,1.599597e+00
(17#)261/2,66759878,2.632266,66876791,2.580430,1.988902e-02,0.035140,1.475128e+00
(17#)131,67003604,2.638001,67108864,2.580639,2.198439e-02,0.035034,1.637324e+00
(17#)263/2,67307957,2.635541,67387291,2.580847,2.097083e-02,0.034928,1.565907e+00
(17#)132,67561558,2.637463,67642571,2.581053,2.162002e-02,0.034823,1.619906e+00
(17#)265/2,67837898,2.635003,67897807,2.581258,2.060744e-02,0.034719,1.548000e+00
(19#)7,68084449,2.637449,68153077,2.581461,2.145664e-02,0.034616,1.617402e+00
(17#)267/2,68374573,2.637397,68408339,2.581663,2.135868e-02,0.034514,1.614823e+00
(17#)134,68573404,2.636503,68663593,2.581864,2.094180e-02,0.034412,1.587789e+00
(17#)269/2,68827744,2.637719,68918771,2.582063,2.132584e-02,0.034311,1.622104e+00
(17#)135,68941876,2.637597,69174101,2.582261,2.120290e-02,0.034210,1.617539e+00
(17#)271/2,69300487,2.639059,69429337,2.582458,2.168076e-02,0.034110,1.659367e+00
(17#)136,69484453,2.638006,69684611,2.582653,2.120616e-02,0.034011,1.627503e+00
(17#)273/2,69727604,2.637982,69939847,2.582847,2.112195e-02,0.033913,1.625778e+00
(17#)137,70017487,2.636601,70195093,2.583039,2.052397e-02,0.033815,1.583972e+00
(17#)275/2,70230652,2.636101,70450379,2.583231,2.025999e-02,0.033718,1.568005e+00
(17#)138,70519193,2.637251,70705627,2.583421,2.062260e-02,0.033621,1.601083e+00
(17#)277/2,70943798,2.635591,70960871,2.583609,1.992019e-02,0.033525,1.550544e+00
(17#)139,71076134,2.638363,71216129,2.583797,2.089863e-02,0.033430,1.632246e+00
(17#)279/2,71221001,2.638419,71471363,2.583983,2.084787e-02,0.033336,1.632949e+00
(17#)140,71656906,2.638110,71726651,2.584168,2.065915e-02,0.033242,1.622706e+00
(17#)281/2,71735264,2.638721,71981879,2.584352,2.081953e-02,0.033148,1.640189e+00
(17#)141,72112511,2.637571,72237163,2.584535,2.031281e-02,0.033056,1.604429e+00
(17#)283/2,72336923,2.639129,72492419,2.584716,2.083330e-02,0.032963,1.650730e+00
(17#)142,72721048,2.636909,72747673,2.584896,1.992212e-02,0.032872,1.582289e+00
(19#)15/2,72970318,2.636999,73002877,2.585076,1.988662e-02,0.032781,1.583936e+00
(17#)143,73162897,2.637547,73258169,2.585253,2.002594e-02,0.032691,1.599645e+00
(17#)287/2,73416388,2.639578,73513421,2.585430,2.072722e-02,0.032601,1.660931e+00
(17#)144,73679659,2.637208,73768691,2.585606,1.976087e-02,0.032512,1.587168e+00
(17#)289/2,73865923,2.637441,74023903,2.585780,1.978193e-02,0.032423,1.593344e+00
(17#)145,74198197,2.636120,74279201,2.585954,1.921365e-02,0.032335,1.551446e+00
(17#)291/2,74415724,2.637634,74534459,2.586126,1.972130e-02,0.032248,1.597246e+00
(17#)146,74595188,2.638243,74789713,2.586297,1.988604e-02,0.032161,1.615186e+00
(17#)293/2,74903176,2.637385,75044969,2.586468,1.949466e-02,0.032074,1.587485e+00
(17#)147,75214519,2.637605,75300223,2.586637,1.951273e-02,0.031988,1.593348e+00
(17#)295/2,75547741,2.637880,75555479,2.586805,1.955204e-02,0.031903,1.600947e+00
(17#)148,75693764,2.637004,75810697,2.586972,1.915534e-02,0.031818,1.572443e+00
(17#)297/2,75996457,2.636998,76065989,2.587138,1.908890e-02,0.031734,1.571185e+00
(17#)149,76103812,2.635696,76321207,2.587303,1.853126e-02,0.031650,1.529005e+00
(17#)299/2,76519952,2.637322,76576477,2.587466,1.908499e-02,0.031567,1.579371e+00
(17#)150,76801957,2.637580,76831739,2.587629,1.911982e-02,0.031484,1.586552e+00
(17#)301/2,77046511,2.637491,77086979,2.587791,1.902347e-02,0.031402,1.582702e+00
(17#)151,77118317,2.636486,77342257,2.587952,1.858014e-02,0.031320,1.549617e+00
(17#)303/2,77547046,2.634729,77597441,2.588112,1.785168e-02,0.031239,1.492269e+00
(19#)8,77647972,2.636782,77852771,2.588271,1.856915e-02,0.031159,1.556886e+00
(17#)305/2,77874982,2.638674,78108001,2.588429,1.922539e-02,0.031078,1.616739e+00
(17#)153,78275107,2.638349,78363281,2.588586,1.904156e-02,0.030999,1.605310e+00
(17#)307/2,78486157,2.635975,78618521,2.588742,1.808109e-02,0.030919,1.527637e+00
(17#)154,78822322,2.634340,78873787,2.588897,1.740076e-02,0.030841,1.473461e+00
(17#)309/2,78966427,2.638268,79129049,2.589052,1.883086e-02,0.030762,1.599896e+00
(17#)155,79340026,2.638984,79384289,2.589205,1.904312e-02,0.030684,1.622311e+00
(17#)311/2,79589386,2.634917,79639537,2.589357,1.744210e-02,0.030607,1.488548e+00
(17#)156,79813457,2.637192,79894807,2.589509,1.824643e-02,0.030530,1.561841e+00
(17#)313/2,79993982,2.637292,80150047,2.589659,1.822643e-02,0.030454,1.564097e+00
(17#)157,80189056,2.636042,80405279,2.589809,1.769442e-02,0.030378,1.521924e+00
(17#)315/2,80483692,2.637151,80660579,2.589958,1.805751e-02,0.030302,1.557422e+00
(17#)158,80775787,2.638658,80915819,2.590106,1.857165e-02,0.030227,1.606246e+00
(17#)317/2,81090704,2.637190,81171061,2.590253,1.795840e-02,0.030152,1.556679e+00
(17#)159,81205606,2.638884,81426337,2.590399,1.854418e-02,0.030078,1.611976e+00
(17#)319/2,81457762,2.636467,81681563,2.590545,1.757149e-02,0.030004,1.530529e+00
(17#)160,81745228,2.639338,81936851,2.590689,1.860426e-02,0.029931,1.625372e+00
(17#)321/2,81948434,2.636703,82192109,2.590833,1.754983e-02,0.029858,1.536272e+00
(17#)161,82299649,2.636581,82447357,2.590976,1.744836e-02,0.029785,1.531140e+00
(19#)17/2,82476448,2.635786,82702597,2.591118,1.709199e-02,0.029713,1.503315e+00
(17#)162,82772831,2.636570,82957873,2.591259,1.733497e-02,0.029641,1.528660e+00
(17#)325/2,82974277,2.638083,83213071,2.591400,1.785425e-02,0.029570,1.578728e+00
(17#)163,83270389,2.638021,83468347,2.591540,1.777672e-02,0.029499,1.575681e+00
(17#)327/2,83573866,2.635813,83723639,2.591678,1.688613e-02,0.029428,1.499762e+00
(17#)164,83908249,2.637948,83978893,2.591817,1.764217e-02,0.029358,1.571326e+00
(17#)329/2,84107501,2.638511,84234149,2.591954,1.780271e-02,0.029288,1.589627e+00
(17#)165,84251312,2.638312,84489347,2.592091,1.767443e-02,0.029219,1.581882e+00
(17#)331/2,84692869,2.638572,84744659,2.592226,1.772090e-02,0.029150,1.589914e+00
(17#)166,84806881,2.637017,84999913,2.592361,1.707931e-02,0.029081,1.535573e+00
(17#)333/2,85253866,2.638908,85255169,2.592496,1.774408e-02,0.029013,1.599697e+00
(17#)167,85368512,2.638315,85510423,2.592629,1.746804e-02,0.028945,1.578373e+00
(17#)335/2,85668334,2.637413,85765679,2.592762,1.707480e-02,0.028878,1.546194e+00
(17#)168,85894337,2.638894,86020871,2.592894,1.758526e-02,0.028811,1.596612e+00
(17#)337/2,86057368,2.638057,86276167,2.593026,1.721713e-02,0.028744,1.566623e+00
(17#)169,86277679,2.638048,86531429,2.593156,1.716358e-02,0.028678,1.565381e+00
(17#)339/2,86635817,2.639347,86786681,2.593286,1.760574e-02,0.028612,1.609849e+00
(17#)170,86986723,2.638438,87041951,2.593416,1.721115e-02,0.028546,1.577174e+00
(17#)341/2,87237119,2.638759,87297169,2.593544,1.728345e-02,0.028481,1.587550e+00
(19#)9,87336859,2.639474,87552457,2.593672,1.750502e-02,0.028416,1.611838e+00
(17#)343/2,87739513,2.640518,87807719,2.593799,1.785151e-02,0.028351,1.647878e+00
(17#)172,87907256,2.639516,88062899,2.593926,1.742301e-02,0.028287,1.611694e+00
(17#)345/2,88317857,2.637953,88318211,2.594052,1.678211e-02,0.028223,1.555504e+00
(17#)173,88332746,2.639604,88573477,2.594177,1.735959e-02,0.028160,1.613175e+00
(17#)347/2,88779079,2.639884,88828721,2.594301,1.741786e-02,0.028096,1.622402e+00
(17#)174,88877512,2.639661,89083993,2.594425,1.728559e-02,0.028034,1.613612e+00
(17#)349/2,89108666,2.637577,89339221,2.594548,1.644837e-02,0.027971,1.538343e+00
(17#)175,89533657,2.638480,89594503,2.594671,1.674327e-02,0.027909,1.569709e+00
(17#)351/2,89819974,2.638140,89849731,2.594793,1.656738e-02,0.027847,1.556613e+00
(17#)176,90020452,2.637408,90105013,2.594914,1.624324e-02,0.027785,1.529386e+00
(17#)353/2,90240302,2.637067,90360241,2.595034,1.606770e-02,0.027724,1.516123e+00
(17#)177,90408334,2.637155,90615509,2.595154,1.605482e-02,0.027663,1.518310e+00
(17#)355/2,90811001,2.636897,90870761,2.595274,1.591075e-02,0.027603,1.507916e+00
(17#)178,90875329,2.638249,91126003,2.595392,1.637787e-02,0.027542,1.556060e+00
(17#)357/2,91148602,2.639899,91381271,2.595511,1.695724e-02,0.027482,1.615166e+00
(17#)179,91405261,2.638676,91636541,2.595628,1.644879e-02,0.027423,1.569777e+00
(17#)359/2,91757573,2.638221,91891799,2.595745,1.623126e-02,0.027363,1.552315e+00
(17#)180,92067589,2.638822,92147051,2.595861,1.641435e-02,0.027304,1.573432e+00
(19#)19/2,92385088,2.637805,92402281,2.595977,1.598419e-02,0.027245,1.535254e+00
(17#)181,92519813,2.637801,92657519,2.596092,1.593838e-02,0.027187,1.534152e+00
(17#)363/2,92901394,2.637219,92912789,2.596207,1.567342e-02,0.027129,1.511740e+00
(17#)182,92977351,2.636052,93168073,2.596321,1.518690e-02,0.027071,1.467659e+00
(17#)365/2,93168766,2.638208,93423329,2.596434,1.596093e-02,0.027013,1.546441e+00
(17#)183,93595127,2.639289,93678581,2.596547,1.632708e-02,0.026956,1.585621e+00
(17#)367/2,93719959,2.639809,93933809,2.596659,1.648095e-02,0.026899,1.604149e+00
(17#)184,94104617,2.639076,94189091,2.596771,1.616011e-02,0.026842,1.576075e+00
(17#)369/2,94231087,2.638209,94444331,2.596882,1.578878e-02,0.026786,1.542858e+00
(17#)185,94591381,2.639222,94699573,2.596992,1.613032e-02,0.026730,1.579873e+00
(17#)371/2,94942972,2.637647,94954859,2.597102,1.549102e-02,0.026674,1.520019e+00
(17#)186,95018488,2.639047,95210113,2.597212,1.597931e-02,0.026618,1.571681e+00
(17#)373/2,95327212,2.640352,95465369,2.597321,1.643171e-02,0.026563,1.619960e+00
(17#)187,95638024,2.638354,95720551,2.597429,1.563313e-02,0.026508,1.543874e+00
(17#)375/2,95862097,2.640045,95975861,2.597537,1.623227e-02,0.026453,1.606925e+00
(17#)188,96228532,2.639652,96231133,2.597644,1.604221e-02,0.026398,1.591333e+00
(17#)377/2,96281998,2.635636,96486371,2.597751,1.447845e-02,0.026344,1.438088e+00
(17#)189,96590467,2.639794,96741613,2.597857,1.601401e-02,0.026290,1.595169e+00
(17#)379/2,96761953,2.639482,96996877,2.597963,1.585501e-02,0.026237,1.582460e+00
(19#)10,97088941,2.637926,97252153,2.598068,1.522491e-02,0.026183,1.522285e+00
(17#)381/2,97285939,2.639383,97507391,2.598173,1.573667e-02,0.026130,1.577114e+00
(17#)191,97680082,2.638759,97762663,2.598277,1.546020e-02,0.026077,1.552403e+00
(17#)383/2,97795063,2.639579,98017901,2.598381,1.573088e-02,0.026024,1.583077e+00
(17#)192,98047841,2.640364,98273143,2.598484,1.598859e-02,0.025972,1.612506e+00
(17#)385/2,98359288,2.640322,98528401,2.598587,1.593304e-02,0.025920,1.610147e+00
(17#)193,98775877,2.639451,98783677,2.598689,1.556385e-02,0.025868,1.575769e+00
(17#)387/2,98843674,2.640498,99038939,2.598791,1.592120e-02,0.025816,1.615548e+00
(17#)194,99073283,2.639764,99294187,2.598892,1.560432e-02,0.025764,1.586400e+00
(17#)389/2,99515047,2.639813,99549449,2.598993,1.558402e-02,0.025713,1.587524e+00
(17#)195,99768322,2.637211,99804697,2.599093,1.455938e-02,0.025662,1.485387e+00
(17#)391/2,99946831,2.638389,100059937,2.599193,1.496749e-02,0.025612,1.530376e+00
(17#)196,100111906,2.638212,100315157,2.599293,1.486193e-02,0.025561,1.522593e+00
(17#)393/2,100388272,2.639528,100570441,2.599392,1.532254e-02,0.025511,1.573282e+00
(17#)197,100693913,2.639089,100825667,2.599490,1.511851e-02,0.025461,1.555281e+00
(17#)395/2,101034746,2.641022,101080961,2.599588,1.581299e-02,0.025411,1.630554e+00
(17#)198,101260834,2.638852,101336233,2.599686,1.495331e-02,0.025362,1.544279e+00
(17#)397/2,101352367,2.639342,101591467,2.599783,1.510166e-02,0.025312,1.562856e+00
(17#)199,101621434,2.637634,101846741,2.599879,1.441740e-02,0.025263,1.494478e+00
(19#)21/2,101991091,2.639018,102101971,2.599975,1.490505e-02,0.025214,1.548465e+00
(17#)200,102196747,2.638929,102357239,2.600071,1.483440e-02,0.025166,1.544067e+00
(17#)401/2,102382802,2.637417,102612481,2.600166,1.422474e-02,0.025117,1.483099e+00
(17#)201,102817096,2.639161,102867757,2.600261,1.484924e-02,0.025069,1.551717e+00
(17#)403/2,103122529,2.639256,103122997,2.600356,1.484870e-02,0.025021,1.554694e+00
(17#)202,103320814,2.640236,103378271,2.600450,1.518380e-02,0.024973,1.593161e+00
(17#)405/2,103389514,2.639476,103633477,2.600543,1.486014e-02,0.024926,1.561943e+00
(17#)203,103821217,2.637721,103888783,2.600636,1.415926e-02,0.024878,1.490674e+00
(17#)407/2,103945861,2.637746,104144009,2.600729,1.413297e-02,0.024831,1.490758e+00
(17#)204,104239084,2.640232,104399293,2.600821,1.503963e-02,0.024784,1.590179e+00
(17#)409/2,104612386,2.639666,104654549,2.600913,1.478986e-02,0.024738,1.566537e+00
(17#)205,104680729,2.639588,104909803,2.601005,1.472494e-02,0.024691,1.562634e+00
(17#)411/2,104983624,2.639516,105165059,2.601096,1.466267e-02,0.024645,1.558937e+00
(17#)206,105392479,2.636846,105420311,2.601186,1.361601e-02,0.024599,1.449652e+00
(17#)413/2,105589153,2.638582,105675569,2.601277,1.423917e-02,0.024553,1.519366e+00
(17#)207,105751579,2.641308,105930787,2.601366,1.523756e-02,0.024507,1.629820e+00
(17#)415/2,106101026,2.638222,106186037,2.601456,1.403392e-02,0.024462,1.502984e+00
(17#)208,106267321,2.639040,106441273,2.601545,1.430972e-02,0.024417,1.535610e+00
(17#)417/2,106519801,2.639658,106696589,2.601634,1.450965e-02,0.024372,1.560151e+00
(19#)11,106738804,2.639706,106951841,2.601722,1.449401e-02,0.024327,1.561393e+00
(17#)419/2,107167198,2.640604,107207099,2.601810,1.480032e-02,0.024282,1.597644e+00
(17#)210,107225416,2.639657,107462339,2.601897,1.440819e-02,0.024238,1.557884e+00
(17#)421/2,107655619,2.638636,107717609,2.601984,1.398789e-02,0.024194,1.514921e+00
(17#)211,107972233,2.639745,107972863,2.602071,1.437466e-02,0.024149,1.560065e+00
(17#)423/2,108107212,2.638805,108228083,2.602157,1.398545e-02,0.024106,1.520285e+00
(17#)212,108237937,2.639201,108483373,2.602243,1.410245e-02,0.024062,1.535949e+00
(17#)425/2,108679906,2.639922,108738611,2.602329,1.434256e-02,0.024018,1.565201e+00
(17#)213,108743017,2.638278,108993883,2.602414,1.368696e-02,0.023975,1.495892e+00
(17#)427/2,109080151,2.639030,109249139,2.602499,1.393929e-02,0.023932,1.526450e+00
(17#)214,109485668,2.640213,109504363,2.602583,1.435518e-02,0.023889,1.575202e+00
(17#)429/2,109695448,2.639208,109759627,2.602667,1.394218e-02,0.023846,1.532374e+00
(17#)215,109966684,2.640010,110014873,2.602751,1.421374e-02,0.023804,1.565241e+00
(17#)431/2,110067109,2.640378,110270117,2.602835,1.432085e-02,0.023761,1.580026e+00
(17#)216,110442529,2.636421,110525407,2.602918,1.278919e-02,0.023719,1.412496e+00
(17#)433/2,110725558,2.639394,110780641,2.603000,1.388472e-02,0.023677,1.537104e+00
(17#)217,110996521,2.639285,111035923,2.603083,1.381154e-02,0.023635,1.531711e+00
(17#)435/2,111052807,2.640713,111291161,2.603165,1.432094e-02,0.023594,1.591422e+00
(17#)218,111443336,2.639024,111546433,2.603246,1.365002e-02,0.023552,1.519107e+00
