START,n_geom,C_avg,Cpred_avg,Lambda_avg
4,4,3.843624,2.870137,2.920559e-01
5,5,2.590290,4.266093,-4.989285e-01
6,6,3.210402,5.413807,-5.225564e-01
8,8,2.162039,2.814638,-2.637820e-01
9,9,4.827796,5.820367,-1.869733e-01
10,10,2.120759,3.855372,-5.976934e-01
12,12,4.116507,5.565937,-3.016603e-01
13,13,2.192988,3.090238,-3.429828e-01
14,14,1.989892,3.390541,-5.329090e-01
5PRD2,21,2.633998,4.111117,-4.451918e-01
5PR,36,2.876782,4.147299,-3.657852e-01
5PR3D2,52,3.324713,4.063346,-2.006233e-01
5PR2,67,3.469063,4.100988,-1.673436e-01
5PR5D2,82,3.512849,4.098184,-1.541167e-01
5PR3,97,3.245242,4.068574,-2.261026e-01
7PRD2,112,3.577188,4.152495,-1.491323e-01
5PR4,127,3.760342,4.081898,-8.205231e-02
5PR9D2,142,3.435240,4.060931,-1.673256e-01
5PR5,157,3.400776,4.039213,-1.720462e-01
5PR11D2,172,3.595329,4.116964,-1.354806e-01
5PR6,187,3.875746,4.055034,-4.522093e-02
5PR13D2,202,3.549984,4.104892,-1.452364e-01
7PR,217,3.643744,4.099784,-1.179227e-01
5PR15D2,232,3.386986,4.092731,-1.892719e-01
5PR8,247,3.644143,4.054909,-1.068070e-01
5PR17D2,262,3.641143,4.051946,-1.068995e-01
5PR9,277,3.604857,4.072186,-1.218977e-01
5PR19D2,292,3.835434,4.112268,-6.969229e-02
5PR10,307,3.852221,4.020101,-4.265712e-02
7PR3D2,322,3.848927,4.104510,-6.429199e-02
5PR11,337,3.814751,4.093321,-7.048122e-02
5PR23D2,352,3.812565,4.078915,-6.752872e-02
5PR12,367,3.603982,4.053181,-1.174626e-01
5PR25D2,382,3.609332,4.034619,-1.113892e-01
5PR13,397,3.493630,4.100355,-1.601324e-01
5PR27D2,412,3.760777,4.038821,-7.132726e-02
7PR2,427,3.810424,4.120178,-7.815585e-02
5PR29D2,442,4.104867,4.047668,1.403254e-02
5PR15,457,3.989478,4.110325,-2.984179e-02
5PR31D2,472,3.818292,4.023960,-5.246336e-02
5PR16,487,3.612001,4.068712,-1.190644e-01
5PR33D2,502,3.868767,4.065199,-4.952688e-02
5PR17,517,3.912217,4.029710,-2.959031e-02
7PR5D2,532,3.817657,4.135844,-8.005462e-02
5PR18,547,3.840468,4.056302,-5.467764e-02
5PR37D2,562,3.620023,4.068753,-1.168562e-01
5PR19,577,3.703510,4.031848,-8.494368e-02
5PR39D2,592,3.860058,4.099205,-6.011085e-02
5PR20,607,3.829508,4.044981,-5.474049e-02
5PR41D2,622,3.819727,4.073583,-6.434407e-02
7PR3,637,3.791617,4.065267,-6.968686e-02
5PR43D2,652,3.782370,4.041706,-6.631608e-02
5PR22,667,3.875934,4.124831,-6.223847e-02
5PR45D2,682,3.849407,4.004487,-3.949660e-02
5PR23,697,3.939480,4.111264,-4.268178e-02
5PR47D2,712,3.962780,4.051921,-2.224515e-02
5PR24,727,3.841887,3.998775,-4.002436e-02
7PR7D2,742,4.196813,4.145239,1.236494e-02
5PR25,757,3.951471,4.033868,-2.063790e-02
5PR51D2,772,3.867464,4.068980,-5.079325e-02
5PR26,787,3.860158,4.059649,-5.038829e-02
5PR53D2,802,3.869580,4.059630,-4.794593e-02
5PR27,817,3.804628,4.048772,-6.219520e-02
5PR55D2,832,3.989217,4.044592,-1.378562e-02
7PR4,847,3.938706,4.088456,-3.731516e-02
5PR57D2,862,3.918843,4.101293,-4.550602e-02
5PR29,877,4.052501,4.058916,-1.581827e-03
5PR59D2,892,3.949773,4.033426,-2.095816e-02
5PR30,907,3.780001,4.064787,-7.263709e-02
5PR61D2,922,3.763695,4.053398,-7.415428e-02
5PR31,937,3.707657,4.022543,-8.151413e-02
7PR9D2,952,3.745684,4.124529,-9.634757e-02
5PR32,967,3.873249,4.045981,-4.363024e-02
5PR65D2,982,3.779940,4.087387,-7.819794e-02
5PR33,997,3.802746,4.028535,-5.767927e-02
5PR67D2,1012,3.775322,4.035939,-6.675333e-02
5PR34,1027,3.986142,4.091310,-2.604143e-02
5PR69D2,1042,3.809638,4.013576,-5.214864e-02
7PR5,1057,4.027402,4.107318,-1.964865e-02
5PR71D2,1072,4.035682,4.072007,-8.960760e-03
5PR36,1087,4.127243,4.072165,1.343478e-02
5PR73D2,1102,3.945217,4.013618,-1.718899e-02
5PR37,1117,4.106924,4.093407,3.296869e-03
5PR75D2,1132,4.009979,4.029501,-4.856329e-03
5PR38,1147,3.914328,3.986987,-1.839217e-02
11PRD2,1206,3.934787,4.066096,-3.282661e-02
7PR6,1311,3.861564,4.056123,-4.915536e-02
7PR13D2,1416,3.893630,4.058656,-4.151006e-02
7PR7,1521,3.844801,4.057023,-5.372768e-02
7PR15D2,1626,3.994843,4.057375,-1.553195e-02
7PR8,1731,3.840676,4.054329,-5.413685e-02
7PR17D2,1836,4.002059,4.059907,-1.435114e-02
7PR9,1941,4.008652,4.050431,-1.036826e-02
7PR19D2,2046,3.923622,4.054266,-3.275444e-02
7PR10,2151,3.871467,4.054759,-4.625786e-02
7PR21D2,2256,3.834199,4.049361,-5.459853e-02
11PR,2361,3.941892,4.058853,-2.923973e-02
7PR23D2,2466,3.949622,4.052954,-2.582608e-02
7PR12,2571,3.967332,4.055017,-2.186114e-02
7PR25D2,2676,3.944872,4.046580,-2.545573e-02
7PR13,2782,4.016696,4.056091,-9.760043e-03
7PR27D2,2887,4.011164,4.052522,-1.025802e-02
7PR14,2992,3.961016,4.051759,-2.265036e-02
7PR29D2,3097,3.958835,4.052138,-2.329498e-02
7PR15,3202,3.902501,4.049716,-3.702910e-02
7PR31D2,3307,3.906135,4.051199,-3.646444e-02
7PR16,3412,3.934967,4.043316,-2.716277e-02
11PR3D2,3517,3.925535,4.058053,-3.320059e-02
7PR17,3622,3.909336,4.053420,-3.619338e-02
7PR35D2,3727,3.952744,4.045012,-2.307452e-02
7PR18,3832,3.956936,4.049350,-2.308644e-02
7PR37D2,3937,4.031398,4.046217,-3.669195e-03
7PR19,4042,3.955871,4.058063,-2.550489e-02
7PR39D2,4147,3.964585,4.050032,-2.132359e-02
7PR20,4252,4.026057,4.050210,-5.981094e-03
7PR41D2,4357,3.961867,4.047391,-2.135709e-02
7PR21,4462,3.990033,4.047303,-1.425124e-02
7PR43D2,4567,3.997206,4.045240,-1.194526e-02
11PR2,4672,4.016742,4.051351,-8.579321e-03
7PR45D2,4777,3.959576,4.049042,-2.234335e-02
7PR23,4882,3.940226,4.047990,-2.698241e-02
7PR47D2,4987,3.928459,4.051274,-3.078429e-02
7PR24,5092,3.991574,4.043093,-1.282428e-02
7PR49D2,5197,4.029584,4.053571,-5.935124e-03
7PR25,5302,3.987333,4.040015,-1.312578e-02
7PR51D2,5407,3.958874,4.053813,-2.369812e-02
7PR26,5512,3.932998,4.046617,-2.847923e-02
7PR53D2,5617,3.935196,4.050186,-2.880209e-02
7PR27,5722,3.886062,4.043184,-3.963613e-02
11PR5D2,5827,3.949550,4.049530,-2.499904e-02
7PR28,5932,3.965007,4.048104,-2.074110e-02
7PR57D2,6037,3.969178,4.043884,-1.864657e-02
7PR29,6142,3.971519,4.048589,-1.921963e-02
7PR59D2,6247,4.002366,4.046154,-1.088108e-02
7PR30,6352,4.044700,4.049600,-1.210674e-03
7PR61D2,6457,4.017797,4.042111,-6.033240e-03
7PR31,6562,4.059555,4.051086,2.088459e-03
7PR63D2,6667,4.043818,4.043685,3.265013e-05
7PR32,6772,3.992505,4.044180,-1.285996e-02
7PR65D2,6877,4.055639,4.046031,2.371928e-03
11PR3,6982,4.034484,4.050991,-4.083170e-03
7PR67D2,7087,4.008336,4.048563,-9.985942e-03
7PR34,7192,4.006742,4.043677,-9.175883e-03
7PR69D2,7297,3.982325,4.047296,-1.618332e-02
7PR35,7402,3.981201,4.045293,-1.597043e-02
7PR71D2,7507,3.968242,4.043564,-1.880339e-02
7PR36,7612,3.972123,4.048803,-1.912052e-02
7PR73D2,7717,3.945572,4.044696,-2.481266e-02
7PR37,7822,3.939594,4.045133,-2.643668e-02
7PR75D2,7927,3.925289,4.041310,-2.912893e-02
7PR38,8032,3.952136,4.044513,-2.310493e-02
11PR7D2,8137,3.953393,4.049984,-2.413873e-02
7PR39,8242,3.956252,4.047957,-2.291515e-02
7PR79D2,8347,3.967198,4.046733,-1.984986e-02
7PR40,8452,4.005788,4.043484,-9.366428e-03
7PR81D2,8557,3.959131,4.040909,-2.044502e-02
7PR41,8662,4.000405,4.047354,-1.166771e-02
7PR83D2,8767,4.001009,4.045442,-1.104422e-02
7PR42,8872,4.004901,4.041994,-9.219480e-03
7PR85D2,8977,4.002710,4.049618,-1.165071e-02
7PR43,9082,3.981217,4.041700,-1.507782e-02
7PR87D2,9187,4.001248,4.042173,-1.017627e-02
11PR4,9292,4.012813,4.047587,-8.628300e-03
7PR89D2,9397,4.007555,4.046214,-9.600301e-03
7PR45,9502,3.954109,4.041113,-2.176492e-02
7PR91D2,9607,3.959602,4.048398,-2.217756e-02
7PR46,9712,3.979257,4.041818,-1.559948e-02
7PR93D2,9817,4.001682,4.050943,-1.223484e-02
7PR47,9922,3.985420,4.036513,-1.273836e-02
7PR95D2,10027,3.995647,4.049083,-1.328495e-02
7PR48,10132,3.973715,4.041625,-1.694556e-02
7PR97D2,10237,3.994393,4.043750,-1.228100e-02
7PR49,10342,4.024021,4.041034,-4.218835e-03
11PR9D2,10447,4.027247,4.049152,-5.424470e-03
7PR50,10552,4.035725,4.043083,-1.821627e-03
7PR101D2,10657,4.053754,4.040995,3.152330e-03
7PR51,10762,4.070227,4.048455,5.363512e-03
7PR103D2,10867,4.004331,4.039095,-8.644118e-03
7PR52,10972,4.036042,4.050094,-3.475385e-03
7PR105D2,11077,3.992546,4.040993,-1.206133e-02
7PR53,11182,4.025832,4.048668,-5.656214e-03
7PR107D2,11287,3.981372,4.039031,-1.437834e-02
7PR54,11392,4.001539,4.043664,-1.047229e-02
7PR109D2,11497,3.971368,4.039290,-1.695830e-02
11PR5,11602,4.004036,4.044003,-9.932198e-03
7PR111D2,11707,3.996074,4.047535,-1.279545e-02
7PR56,11812,3.976595,4.040638,-1.597672e-02
7PR113D2,11917,3.981940,4.041351,-1.481000e-02
7PR57,12022,4.002692,4.041279,-9.594068e-03
7PR115D2,12127,4.044790,4.048323,-8.729502e-04
7PR58,12232,4.019047,4.044169,-6.231275e-03
7PR117D2,12337,4.042544,4.043658,-2.754883e-04
7PR59,12442,4.009926,4.040547,-7.607289e-03
7PR119D2,12547,4.017812,4.050772,-8.170021e-03
7PR60,12652,3.944461,4.033881,-2.241655e-02
11PR11D2,12757,3.949004,4.047848,-2.472191e-02
7PR61,12862,3.934691,4.043442,-2.726400e-02
7PR123D2,12967,3.968793,4.038792,-1.748354e-02
7PR62,13072,3.980025,4.048155,-1.697308e-02
7PR125D2,13177,3.977088,4.042288,-1.626085e-02
7PR63,13282,3.958165,4.040984,-2.070785e-02
7PR127D2,13387,3.984332,4.041339,-1.420633e-02
7PR64,13492,4.007290,4.044175,-9.162586e-03
7PR129D2,13597,3.987941,4.035130,-1.176340e-02
7PR65,13702,3.991798,4.050836,-1.468157e-02
7PR131D2,13807,3.982027,4.039975,-1.444770e-02
11PR6,13912,3.985947,4.044510,-1.458553e-02
7PR133D2,14017,3.956587,4.043851,-2.181566e-02
7PR67,14122,3.976917,4.041577,-1.612806e-02
7PR135D2,14227,3.967667,4.042102,-1.858671e-02
7PR68,14332,3.989706,4.043707,-1.344435e-02
7PR137D2,14437,3.994566,4.042370,-1.189613e-02
7PR69,14542,4.003207,4.042224,-9.699253e-03
7PR139D2,14647,4.007548,4.042724,-8.739145e-03
7PR70,14752,4.017751,4.038432,-5.134325e-03
7PR141D2,14857,4.036712,4.044516,-1.931560e-03
7PR71,14962,4.021344,4.036067,-3.654404e-03
13PRD2,15581,4.022986,4.042544,-4.849722e-03
11PR7,16737,4.017232,4.041454,-6.011360e-03
11PR15D2,17893,4.009270,4.041473,-7.999919e-03
11PR8,19048,3.999206,4.040729,-1.032908e-02
11PR17D2,20204,3.982392,4.041176,-1.465303e-02
11PR9,21359,3.983191,4.040668,-1.432671e-02
11PR19D2,22515,4.019335,4.040177,-5.172007e-03
11PR10,23670,4.027253,4.040334,-3.242951e-03
11PR21D2,24825,4.024633,4.039769,-3.753605e-03
11PR11,25981,4.000939,4.039896,-9.689746e-03
11PR23D2,27136,4.000845,4.039502,-9.615820e-03
11PR12,28291,4.029672,4.039491,-2.433596e-03
11PR25D2,29446,4.023199,4.038614,-3.824279e-03
13PR,30602,4.005681,4.039601,-8.432434e-03
11PR27D2,31757,3.986567,4.039123,-1.309716e-02
11PR14,32912,4.000521,4.038225,-9.380492e-03
11PR29D2,34067,4.007956,4.038861,-7.681247e-03
11PR15,35222,4.012041,4.038534,-6.581666e-03
11PR31D2,36377,4.001639,4.038253,-9.108000e-03
11PR16,37533,4.012229,4.038302,-6.477222e-03
11PR33D2,38688,4.042901,4.037588,1.314937e-03
11PR17,39843,4.043836,4.038197,1.395427e-03
11PR35D2,40998,4.028247,4.037991,-2.415995e-03
11PR18,42153,4.022976,4.037702,-3.653769e-03
11PR37D2,43308,4.011115,4.037751,-6.618522e-03
11PR19,44463,4.004938,4.037179,-8.017994e-03
13PR3D2,45618,4.011821,4.037646,-6.416678e-03
11PR20,46773,3.995088,4.037328,-1.051753e-02
11PR41D2,47929,4.001174,4.037991,-9.159609e-03
11PR21,49084,4.005415,4.036711,-7.783070e-03
11PR43D2,50239,4.016569,4.037141,-5.108566e-03
11PR22,51394,4.012629,4.036835,-6.014402e-03
11PR45D2,52549,4.013069,4.036797,-5.895280e-03
11PR23,53704,4.013727,4.037189,-5.828579e-03
11PR47D2,54859,4.026321,4.036694,-2.573103e-03
11PR24,56014,4.022016,4.036605,-3.620739e-03
11PR49D2,57169,4.018045,4.036553,-4.595744e-03
11PR25,58324,4.009461,4.036528,-6.727951e-03
11PR51D2,59479,4.004974,4.036134,-7.750124e-03
13PR2,60634,4.021213,4.036458,-3.783967e-03
11PR53D2,61789,4.027165,4.036444,-2.301498e-03
11PR27,62944,4.027227,4.036385,-2.271392e-03
11PR55D2,64099,4.042465,4.036402,1.501043e-03
11PR28,65254,4.025187,4.035919,-2.662659e-03
11PR57D2,66409,4.022208,4.035928,-3.405249e-03
11PR29,67565,4.014983,4.036111,-5.248346e-03
11PR59D2,68720,4.021830,4.035968,-3.509302e-03
11PR30,69875,4.013554,4.036023,-5.582622e-03
11PR61D2,71030,4.017318,4.035778,-4.584521e-03
11PR31,72185,4.013949,4.035863,-5.444607e-03
11PR63D2,73340,4.017545,4.035601,-4.484240e-03
11PR32,74495,4.011600,4.035642,-5.975214e-03
13PR5D2,75650,4.009473,4.035409,-6.447940e-03
11PR33,76805,4.011181,4.035769,-6.111320e-03
11PR67D2,77960,4.011397,4.035033,-5.875084e-03
11PR34,79115,4.010841,4.035663,-6.169723e-03
11PR69D2,80270,4.009339,4.035929,-6.610148e-03
11PR35,81425,4.023757,4.035079,-2.809707e-03
11PR71D2,82580,4.022988,4.035143,-3.016950e-03
11PR36,83735,4.018975,4.035039,-3.988997e-03
11PR73D2,84890,4.010615,4.035505,-6.186751e-03
11PR37,86045,4.012185,4.035445,-5.780512e-03
11PR75D2,87200,4.016880,4.034634,-4.410193e-03
11PR38,88355,4.017290,4.035527,-4.529280e-03
11PR77D2,89510,4.013390,4.034308,-5.198495e-03
13PR3,90665,4.019602,4.035560,-3.962249e-03
11PR79D2,91820,4.027853,4.035247,-1.834125e-03
11PR40,92975,4.027672,4.034579,-1.713490e-03
11PR81D2,94130,4.033261,4.034928,-4.132444e-04
11PR41,95285,4.031047,4.034733,-9.140783e-04
11PR83D2,96440,4.023644,4.035466,-2.933829e-03
11PR42,97595,4.022244,4.033882,-2.889290e-03
11PR85D2,98750,4.019603,4.034576,-3.718084e-03
11PR43,99905,4.024129,4.034622,-2.603981e-03
11PR87D2,101060,4.027807,4.034968,-1.776420e-03
11PR44,102215,4.036172,4.034649,3.774903e-04
11PR89D2,103370,4.031097,4.034703,-8.941140e-04
11PR45,104525,4.026614,4.033948,-1.819767e-03
13PR7D2,105680,4.026356,4.034486,-2.017270e-03
11PR46,106835,4.024832,4.034638,-2.433293e-03
11PR93D2,107990,4.023421,4.034516,-2.753743e-03
11PR47,109145,4.024285,4.034399,-2.509906e-03
11PR95D2,110300,4.018552,4.034581,-3.980861e-03
11PR48,111456,4.018080,4.034016,-3.958194e-03
11PR97D2,112611,4.008850,4.034541,-6.388147e-03
11PR49,113766,4.007609,4.034206,-6.614654e-03
11PR99D2,114921,4.008934,4.034086,-6.254404e-03
11PR50,116076,4.006627,4.034341,-6.893375e-03
11PR101D2,117231,4.001487,4.033814,-8.046154e-03
11PR51,118386,4.004457,4.034577,-7.493327e-03
11PR103D2,119541,4.004474,4.033521,-7.227317e-03
13PR4,120696,4.012186,4.034112,-5.449941e-03
11PR105D2,121851,4.010717,4.034304,-5.863643e-03
11PR53,123006,4.013154,4.033958,-5.170564e-03
11PR107D2,124161,4.019512,4.033839,-3.557929e-03
11PR54,125316,4.024609,4.034171,-2.373246e-03
11PR109D2,126471,4.024588,4.033846,-2.297879e-03
11PR55,127626,4.016761,4.033557,-4.172584e-03
11PR111D2,128781,4.025668,4.033823,-2.023774e-03
11PR56,129936,4.027098,4.034219,-1.766562e-03
11PR113D2,131091,4.022806,4.033607,-2.681545e-03
11PR57,132246,4.023545,4.033795,-2.544108e-03
11PR115D2,133401,4.024300,4.034025,-2.413709e-03
11PR58,134556,4.021612,4.033126,-2.858924e-03
13PR9D2,135711,4.017535,4.034142,-4.125144e-03
11PR59,136866,4.015958,4.033055,-4.248319e-03
11PR119D2,138021,4.020978,4.034019,-3.237995e-03
11PR60,139176,4.029398,4.033958,-1.131231e-03
11PR121D2,140331,4.036050,4.033478,6.375558e-04
11PR61,141486,4.031334,4.033138,-4.474793e-04
11PR123D2,142641,4.027764,4.033545,-1.434347e-03
11PR62,143796,4.023193,4.033578,-2.577943e-03
11PR125D2,144951,4.017469,4.033909,-4.083681e-03
11PR63,146106,4.018640,4.033359,-3.655878e-03
11PR127D2,147261,4.024243,4.033382,-2.268413e-03
11PR64,148416,4.024348,4.033702,-2.321704e-03
11PR129D2,149571,4.023152,4.032684,-2.366454e-03
13PR5,150726,4.026363,4.033598,-1.795430e-03
11PR131D2,151881,4.021994,4.033478,-2.851100e-03
11PR66,153036,4.028740,4.033047,-1.068373e-03
11PR133D2,154191,4.034701,4.033442,3.120580e-04
11PR67,155346,4.026774,4.033459,-1.658681e-03
11PR135D2,156501,4.022407,4.033258,-2.693910e-03
11PR68,157656,4.021694,4.032888,-2.779372e-03
11PR137D2,158811,4.016326,4.033097,-4.167015e-03
11PR69,159966,4.018280,4.033414,-3.759222e-03
11PR139D2,161121,4.019692,4.033168,-3.346710e-03
11PR70,162276,4.017758,4.033458,-3.899852e-03
11PR141D2,163431,4.019354,4.033020,-3.394399e-03
11PR71,164586,4.016191,4.032492,-4.050577e-03
13PR11D2,165741,4.022623,4.033499,-2.700145e-03
11PR72,166896,4.022411,4.032958,-2.618479e-03
11PR145D2,168051,4.024999,4.032989,-1.982933e-03
11PR73,169206,4.022035,4.033350,-2.809364e-03
11PR147D2,170361,4.024957,4.032969,-1.988647e-03
11PR74,171516,4.023541,4.033170,-2.390345e-03
11PR149D2,172671,4.022166,4.032790,-2.637834e-03
11PR75,173826,4.020945,4.032522,-2.875194e-03
11PR151D2,174981,4.018592,4.032998,-3.578423e-03
11PR76,176136,4.015699,4.033103,-4.324449e-03
11PR153D2,177291,4.022440,4.032669,-2.539700e-03
11PR77,178446,4.028049,4.032931,-1.211226e-03
11PR155D2,179601,4.028028,4.032455,-1.098460e-03
13PR6,180756,4.026469,4.033084,-1.641631e-03
11PR157D2,181911,4.027196,4.032799,-1.390368e-03
11PR79,183066,4.023990,4.032773,-2.180326e-03
11PR159D2,184221,4.028325,4.033163,-1.200345e-03
11PR80,185376,4.023577,4.032711,-2.267697e-03
11PR161D2,186531,4.016996,4.032729,-3.909031e-03
11PR81,187686,4.022741,4.032469,-2.415475e-03
11PR163D2,188841,4.024257,4.032832,-2.128590e-03
11PR82,189996,4.023997,4.032598,-2.135116e-03
11PR165D2,191151,4.017656,4.032656,-3.726739e-03
11PR83,192306,4.012280,4.032774,-5.094984e-03
11PR167D2,193461,4.015177,4.032860,-4.394271e-03
11PR84,194616,4.016524,4.031704,-3.772369e-03
13PR13D2,195771,4.014185,4.032520,-4.557086e-03
11PR85,196926,4.014717,4.032984,-4.539623e-03
11PR171D2,198081,4.013609,4.032816,-4.774212e-03
11PR86,199236,4.008516,4.032433,-5.948914e-03
11PR173D2,200391,4.008258,4.032188,-5.952515e-03
11PR87,201546,4.010611,4.032963,-5.557736e-03
11PR175D2,202701,4.013349,4.032244,-4.696924e-03
11PR88,203856,4.014284,4.032366,-4.494197e-03
11PR177D2,205011,4.012588,4.032685,-4.996024e-03
11PR89,206166,4.013633,4.032616,-4.718312e-03
11PR179D2,207321,4.014391,4.032189,-4.423776e-03
11PR90,208476,4.013153,4.032237,-4.744078e-03
11PR181D2,209631,4.015080,4.032096,-4.229137e-03
13PR7,210786,4.016649,4.032762,-4.003596e-03
11PR183D2,211941,4.018067,4.032400,-3.560996e-03
11PR92,213096,4.023933,4.032380,-2.097178e-03
11PR185D2,214251,4.023164,4.032118,-2.223245e-03
11PR93,215406,4.028561,4.032288,-9.245466e-04
11PR187D2,216561,4.025375,4.032292,-1.716872e-03
11PR94,217716,4.028236,4.032437,-1.042149e-03
11PR189D2,218871,4.029538,4.032035,-6.193347e-04
11PR95,220026,4.028400,4.032605,-1.043207e-03
11PR191D2,221181,4.032678,4.031995,1.694509e-04
11PR96,222336,4.028821,4.032270,-8.556212e-04
11PR193D2,223491,4.029912,4.032475,-6.357467e-04
11PR97,224646,4.029917,4.031750,-4.546645e-04
13PR15D2,225801,4.033492,4.032181,3.252056e-04
11PR98,226956,4.028911,4.032360,-8.557755e-04
11PR197D2,228111,4.029162,4.032223,-7.593097e-04
11PR99,229266,4.029957,4.032232,-5.644152e-04
11PR199D2,230421,4.030768,4.032106,-3.319102e-04
11PR100,231576,4.031054,4.031893,-2.080901e-04
11PR201D2,232731,4.030269,4.032040,-4.393432e-04
11PR101,233886,4.032269,4.032004,6.581077e-05
11PR203D2,235041,4.033860,4.031903,4.854018e-04
11PR102,236196,4.033353,4.032039,3.259301e-04
11PR205D2,237351,4.036423,4.032405,9.960260e-04
11PR103,238506,4.033324,4.031827,3.712052e-04
11PR207D2,239661,4.034302,4.031678,6.506314e-04
13PR8,240816,4.027116,4.032064,-1.228114e-03
11PR209D2,241971,4.027936,4.032555,-1.146122e-03
11PR105,243126,4.026508,4.031629,-1.271080e-03
11PR211D2,244281,4.028880,4.032135,-8.075515e-04
11PR106,245436,4.030160,4.032336,-5.399993e-04
11PR213D2,246591,4.023919,4.031547,-1.893834e-03
11PR107,247746,4.019882,4.031645,-2.921970e-03
11PR215D2,248901,4.018629,4.031786,-3.268733e-03
11PR108,250056,4.020482,4.032044,-2.871656e-03
11PR217D2,251211,4.022307,4.032464,-2.522033e-03
11PR109,252366,4.020126,4.031113,-2.729413e-03
11PR219D2,253521,4.021293,4.032258,-2.723137e-03
11PR110,254676,4.020023,4.031254,-2.789876e-03
17PRD2,262655,4.021829,4.031736,-2.460341e-03
13PR9,277676,4.015871,4.031588,-3.906025e-03
13PR19D2,292696,4.024227,4.031488,-1.802580e-03
13PR10,307715,4.016165,4.031295,-3.760169e-03
13PR21D2,322735,4.021814,4.031208,-2.333042e-03
13PR11,337754,4.026793,4.031051,-1.056837e-03
13PR23D2,352772,4.029882,4.030953,-2.658045e-04
13PR12,367790,4.023750,4.030833,-1.758838e-03
13PR25D2,382808,4.021013,4.030730,-2.413519e-03
13PR13,397826,4.025903,4.030660,-1.180942e-03
13PR27D2,412844,4.028104,4.030544,-6.055773e-04
13PR14,427861,4.019928,4.030419,-2.606454e-03
13PR29D2,442878,4.020104,4.030381,-2.553338e-03
13PR15,457895,4.019759,4.030293,-2.616921e-03
13PR31D2,472912,4.023432,4.030181,-1.676122e-03
13PR16,487929,4.024909,4.030130,-1.296398e-03
13PR33D2,502946,4.018886,4.030027,-2.768203e-03
17PR,517963,4.023058,4.029992,-1.722061e-03
13PR35D2,532979,4.025258,4.029879,-1.147413e-03
13PR18,547996,4.024553,4.029850,-1.315251e-03
13PR37D2,563012,4.024540,4.029753,-1.294437e-03
13PR19,578028,4.025788,4.029727,-9.779589e-04
13PR39D2,593044,4.030078,4.029645,1.073816e-04
13PR20,608061,4.028766,4.029574,-2.004321e-04
13PR41D2,623077,4.029579,4.029515,1.576381e-05
13PR21,638093,4.023799,4.029484,-1.411869e-03
13PR43D2,653109,4.020593,4.029409,-2.190396e-03
13PR22,668125,4.018334,4.029340,-2.735076e-03
13PR45D2,683141,4.022226,4.029284,-1.753215e-03
13PR23,698157,4.020029,4.029284,-2.299782e-03
13PR47D2,713172,4.015841,4.029203,-3.321963e-03
13PR24,728188,4.018742,4.029154,-2.587651e-03
13PR49D2,743204,4.023585,4.029102,-1.370296e-03
13PR25,758220,4.023248,4.029051,-1.441322e-03
17PR3D2,773236,4.024490,4.029018,-1.124379e-03
13PR26,788251,4.027030,4.028950,-4.766533e-04
13PR53D2,803267,4.027693,4.028932,-3.076621e-04
13PR27,818283,4.027196,4.028896,-4.219081e-04
13PR55D2,833298,4.025062,4.028863,-9.439412e-04
13PR28,848314,4.026855,4.028775,-4.766885e-04
13PR57D2,863329,4.025773,4.028752,-7.396843e-04
13PR29,878345,4.023344,4.028712,-1.333360e-03
13PR59D2,893360,4.022435,4.028729,-1.563394e-03
13PR30,908376,4.022216,4.028630,-1.593281e-03
13PR61D2,923391,4.025072,4.028623,-8.818402e-04
13PR31,938407,4.026097,4.028549,-6.088620e-04
13PR63D2,953422,4.022507,4.028530,-1.496124e-03
13PR32,968438,4.024792,4.028530,-9.284312e-04
13PR65D2,983453,4.025200,4.028467,-8.114763e-04
13PR33,998469,4.025667,4.028418,-6.831692e-04
13PR67D2,1013484,4.027719,4.028380,-1.640491e-04
17PR2,1028500,4.024783,4.028398,-8.977598e-04
13PR69D2,1043515,4.023623,4.028330,-1.169181e-03
13PR35,1058530,4.020838,4.028308,-1.856148e-03
13PR71D2,1073546,4.021203,4.028262,-1.753799e-03
13PR36,1088561,4.022840,4.028253,-1.344485e-03
13PR73D2,1103576,4.022307,4.028231,-1.471778e-03
13PR37,1118592,4.023773,4.028143,-1.085316e-03
13PR75D2,1133607,4.024538,4.028163,-9.003847e-04
13PR38,1148622,4.022717,4.028145,-1.348404e-03
13PR77D2,1163638,4.021827,4.028108,-1.560332e-03
13PR39,1178653,4.019398,4.028056,-2.151795e-03
13PR79D2,1193668,4.020169,4.028043,-1.956672e-03
13PR40,1208684,4.020610,4.028019,-1.841215e-03
13PR81D2,1223699,4.021088,4.028002,-1.717893e-03
13PR41,1238714,4.021250,4.027949,-1.664586e-03
13PR83D2,1253730,4.023800,4.027952,-1.031249e-03
13PR42,1268745,4.024418,4.027870,-8.574808e-04
17PR5D2,1283760,4.027075,4.027909,-2.070078e-04
13PR43,1298775,4.027418,4.027835,-1.034840e-04
13PR87D2,1313791,4.025451,4.027884,-6.040874e-04
13PR44,1328806,4.024633,4.027798,-7.862027e-04
13PR89D2,1343821,4.027267,4.027784,-1.282549e-04
13PR45,1358836,4.027589,4.027765,-4.373936e-05
13PR91D2,1373851,4.026277,4.027723,-3.592707e-04
13PR46,1388867,4.025719,4.027737,-5.009954e-04
13PR93D2,1403882,4.025713,4.027702,-4.938806e-04
13PR47,1418897,4.024658,4.027651,-7.432627e-04
13PR95D2,1433912,4.026031,4.027678,-4.088273e-04
13PR48,1448928,4.026228,4.027624,-3.467566e-04
13PR97D2,1463943,4.025331,4.027626,-5.698580e-04
13PR49,1478958,4.024003,4.027583,-8.893277e-04
13PR99D2,1493973,4.025517,4.027572,-5.103113e-04
13PR50,1508988,4.026623,4.027512,-2.206261e-04
13PR101D2,1524004,4.027037,4.027516,-1.190298e-04
17PR3,1539019,4.025439,4.027541,-5.220407e-04
13PR103D2,1554034,4.023726,4.027462,-9.279295e-04
13PR52,1569049,4.022457,4.027460,-1.242996e-03
13PR105D2,1584064,4.022412,4.027422,-1.244804e-03
13PR53,1599079,4.022262,4.027477,-1.295639e-03
13PR107D2,1614095,4.021919,4.027371,-1.354790e-03
13PR54,1629110,4.021606,4.027386,-1.436212e-03
13PR109D2,1644125,4.021984,4.027377,-1.339987e-03
13PR55,1659140,4.020193,4.027353,-1.779545e-03
13PR111D2,1674155,4.020784,4.027326,-1.625736e-03
13PR56,1689170,4.022044,4.027306,-1.307492e-03
13PR113D2,1704185,4.021413,4.027272,-1.455991e-03
13PR57,1719201,4.022880,4.027297,-1.097271e-03
13PR115D2,1734216,4.022429,4.027254,-1.198913e-03
13PR58,1749231,4.022083,4.027242,-1.281833e-03
13PR117D2,1764246,4.022254,4.027208,-1.231033e-03
13PR59,1779261,4.022744,4.027210,-1.109581e-03
17PR7D2,1794276,4.022617,4.027222,-1.144120e-03
13PR60,1809291,4.024345,4.027112,-6.873573e-04
13PR121D2,1824307,4.022330,4.027168,-1.202099e-03
13PR61,1839322,4.022317,4.027143,-1.199074e-03
13PR123D2,1854337,4.021401,4.027145,-1.427495e-03
13PR62,1869352,4.022001,4.027092,-1.264925e-03
13PR125D2,1884367,4.024508,4.027088,-6.410069e-04
13PR63,1899382,4.026083,4.027087,-2.493677e-04
13PR127D2,1914397,4.025543,4.027027,-3.687508e-04
13PR64,1929412,4.024467,4.027052,-6.420329e-04
13PR129D2,1944428,4.024135,4.027038,-7.210883e-04
13PR65,1959443,4.024194,4.026992,-6.949709e-04
13PR131D2,1974458,4.024383,4.027017,-6.543288e-04
13PR66,1989473,4.024762,4.026955,-5.445162e-04
13PR133D2,2004488,4.025119,4.026968,-4.592666e-04
13PR67,2019503,4.023133,4.026947,-9.475450e-04
13PR135D2,2034518,4.022199,4.026932,-1.176032e-03
17PR4,2049533,4.021445,4.026947,-1.367131e-03
13PR137D2,2064548,4.022897,4.026876,-9.885980e-04
13PR69,2079563,4.023464,4.026906,-8.551688e-04
13PR139D2,2094579,4.023311,4.026872,-8.846326e-04
13PR70,2109594,4.024419,4.026877,-6.105892e-04
13PR141D2,2124609,4.025513,4.026857,-3.340038e-04
13PR71,2139624,4.027592,4.026817,1.923828e-04
13PR143D2,2154639,4.028288,4.026828,3.623906e-04
13PR72,2169654,4.027753,4.026799,2.367965e-04
13PR145D2,2184669,4.028329,4.026784,3.835509e-04
13PR73,2199684,4.027407,4.026797,1.513999e-04
13PR147D2,2214699,4.026677,4.026733,-1.368240e-05
13PR74,2229714,4.025444,4.026786,-3.332920e-04
13PR149D2,2244729,4.024592,4.026727,-5.302006e-04
13PR75,2259745,4.025546,4.026725,-2.928103e-04
13PR151D2,2274760,4.025979,4.026710,-1.816976e-04
13PR76,2289775,4.027400,4.026711,1.710428e-04
17PR9D2,2304790,4.027674,4.026688,2.448035e-04
13PR77,2319805,4.025037,4.026656,-4.022570e-04
13PR155D2,2334820,4.022541,4.026693,-1.031571e-03
13PR78,2349835,4.021785,4.026644,-1.207612e-03
13PR157D2,2364850,4.019313,4.026637,-1.820462e-03
13PR79,2379865,4.019028,4.026601,-1.882439e-03
13PR159D2,2394880,4.018691,4.026630,-1.973631e-03
13PR80,2409895,4.021541,4.026590,-1.254754e-03
13PR161D2,2424910,4.022869,4.026583,-9.226224e-04
13PR81,2439925,4.020824,4.026600,-1.435580e-03
13PR163D2,2454941,4.022033,4.026562,-1.125543e-03
13PR82,2469956,4.023450,4.026557,-7.718243e-04
13PR165D2,2484971,4.024808,4.026538,-4.296030e-04
13PR83,2499986,4.024687,4.026531,-4.582095e-04
13PR167D2,2515001,4.023080,4.026508,-8.516908e-04
13PR84,2530016,4.022547,4.026521,-9.873166e-04
13PR169D2,2545031,4.022794,4.026459,-9.106114e-04
17PR5,2560046,4.023784,4.026494,-6.732317e-04
13PR171D2,2575061,4.023212,4.026469,-8.090462e-04
13PR86,2590076,4.023064,4.026483,-8.495617e-04
13PR173D2,2605091,4.023686,4.026423,-6.800616e-04
13PR87,2620106,4.024152,4.026477,-5.776352e-04
13PR175D2,2635121,4.024809,4.026431,-4.028239e-04
13PR88,2650136,4.023424,4.026376,-7.333909e-04
13PR177D2,2665151,4.022717,4.026441,-9.252977e-04
13PR89,2680166,4.022602,4.026374,-9.371417e-04
13PR179D2,2695182,4.024228,4.026393,-5.379394e-04
13PR90,2710197,4.024568,4.026363,-4.457592e-04
13PR181D2,2725212,4.024978,4.026342,-3.386821e-04
13PR91,2740227,4.025015,4.026393,-3.422765e-04
13PR183D2,2755242,4.023352,4.026330,-7.398374e-04
13PR92,2770257,4.023206,4.026319,-7.735167e-04
13PR185D2,2785272,4.023903,4.026337,-6.046664e-04
13PR93,2800287,4.023608,4.026294,-6.671769e-04
17PR11D2,2815302,4.024231,4.026317,-5.180137e-04
13PR94,2830317,4.023802,4.026295,-6.192658e-04
13PR189D2,2845332,4.024583,4.026264,-4.175491e-04
13PR95,2860347,4.022967,4.026259,-8.178735e-04
13PR191D2,2875362,4.022211,4.026285,-1.012484e-03
13PR96,2890377,4.021965,4.026287,-1.074042e-03
13PR193D2,2905392,4.021080,4.026211,-1.275231e-03
13PR97,2920407,4.021230,4.026240,-1.245131e-03
13PR195D2,2935422,4.020361,4.026212,-1.454418e-03
13PR98,2950437,4.021654,4.026195,-1.128298e-03
13PR197D2,2965452,4.022814,4.026221,-8.464180e-04
13PR99,2980468,4.023266,4.026180,-7.240996e-04
13PR199D2,2995483,4.023563,4.026211,-6.580297e-04
13PR100,3010498,4.022736,4.026156,-8.498449e-04
13PR201D2,3025513,4.021227,4.026156,-1.225020e-03
13PR101,3040528,4.021788,4.026148,-1.083527e-03
13PR203D2,3055543,4.021990,4.026136,-1.030368e-03
17PR6,3070558,4.022979,4.026163,-7.911440e-04
13PR205D2,3085573,4.023210,4.026152,-7.308823e-04
13PR103,3100588,4.022643,4.026077,-8.534070e-04
13PR207D2,3115603,4.022254,4.026108,-9.576452e-04
13PR104,3130618,4.023478,4.026113,-6.548899e-04
13PR209D2,3145633,4.023331,4.026098,-6.876043e-04
13PR105,3160648,4.023981,4.026090,-5.240674e-04
13PR211D2,3175663,4.023639,4.026070,-6.038430e-04
13PR106,3190678,4.023500,4.026057,-6.352136e-04
13PR213D2,3205693,4.023288,4.026060,-6.888744e-04
13PR107,3220708,4.023019,4.026050,-7.532176e-04
13PR215D2,3235723,4.023411,4.026021,-6.484162e-04
13PR108,3250738,4.023685,4.026050,-5.877349e-04
13PR217D2,3265753,4.024433,4.026012,-3.921232e-04
13PR109,3280768,4.024826,4.026015,-2.954298e-04
13PR219D2,3295783,4.025163,4.025990,-2.054014e-04
13PR110,3310798,4.025576,4.026004,-1.062043e-04
17PR13D2,3325814,4.026635,4.026007,1.558130e-04
13PR111,3340829,4.025846,4.025967,-3.016886e-05
13PR223D2,3355844,4.025361,4.025977,-1.529905e-04
13PR112,3370859,4.025149,4.025938,-1.959303e-04
13PR225D2,3385874,4.025508,4.025994,-1.207640e-04
13PR113,3400889,4.025095,4.025940,-2.100137e-04
13PR227D2,3415904,4.024892,4.025890,-2.479541e-04
13PR114,3430919,4.025330,4.025970,-1.592073e-04
13PR229D2,3445934,4.025257,4.025894,-1.582621e-04
13PR115,3460949,4.024572,4.025943,-3.405447e-04
13PR231D2,3475964,4.025484,4.025898,-1.028725e-04
13PR116,3490979,4.025758,4.025895,-3.406108e-05
13PR233D2,3505994,4.025793,4.025926,-3.304140e-05
13PR117,3521009,4.025960,4.025839,2.996225e-05
13PR235D2,3536024,4.026584,4.025890,1.723771e-04
13PR118,3551039,4.026295,4.025856,1.090375e-04
13PR237D2,3566054,4.026265,4.025840,1.054152e-04
17PR7,3581069,4.025997,4.025866,3.257234e-05
13PR239D2,3596084,4.026232,4.025873,8.917642e-05
13PR120,3611099,4.025820,4.025810,2.283016e-06
13PR241D2,3626114,4.025635,4.025819,-4.580092e-05
13PR121,3641129,4.026287,4.025834,1.125306e-04
13PR243D2,3656144,4.025213,4.025815,-1.496880e-04
13PR122,3671159,4.025038,4.025796,-1.883710e-04
13PR245D2,3686174,4.024867,4.025811,-2.344958e-04
13PR123,3701189,4.024306,4.025769,-3.634123e-04
13PR247D2,3716204,4.023867,4.025798,-4.797167e-04
13PR124,3731219,4.023309,4.025773,-6.122311e-04
13PR249D2,3746234,4.023063,4.025757,-6.695886e-04
13PR125,3761250,4.022751,4.025787,-7.543944e-04
13PR251D2,3776265,4.021922,4.025756,-9.528439e-04
13PR126,3791280,4.021418,4.025728,-1.071203e-03
13PR253D2,3806295,4.022916,4.025729,-6.989058e-04
13PR127,3821310,4.023120,4.025735,-6.497297e-04
17PR15D2,3836325,4.022357,4.025743,-8.413979e-04
13PR128,3851340,4.021703,4.025707,-9.950827e-04
13PR257D2,3866355,4.020878,4.025696,-1.197441e-03
13PR129,3881370,4.021217,4.025708,-1.116241e-03
13PR259D2,3896385,4.020545,4.025724,-1.287289e-03
13PR130,3911400,4.020509,4.025656,-1.279279e-03
13PR261D2,3926415,4.021378,4.025682,-1.069643e-03
13PR131,3941430,4.022974,4.025710,-6.800528e-04
13PR263D2,3956445,4.024139,4.025661,-3.782730e-04
13PR132,3971460,4.023653,4.025646,-4.951979e-04
13PR265D2,3986475,4.023144,4.025648,-6.223111e-04
13PR133,4001490,4.022604,4.025650,-7.568812e-04
13PR267D2,4016505,4.023049,4.025661,-6.490208e-04
13PR134,4031520,4.022068,4.025649,-8.897761e-04
13PR269D2,4046535,4.021831,4.025611,-9.393416e-04
13PR135,4061550,4.021517,4.025615,-1.018378e-03
13PR271D2,4076565,4.021795,4.025594,-9.440703e-04
17PR8,4091580,4.021709,4.025627,-9.738068e-04
13PR273D2,4106595,4.022358,4.025603,-8.062597e-04
13PR137,4121610,4.022142,4.025603,-8.602507e-04
13PR275D2,4136625,4.021850,4.025572,-9.249817e-04
13PR138,4151640,4.021580,4.025597,-9.982625e-04
13PR277D2,4166655,4.021656,4.025591,-9.779619e-04
13PR139,4181670,4.022006,4.025541,-8.785421e-04
13PR279D2,4196685,4.023351,4.025584,-5.548377e-04
13PR140,4211700,4.023509,4.025544,-5.055564e-04
13PR281D2,4226715,4.023618,4.025544,-4.786938e-04
13PR141,4241730,4.023123,4.025532,-5.987192e-04
13PR283D2,4256745,4.022150,4.025533,-8.405871e-04
13PR142,4271760,4.021856,4.025564,-9.214395e-04
13PR285D2,4286775,4.021521,4.025520,-9.940611e-04
13PR143,4301790,4.021182,4.025503,-1.074075e-03
13PR287D2,4316805,4.020851,4.025523,-1.161051e-03
13PR144,4331820,4.020752,4.025497,-1.179536e-03
17PR17D2,4346836,4.021092,4.025488,-1.092708e-03
13PR145,4361851,4.021014,4.025506,-1.116506e-03
13PR291D2,4376866,4.021239,4.025461,-1.049428e-03
13PR146,4391881,4.021745,4.025516,-9.373048e-04
13PR293D2,4406896,4.022721,4.025480,-6.855962e-04
13PR147,4421911,4.022041,4.025432,-8.428328e-04
13PR295D2,4436926,4.022183,4.025459,-8.141501e-04
13PR148,4451941,4.021914,4.025494,-8.897612e-04
13PR297D2,4466956,4.021545,4.025439,-9.678456e-04
13PR149,4481971,4.022335,4.025417,-7.658694e-04
13PR299D2,4496986,4.022734,4.025466,-6.790023e-04
13PR150,4512001,4.022845,4.025425,-6.412193e-04
13PR301D2,4527016,4.021995,4.025435,-8.548720e-04
13PR151,4542031,4.021579,4.025409,-9.519910e-04
13PR303D2,4557046,4.021623,4.025401,-9.390861e-04
13PR152,4572061,4.022721,4.025413,-6.689290e-04
13PR305D2,4587076,4.023290,4.025399,-5.239221e-04
17PR9,4602091,4.023233,4.025412,-5.414196e-04
13PR307D2,4617106,4.023139,4.025402,-5.623422e-04
13PR154,4632121,4.023987,4.025393,-3.493698e-04
13PR309D2,4647136,4.024708,4.025362,-1.623569e-04
13PR155,4662151,4.024510,4.025388,-2.182043e-04
13PR311D2,4677166,4.024329,4.025372,-2.592467e-04
13PR156,4692181,4.025347,4.025342,1.152945e-06
13PR313D2,4707196,4.025943,4.025370,1.424312e-04
13PR157,4722211,4.025480,4.025332,3.685641e-05
13PR315D2,4737226,4.025829,4.025395,1.079369e-04
13PR158,4752241,4.025604,4.025306,7.405025e-05
13PR317D2,4767256,4.025124,4.025309,-4.589716e-05
13PR159,4782271,4.024686,4.025369,-1.697705e-04
13PR319D2,4797286,4.024504,4.025304,-1.987568e-04
13PR160,4812301,4.024619,4.025338,-1.787885e-04
13PR321D2,4827316,4.024711,4.025281,-1.416200e-04
13PR161,4842331,4.024714,4.025285,-1.419185e-04
19PRD2,4975835,4.024412,4.025260,-2.107606e-04
17PR10,5231170,4.023687,4.025171,-3.689015e-04
17PR21D2,5486498,4.022964,4.025090,-5.282673e-04
17PR11,5741819,4.023038,4.025007,-4.894876e-04
17PR23D2,5997134,4.023694,4.024938,-3.090441e-04
17PR12,6252445,4.023551,4.024863,-3.260764e-04
17PR25D2,6507751,4.022335,4.024798,-6.121865e-04
17PR13,6763053,4.021064,4.024731,-9.115234e-04
17PR27D2,7018352,4.022450,4.024668,-5.513532e-04
17PR14,7273647,4.023505,4.024608,-2.740145e-04
17PR29D2,7528940,4.022993,4.024553,-3.878104e-04
17PR15,7784231,4.023149,4.024495,-3.344991e-04
17PR31D2,8039519,4.023468,4.024446,-2.430923e-04
17PR16,8294805,4.023740,4.024391,-1.619124e-04
17PR33D2,8550090,4.024240,4.024343,-2.564799e-05
17PR17,8805372,4.023323,4.024295,-2.415726e-04
17PR35D2,9060653,4.022226,4.024248,-5.025560e-04
17PR18,9315933,4.022797,4.024203,-3.493776e-04
17PR37D2,9571211,4.022829,4.024159,-3.306000e-04
