START,n_0,C_min,Npred_0,Cpred_min,n_1,C_max,Npred_1,Cpred_max,n_geom,C_avg,Cpred_avg,n_v,Calign_min,n_u,Calign_max,n_a,Cbound_min,n_b,Cbound_max
4,4,3.843624,4,2.870137,4,3.84362411,4,2.87013699,4,3.843624111,2.870136988,4,0.000000,4,3.84362411,4,0.000000,4,3.84362411
5,5,2.590290,5,4.266093,5,2.59029039,5,4.26609329,5,2.590290394,4.266093288,5,1.330161,5,5.18058079,5,0.000000,5,5.18058079
6,6,3.210402,6,5.413807,6,3.21040200,6,5.41380731,6,3.210401996,5.413807307,6,1.765214,6,6.42080399,6,0.000000,6,6.42080399
7,7,0.000000,7,3.393036,7,0.00000000,7,3.39303648,7,0.000000000,3.393036479,7,0.439593,7,6.34647994,7,0.000000,7,7.57313262
8,8,2.162039,8,2.814638,8,2.16203856,8,2.81463781,8,2.162038563,2.814637805,8,0.222940,8,5.40633584,8,0.000000,8,8.51386899
9,9,4.827796,9,5.820367,9,4.82779584,9,5.82036707,9,4.827795843,5.820367067,9,2.926697,9,8.71403758,9,0.000000,9,9.65559169
10,10,2.120759,10,3.855372,10,2.12075924,10,3.85537204,10,2.120759244,3.855372038,10,1.258115,10,6.45262919,10,0.000000,10,9.89295630
11,11,0.000000,11,3.097468,11,0.00000000,11,3.09746822,11,0.000000000,3.097468223,11,0.280746,11,5.91419030,11,0.000000,11,9.64522065
12,12,4.116507,12,5.565937,12,4.11650737,12,5.56593708,12,4.116507372,5.565937077,12,2.995991,12,8.13588270,12,0.000000,12,11.62640991
13,13,2.192988,13,3.090238,13,2.19298840,13,3.09023772,13,2.192988402,3.090237720,13,0.352062,13,5.82841377,13,0.000000,13,9.54743332
14,14,1.989892,14,3.390541,14,1.98989245,14,3.39054128,14,1.989892454,3.390541276,14,0.861357,14,5.91972596,14,0.000000,14,9.43414748
(5#)/2,19,0.000000,16,2.765142,21,5.56147012,15,7.37996871,21,2.633998469,4.111117136,16,0.281706,15,10.04312293,29,0.000000,15,13.74370145
(5#),43,0.000000,32,2.734624,30,6.16967660,30,7.34072410,36,2.876781504,4.147299354,32,0.577067,30,9.53183205,44,0.000000,30,13.02700528
(5#)3/2,59,1.146642,59,2.764597,45,6.58667241,45,7.28666194,52,3.324712891,4.063345559,47,0.792149,45,9.30194448,59,0.000000,45,12.81225244
(5#)2,64,1.081019,64,2.715385,60,6.70546296,60,7.24494775,67,3.469062524,4.100988152,61,0.917200,60,9.08102287,74,0.000000,60,12.55277616
(5#)5/2,79,0.979081,89,2.743169,75,7.05323920,75,7.23135463,82,3.512848830,4.098184256,79,1.021461,75,8.98015678,89,0.000000,75,12.49704817
(5#)3,97,0.871999,103,2.732657,90,5.39954322,90,7.23185422,97,3.245242470,4.068574446,97,1.104617,90,8.88486849,104,0.000000,90,12.42297826
(7#)/2,113,1.596300,113,2.731305,105,8.33051805,105,8.66686583,112,3.577187866,4.152494717,107,1.136950,105,10.26841259,119,0.000000,105,13.86939722
(5#)4,128,2.207081,128,2.702466,120,6.87602316,120,7.20928755,127,3.760341543,4.081898088,128,1.183249,120,8.75105031,134,0.000000,120,12.40107220
(5#)9/2,146,1.360895,149,2.720304,135,6.46434286,135,7.20410054,142,3.435239530,4.060930991,137,1.220017,135,8.71244729,149,0.000000,135,12.43570998
(5#)5,157,1.311058,163,2.715599,150,5.35604609,150,7.20511157,157,3.400775835,4.039212573,151,1.246324,150,8.67291634,164,0.000000,150,12.46134763
(5#)11/2,178,1.810172,179,2.712819,165,7.63044269,165,8.00082618,172,3.595328737,4.116963984,167,1.273452,165,9.44572335,179,0.000000,165,13.31438837
(5#)6,181,1.801625,193,2.712054,189,7.01512641,180,7.19355883,187,3.875746134,4.055034199,181,1.294901,180,8.60957908,194,0.000000,180,12.55425766
(5#)13/2,199,1.132084,199,2.709905,195,7.45275910,195,7.84428932,202,3.549983744,4.104891966,197,1.314150,195,9.24412648,209,0.000000,195,13.27434956
(7#),223,1.053604,223,2.707019,210,8.16901684,210,8.62979456,217,3.643743815,4.099784471,211,1.327292,210,10.00844254,224,0.000000,210,14.12279077
(5#)15/2,236,1.517972,239,2.705377,225,6.28588791,225,7.18883418,232,3.386986389,4.092730736,227,1.341370,225,8.55589912,239,0.000000,225,12.76019926
(5#)8,241,1.504150,251,2.704265,252,6.79435245,240,7.18404410,247,3.644142910,4.054908912,241,1.352889,240,8.53529809,254,0.000000,240,12.57933612
(5#)17/2,262,2.366905,256,2.693275,255,7.25329173,255,7.66085308,262,3.641143212,4.051945883,256,1.353540,255,9.00383111,269,0.000000,255,12.91701560
(5#)9,283,1.808288,283,2.701699,270,6.96496187,270,7.18281338,277,3.604857351,4.072185605,271,1.369739,270,8.51391613,284,0.000000,270,12.27825202
(5#)19/2,292,2.207228,293,2.701790,294,6.15296742,285,7.60337193,292,3.835433618,4.112268372,293,1.380331,285,8.92866973,299,0.000000,285,12.58176230
(5#)10,313,1.693274,313,2.700437,300,6.94040203,300,7.17743292,307,3.852220952,4.020100799,307,1.384572,300,8.49383880,314,0.000000,300,12.01964383
(7#)3/2,316,2.096745,317,2.700184,315,8.43110623,315,8.61115415,322,3.848926910,4.104510014,317,1.388386,315,9.92365941,329,0.000000,315,13.35325959
(5#)11,337,1.613017,337,2.698997,330,7.74497014,330,7.97401946,337,3.814750776,4.093320742,331,1.391353,330,9.27995965,344,0.000000,330,12.59897232
(5#)23/2,349,1.970222,359,2.697202,345,7.94116543,345,7.51690411,352,3.812565324,4.078914881,347,1.394737,345,8.82044914,359,0.000000,345,12.05507599
(5#)12,362,1.917761,373,2.697135,360,6.15932812,360,7.17246315,367,3.603982271,4.053181221,367,1.397858,360,8.47130125,374,0.000000,360,11.60857288
(5#)25/2,379,1.492247,379,2.696274,375,6.01128592,375,7.17131417,382,3.609332043,4.034619349,379,1.399199,375,8.46897304,389,0.000000,375,11.53133791
(5#)13,391,1.826947,401,2.695884,390,6.57136743,390,7.82387510,397,3.493629656,4.100355109,397,1.401088,390,9.11834070,404,0.000000,390,12.09403516
(5#)27/2,412,2.111809,419,2.694640,405,6.06725959,405,7.17078622,412,3.760777220,4.038821333,419,1.401190,405,8.46507288,419,0.000000,405,11.37359349
(7#)2,433,1.364958,433,2.694622,420,7.99188162,420,8.60223889,427,3.810424367,4.120178197,421,1.401711,420,9.89458666,434,0.000000,420,12.72520353
(5#)29/2,439,2.366648,439,2.693917,435,7.48402071,435,7.43306573,442,4.104867342,4.047667906,439,1.400943,435,8.72607069,449,0.000000,435,11.49591415
(5#)15,463,1.956971,463,2.693116,462,7.49643810,450,7.16810384,457,3.989477522,4.110324866,457,1.409977,450,8.46022505,464,0.000000,450,11.15945659
(5#)31/2,466,1.944258,479,2.692619,465,7.47988224,465,7.41434850,472,3.818291722,4.023960004,467,1.424217,465,8.68608492,479,0.000000,465,11.35165797
(5#)16,481,1.907067,491,2.692264,483,6.65597280,480,7.16531086,487,3.612001363,4.068711841,487,1.452189,480,8.41303884,494,0.000000,480,11.03816110
(5#)33/2,496,1.863948,499,2.692035,495,7.79282126,495,7.96058969,502,3.868766908,4.065199066,499,1.468120,495,9.18986117,509,0.000000,495,11.78454969
(5#)17,524,2.394277,512,2.686429,510,7.01146018,510,7.64264747,517,3.912216892,4.029710347,512,1.481494,510,8.85013273,524,0.000000,510,11.40814259
(7#)5/2,526,2.089567,538,2.696448,525,7.78613819,525,8.59706998,532,3.817656994,4.135844334,526,1.509371,525,9.78775020,539,0.000000,525,12.31809008
(5#)18,548,2.031998,541,2.691301,540,7.03712751,540,7.16260023,547,3.840467645,4.056302241,541,1.519808,540,8.33340390,554,0.000000,540,10.83030967
(5#)37/2,569,1.983900,557,2.690900,555,6.91916673,555,7.36656045,562,3.620022540,4.068752720,557,1.537717,555,8.52198576,569,0.000000,555,10.99361074
(5#)19,577,2.245675,577,2.690424,570,7.91213209,570,7.58365556,577,3.703510300,4.031847798,571,1.552377,570,8.72085904,584,0.000000,570,11.16186374
(5#)39/2,599,2.188595,599,2.689596,585,7.50774530,585,7.81275465,592,3.860057601,4.099204601,587,1.568849,585,8.93582182,599,0.000000,585,11.35362707
(5#)20,601,1.910627,601,2.689887,609,7.03221547,600,7.16027293,607,3.829507820,4.044980684,601,1.583021,600,8.26656278,614,0.000000,600,10.65620611
(5#)41/2,617,1.876316,619,2.689185,615,7.25345459,615,7.34327566,622,3.819726676,4.073582934,617,1.598212,615,8.43651809,629,0.000000,615,10.80478770
(7#)3,631,2.111378,643,2.688718,630,7.91377219,630,8.59207809,637,3.791617010,4.065267061,631,1.610683,630,9.66981265,644,0.000000,630,12.01208245
(5#)43/2,649,2.329513,659,2.688423,645,6.23868815,645,7.33412050,652,3.782369936,4.041705932,647,1.624762,645,8.39976827,659,0.000000,645,10.72227589
(5#)22,661,1.788981,661,2.688684,660,7.91893649,660,7.95360276,667,3.875933936,4.124831282,661,1.636932,660,9.00486502,674,0.000000,660,11.30328588
(5#)45/2,677,2.010889,677,2.688393,675,7.30446862,675,7.15773218,682,3.849406531,4.004487421,677,1.650008,675,8.19775998,689,0.000000,675,10.47784924
(5#)23,697,2.216917,701,2.687975,693,7.17206434,690,7.49893355,697,3.939479803,4.111263752,691,1.660769,690,8.52557368,704,0.000000,690,10.78327815
(5#)47/2,706,1.706515,719,2.687407,714,7.25655511,705,7.31662958,712,3.962780321,4.051920760,709,1.674734,705,8.33279543,719,0.000000,705,10.57344483
(5#)24,734,2.135493,733,2.687452,720,6.73346279,720,7.15644784,727,3.841887122,3.998774912,727,1.687606,720,8.16011759,734,0.000000,720,10.37990397
(7#)7/2,743,2.355865,739,2.687098,735,8.54549570,735,8.58719170,742,4.196812727,4.145238905,739,1.696083,735,9.58106840,746,0.000000,735,11.78494420
(5#)25,751,2.338294,761,2.687024,750,7.24579438,750,7.15630777,757,3.951470508,4.033867907,751,1.704342,750,8.13848871,764,0.000000,750,10.32286838
(5#)51/2,766,2.072834,773,2.686848,765,7.15563604,765,7.63291811,772,3.867464214,4.068979782,769,1.716589,765,8.60591918,779,0.000000,765,10.77541885
(5#)26,788,1.806384,787,2.686405,780,7.04990800,780,7.80528485,787,3.860158173,4.059648712,787,1.727895,780,8.76731164,794,0.000000,780,10.91854819
(5#)53/2,802,1.784236,797,2.686508,795,6.51590604,795,7.29471835,802,3.869580025,4.059630304,797,1.734371,795,8.24811943,809,0.000000,795,10.38540774
(5#)27,821,1.976976,823,2.685928,810,6.64448411,810,7.15472752,817,3.804628348,4.048771525,811,1.742656,810,8.09780728,824,0.000000,810,10.21794902
(5#)55/2,839,2.379710,839,2.685726,825,7.66200530,825,7.94924953,832,3.989216972,4.044591596,827,1.752111,825,8.88420627,839,0.000000,825,10.99124531
(7#)4,841,2.159749,853,2.685775,840,8.20414590,840,8.58407866,847,3.938706151,4.088456198,842,1.765059,840,9.50930718,853,0.000000,840,11.60021443
(5#)57/2,859,1.914982,859,2.685482,855,7.47170017,855,7.57379415,862,3.918842651,4.101293412,857,1.769286,855,8.49135725,866,0.000000,855,10.56993175
(5#)29,883,2.295458,883,2.685200,870,7.79339087,870,7.41823750,877,4.052500582,4.058916009,877,1.780061,870,8.32661294,883,0.000000,870,10.38998105
(5#)59/2,886,2.287381,887,2.685154,885,7.91710221,885,7.27842450,892,3.949772972,4.033426486,887,1.785090,885,8.17955242,899,0.000000,885,10.23129118
(5#)30,904,2.050129,911,2.684886,900,6.78664426,900,7.15208551,907,3.780000887,4.064786978,907,1.795293,900,8.04451998,914,0.000000,900,10.08189885
(5#)61/2,919,1.825774,919,2.684799,915,6.91869875,915,7.27296264,922,3.763694936,4.053397612,919,1.801241,915,8.15853239,929,0.000000,915,10.18492643
(5#)31,943,1.991920,941,2.684762,930,6.63119009,930,7.39862282,937,3.707657468,4.022543427,937,1.810129,930,8.27595231,944,0.000000,930,10.28876309
(7#)9/2,958,2.164457,953,2.684635,945,7.55793189,945,8.58200080,952,3.745684025,4.124528939,947,1.814644,945,9.45281719,958,0.000000,945,11.45523535
(5#)32,967,1.761041,971,2.684260,960,7.07321591,960,7.15088425,967,3.873249109,4.045980643,967,1.823829,960,8.01387709,974,0.000000,960,10.00342645
(5#)65/2,982,1.933461,977,2.684389,975,7.58665247,975,7.80062493,982,3.779939666,4.087387381,977,1.828494,975,8.65742853,983,0.000000,975,10.63713089
(5#)33,997,2.106150,997,2.684190,990,7.49719194,990,7.94534790,997,3.802745832,4.028534520,991,1.834452,990,8.79471211,1004,0.000000,990,10.76220463
(5#)67/2,1009,1.898450,1019,2.683801,1005,6.85377083,1005,7.26051298,1012,3.775321640,4.035938687,1009,1.842329,1005,8.10398697,1019,0.000000,1005,10.06213640
(5#)34,1024,2.252124,1024,2.681141,1020,7.33980895,1020,7.62643108,1027,3.986142026,4.091310305,1024,1.846434,1020,8.46282068,1033,0.000000,1020,10.40936951
(5#)69/2,1048,2.030676,1039,2.683619,1035,7.08454356,1035,7.48994347,1042,3.809637589,4.013576344,1039,1.854490,1035,8.32071960,1049,0.000000,1035,10.25839181
(7#)5,1063,2.195023,1063,2.683407,1050,8.66474534,1050,8.57966186,1057,4.027402448,4.107318004,1051,1.859266,1050,9.40368241,1063,0.000000,1050,11.33031859
(5#)71/2,1072,2.361462,1069,2.683525,1071,6.91378853,1065,7.25304850,1072,4.035681771,4.072007053,1069,1.866434,1065,8.07171226,1076,0.000000,1065,9.98990459
(5#)36,1094,2.506504,1093,2.683318,1092,7.70861537,1080,7.14875727,1087,4.127242638,4.072164836,1087,1.873074,1080,7.96097068,1094,0.000000,1080,9.86865124
(5#)73/2,1109,1.952088,1097,2.683284,1095,6.98422798,1095,7.24917329,1102,3.945217175,4.013617643,1097,1.876941,1095,8.05626848,1109,0.000000,1095,9.95590752
(5#)37,1123,2.110511,1123,2.682909,1110,7.44190976,1110,7.35295362,1117,4.106924269,4.093406572,1117,1.884182,1110,8.15388236,1117,0.000000,1110,10.04349750
(5#)75/2,1126,2.104611,1129,2.683020,1125,6.85042475,1125,7.14844049,1132,4.009979435,4.029500575,1129,1.888426,1125,7.94447317,1129,0.008774,1125,9.82642156
(5#)38,1147,2.252003,1153,2.682829,1140,7.12745061,1140,7.56826738,1147,3.914327530,3.986986642,1142,1.895856,1140,8.35839820,1142,0.024598,1140,10.23077751
(11#)/2,1244,2.122683,1259,2.681915,1155,9.13559580,1155,9.53007910,1206,3.934787166,4.066096303,1163,1.899905,1155,10.31552116,1163,0.039217,1155,12.18058346
(7#)6,1319,1.723241,1361,2.681396,1260,8.73658664,1260,8.57531312,1311,3.861564000,4.056123221,1262,1.933573,1260,9.32651263,1262,0.123811,1260,11.13721428
(7#)13/2,1402,1.647631,1459,2.680712,1365,8.55809036,1365,9.35356312,1416,3.893629533,4.058655761,1367,1.959538,1365,10.07578264,1367,0.194873,1365,11.84126359
(7#)7,1489,1.865276,1571,2.680140,1470,7.81539530,1470,8.57264344,1521,3.844801073,4.057023369,1471,1.984593,1470,9.26856894,1471,0.259557,1470,10.99328277
(7#)15/2,1676,2.104753,1669,2.679787,1575,8.53964513,1575,8.57093822,1626,3.994843238,4.057375302,1579,2.007677,1575,9.24418992,1579,0.318672,1575,10.93444671
(7#)8,1774,2.019039,1783,2.679205,1680,8.40436284,1680,8.56975153,1731,3.840675899,4.054329069,1693,2.029450,1680,9.22209544,1693,0.373770,1680,10.88081375
(7#)17/2,1849,2.204669,1889,2.678883,1785,8.79830470,1785,9.14018451,1836,4.002058697,4.059906922,1787,2.045465,1785,9.77424468,1787,0.414192,1785,11.40601098
(7#)9,1966,1.989272,1993,2.678508,1890,8.43214029,1890,8.56789132,1941,4.008652265,4.050431210,1901,2.063282,1890,9.18488115,1894,0.457972,1890,10.79169505
(7#)19/2,2029,1.715762,2048,2.676937,1995,8.57059128,1995,9.07056300,2046,3.923622191,4.054266154,1997,2.076874,1995,9.67246181,1997,0.491941,1995,11.25778983
(7#)10,2104,2.003507,2203,2.677756,2145,8.12379559,2145,8.65214719,2151,3.871466541,4.054758954,2111,2.091568,2145,9.23436335,2102,0.527104,2145,10.79216883
(7#)21/2,2287,1.989104,2309,2.677521,2205,8.06714663,2205,8.56514666,2256,3.834198965,4.049360901,2207,2.102998,2205,9.14012839,2207,0.555425,2205,10.68802236
(11#),2347,2.156625,2411,2.677177,2310,9.14058186,2310,9.51595498,2361,3.941891684,4.058853150,2311,2.114461,2310,10.07887734,2311,0.582729,2310,11.61043891
(7#)23/2,2447,2.190317,2503,2.676943,2415,8.64639902,2415,8.97116580,2466,3.949622247,4.052954097,2417,2.125336,2415,9.52325861,2417,0.608211,2415,11.04064558
(7#)12,2623,2.363446,2621,2.676720,2520,7.98399457,2520,8.56269466,2571,3.967331880,4.055017224,2521,2.135175,2520,9.10442625,2521,0.631039,2520,10.60840967
(7#)25/2,2633,2.168203,2729,2.676474,2625,8.59805030,2625,8.56221025,2676,3.944871856,4.046580476,2633,2.145017,2625,9.09458305,2633,0.653540,2625,10.58692145
(7#)13,2809,2.065835,2833,2.676249,2730,9.53914578,2730,9.33990552,2782,4.016695881,4.056090943,2731,2.152995,2730,9.86327410,2731,0.671579,2730,11.34455371
(7#)27/2,2909,2.274897,2939,2.675980,2835,8.56334577,2835,8.56078760,2887,4.011163743,4.052522119,2837,2.161198,2835,9.07598342,2837,0.689698,2835,10.54766154
(7#)14,2974,2.064698,3041,2.675833,2940,8.67739172,2940,8.56022332,2992,3.961016497,4.051758738,2953,2.169524,2940,9.06751837,2942,0.707420,2940,10.53004823
(7#)29/2,3076,1.845344,3137,2.675654,3135,8.85070812,3045,8.87685877,3097,3.958834679,4.052138177,3049,2.175993,3045,9.37695299,3049,0.721682,3045,10.83155938
(7#)15,3221,2.107297,3253,2.675448,3150,8.07464822,3150,8.55930633,3202,3.902500735,4.049715610,3163,2.183177,3150,9.05241053,3163,0.736823,3150,10.49944912
(7#)31/2,3334,2.210551,3359,2.675223,3255,9.08651900,3255,8.85376750,3307,3.906135426,4.051199233,3257,2.188850,3255,9.34047846,3257,0.748459,3255,10.78099102
(7#)16,3386,2.340982,3463,2.675056,3360,8.55513325,3360,8.55816779,3412,3.934966538,4.043316018,3361,2.194747,3360,9.03865020,3361,0.760373,3360,10.47291970
(11#)3/2,3559,2.029695,3559,2.674908,3465,9.20509845,3465,9.50870704,3517,3.925535040,4.058052790,3467,2.200389,3465,9.98347534,3467,0.771567,3465,11.41239705
(7#)17,3571,2.249487,3673,2.674779,3570,8.47248673,3570,9.12788635,3622,3.909336161,4.053419962,3571,2.205674,3570,9.59706997,3571,0.781774,3570,11.02087193
(7#)35/2,3769,1.943543,3779,2.674587,3675,8.65796828,3675,8.55682377,3727,3.952743740,4.045011843,3677,2.210823,3675,9.02087048,3677,0.791446,3675,10.44032892
(7#)18,3799,2.075010,3881,2.674486,3795,8.16344904,3780,8.55641678,3832,3.956935876,4.049350102,3793,2.216116,3780,9.01542865,3793,0.801157,3780,10.43072969
(7#)37/2,3964,2.216472,3989,2.674342,3885,8.65284260,3885,8.80059383,3937,4.031398137,4.046217292,3889,2.220280,3885,9.25496395,3889,0.808587,3885,10.66678581
(7#)19,4051,2.044491,4093,2.674208,3990,8.61525608,3990,9.05902910,4042,3.955871380,4.058063096,4001,2.224906,3990,9.50883812,4001,0.816610,3990,10.91733465
(7#)39/2,4153,2.340594,4096,2.673517,4095,9.26020575,4095,9.33300293,4147,3.964584714,4.050031679,4096,2.228027,4095,9.77859852,4096,0.822393,4095,11.18436629
(7#)20,4282,2.220909,4297,2.673959,4200,8.21978002,4290,8.64111668,4252,4.026057242,4.050209625,4201,2.232603,4290,9.07920829,4201,0.829355,4290,10.48049789
(7#)41/2,4393,2.306710,4409,2.673829,4305,8.45913368,4305,8.77400021,4357,3.961866554,4.047390507,4306,2.237063,4305,9.21160595,4306,0.836083,4305,10.61270169
(7#)21,4486,2.143577,4513,2.673712,4410,8.62279023,4410,8.55431361,4462,3.990033304,4.047303348,4421,2.240323,4410,8.98812938,4421,0.841277,4410,10.38726232
(7#)43/2,4603,2.102361,4603,2.673583,4515,8.78519237,4515,8.76250498,4567,3.997205638,4.045239621,4517,2.243471,4515,9.19280815,4517,0.845859,4515,10.59044780
(11#)2,4651,2.085780,4723,2.673457,4620,9.43200294,4620,9.50395507,4672,4.016741935,4.051351101,4621,2.246743,4620,9.93078495,4621,0.850431,4620,11.32702529
(7#)45/2,4801,1.856187,4817,2.673391,4725,8.48560494,4725,8.55334142,4777,3.959575554,4.049041518,4729,2.249997,4725,8.97694784,4729,0.854772,4725,10.37220839
(7#)23,4909,2.178086,4933,2.673275,4830,9.23639960,4830,8.96032980,4882,3.940226253,4.047990403,4831,2.252913,4830,9.38074327,4831,0.858482,4830,10.77510602
(7#)47/2,4987,2.151973,5039,2.673145,4935,8.55995006,4935,8.74270751,4987,3.928458773,4.051274269,4937,2.255881,4935,9.16015420,4937,0.862049,4935,10.55399550
(7#)24,5086,2.176695,5119,2.673070,5040,8.47914389,5040,8.55236744,5092,3.991573907,4.043092611,5051,2.258881,5040,8.96687070,5051,0.865449,5040,10.36026312
(7#)49/2,5242,2.126897,5237,2.672990,5145,8.23437263,5145,8.55217279,5197,4.029583952,4.053571147,5147,2.261331,5145,8.96393829,5147,0.868050,5145,10.35722066
(7#)25,5308,2.217466,5351,2.672862,5250,8.88898687,5250,8.55190387,5302,3.987333044,4.040014905,5261,2.264154,5250,8.96094911,5261,0.870843,5250,10.35418664
(7#)51/2,5416,1.965120,5449,2.672803,5355,8.59144749,5355,9.12165173,5407,3.958874195,4.053812576,5381,2.266972,5355,9.52816452,5381,0.873396,5355,10.92166318
(7#)26,5557,2.301782,5563,2.672682,5460,8.73404796,5460,9.32868501,5512,3.932997871,4.046616840,5471,2.268980,5460,9.73267803,5471,0.875056,5460,11.12649732
(7#)53/2,5596,2.182571,5669,2.672620,5565,8.44836872,5565,8.71878830,5617,3.935195933,4.050185810,5569,2.271146,5565,9.12043370,5569,0.876705,5565,10.51485064
(7#)27,5728,2.248387,5749,2.672555,5670,8.27370483,5670,8.55087561,5722,3.886062230,4.043183971,5683,2.273518,5670,8.95018214,5683,0.878301,5670,10.34525182
(11#)5/2,5857,2.159168,5879,2.672429,5775,9.30254452,5775,9.50061339,5827,3.949550146,4.049529602,5779,2.275464,5775,9.89773937,5779,0.879455,5775,11.29371320
(7#)28,5906,2.349289,5981,2.672375,5880,8.40421431,5880,8.55032099,5932,3.965006529,4.048103927,5881,2.277485,5880,8.94527192,5881,0.880501,5880,10.34220163
(7#)57/2,6038,2.309643,6089,2.672295,5985,8.99970987,5985,9.05311257,6037,3.969178330,4.043884225,5987,2.279464,5985,9.44603452,5987,0.881327,5985,10.84414872
(7#)29,6131,2.233345,6173,2.672233,6090,8.52931444,6090,8.86660386,6142,3.971519167,4.048588551,6091,2.281360,6090,9.25749965,6091,0.881959,6090,10.65684754
(7#)59/2,6218,2.356115,6299,2.672121,6195,8.61597314,6195,8.69963656,6247,4.002366231,4.046154087,6197,2.283247,6195,9.08864137,6197,0.882429,6195,10.48943118
(7#)30,6353,2.124621,6397,2.672075,6300,8.26068737,6300,8.54943114,6352,4.044700161,4.049599941,6301,2.285013,6300,8.93654555,6301,0.882683,6300,10.33882469
(7#)61/2,6421,2.298798,6469,2.672025,6405,8.78106455,6405,8.69418887,6457,4.017797383,4.042110990,6421,2.286977,6405,9.07953832,6491,0.882677,6405,10.48349670
(7#)31,6568,2.399779,6607,2.671912,6510,8.48065427,6510,8.84387731,6562,4.059555183,4.051085816,6521,2.288556,6510,9.22746055,6607,0.882415,6510,10.63314431
(7#)63/2,6719,2.265862,6719,2.671839,6615,8.51815935,6615,8.54880788,6667,4.043817526,4.043685497,6619,2.290033,6615,8.93074162,6719,0.881978,6615,10.33832416
(7#)32,6791,2.430712,6823,2.671772,6765,7.91178535,6720,8.54861281,6772,3.992504559,4.044179549,6733,2.291738,6720,8.92889427,6823,0.881416,6720,10.33842095
(7#)65/2,6863,2.365471,6917,2.671733,6825,9.18281598,6825,9.32561359,6877,4.055639365,4.046031080,6827,2.293061,6825,9.70435161,6917,0.880803,6825,11.11598086
(11#)3,7024,2.323062,7027,2.671646,6930,9.57022794,6930,9.49810045,6982,4.034484259,4.050991422,6947,2.294720,6930,9.87529100,7027,0.879898,6930,11.28906777
(7#)67/2,7108,2.390305,7129,2.671604,7035,8.65754455,7035,8.67954514,7087,4.008335516,4.048563044,7039,2.295949,7035,9.05528992,7129,0.878961,7035,10.47135906
(7#)34,7219,2.055910,7243,2.671518,7140,8.99867832,7140,9.11771327,7192,4.006742264,4.043676857,7151,2.297399,7140,9.49200725,7243,0.877725,7140,10.91041361
(7#)69/2,7246,2.136908,7349,2.671475,7245,8.89869542,7245,8.95476755,7297,3.982324836,4.047296377,7247,2.298603,7245,9.32770596,7349,0.876476,7245,10.74858198
(7#)35,7351,2.199762,7451,2.671399,7350,8.15181074,7350,8.54755750,7402,3.981201480,4.045293402,7351,2.299867,7350,8.91913446,7451,0.875120,7350,10.34252516
(7#)71/2,7522,2.372402,7559,2.671338,7455,8.83168226,7455,8.67119566,7507,3.968241965,4.043564318,7457,2.301133,7455,9.04150053,7559,0.873580,7455,10.46752701
(7#)36,7561,2.321013,7649,2.671307,7560,8.65079274,7560,8.54715332,7612,3.972123085,4.048802879,7561,2.302318,7560,8.91617955,7649,0.872221,7560,10.34488718
(7#)73/2,7727,2.199214,7759,2.671230,7665,8.55978200,7665,8.66741947,7717,3.945571615,4.044696417,7669,2.303510,7665,9.03525105,7759,0.870408,7665,10.46675052
(7#)37,7846,2.336977,7873,2.671187,7770,9.12968576,7770,8.79107181,7822,3.939594257,4.045132956,7789,2.304790,7770,9.15770163,7873,0.868439,7770,10.59203888
(7#)75/2,7951,2.232082,7963,2.671123,7875,7.93215960,7875,8.54665467,7927,3.925288875,4.041309917,7877,2.305699,7875,8.91216183,7963,0.866765,7875,10.34943794
(7#)38,8062,2.328303,8081,2.671080,7980,8.86151069,7980,9.04923277,8032,3.952135799,4.044512675,7993,2.306862,7980,9.41360972,8081,0.864497,7980,10.85387133
(11#)7/2,8116,2.236375,8179,2.671014,8085,9.49404748,8085,9.49598970,8137,3.953392684,4.049983648,8087,2.307759,8085,9.85931102,8179,0.862486,8085,11.30265036
(7#)39,8224,2.292547,8192,2.670682,8190,9.19979531,8190,9.32316868,8242,3.956252054,4.047956873,8192,2.308444,8190,9.68542650,8293,0.860078,8190,11.13189102
(7#)79/2,8311,2.234912,8389,2.670927,8295,8.67819577,8295,8.65701829,8347,3.967198155,4.046733233,8297,2.309726,8295,9.01828304,8389,0.857950,8295,10.46795678
(7#)40,8429,2.249292,8501,2.670873,8400,8.39818911,8400,8.54588363,8452,4.005787699,4.043483885,8419,2.310789,8400,8.90614718,8501,0.855371,8400,10.35907848
(7#)81/2,8599,2.329117,8609,2.670822,8505,8.54937189,8580,8.63195161,8557,3.959131350,4.040908984,8513,2.311610,8580,8.99059902,8609,0.852789,8580,10.44927318
(7#)41,8614,2.287560,8713,2.670774,8610,8.81029329,8610,8.76475917,8662,4.000404972,4.047353914,8623,2.312509,8610,9.12314523,8713,0.850216,8610,10.58279388
(7#)83/2,8777,2.179478,8819,2.670711,8715,8.50173807,8715,8.65094459,8767,4.001008602,4.045441546,8719,2.313284,8715,9.00845083,8819,0.847494,8715,10.47155217
(7#)42,8839,2.279660,8923,2.670664,8820,8.72119273,8820,8.54530676,8872,4.004900535,4.041994366,8821,2.314098,8820,8.90192473,8923,0.844757,8820,10.36852918
(7#)85/2,9014,2.281605,9029,2.670632,8925,9.64346441,8925,9.11489376,8977,4.002710432,4.049617584,8929,2.314919,8925,9.47068328,9029,0.841902,8925,10.94085356
(7#)43,9091,2.412999,9133,2.670587,9030,8.34206329,9030,8.75349434,9082,3.981217473,4.041700401,9041,2.315743,9030,9.10844688,9133,0.839009,9030,10.58223453
(7#)87/2,9173,2.323530,9239,2.670527,9135,8.48656720,9135,8.86137132,9187,4.001247760,4.042173423,9137,2.316428,9135,9.21554367,9239,0.835969,9135,10.69300525
(11#)4,9283,2.301998,9343,2.670483,9240,9.63749652,9240,9.49418124,9292,4.012813331,4.047586891,9241,2.317149,9240,9.84756483,9343,0.832927,9240,11.32875303
(7#)89/2,9349,2.396602,9439,2.670444,9345,8.48036675,9345,8.64288941,9397,4.007555190,4.046214200,9349,2.317874,9345,8.99553819,9439,0.830057,9345,10.48050379
(7#)45,9511,2.294051,9551,2.670398,9450,8.61855486,9450,8.54454716,9502,3.954109250,4.041113500,9461,2.318603,9450,8.89645259,9551,0.826633,9450,10.38524946
(7#)91/2,9649,2.163663,9649,2.670372,9555,9.35414843,9555,9.32113413,9607,3.959602402,4.048397731,9587,2.319381,9555,9.67234754,9649,0.823586,9555,11.16502103
(7#)46,9748,2.284701,9749,2.670332,9660,8.92495168,9660,8.95111839,9712,3.979256928,4.041817941,9661,2.319846,9660,9.30163123,9749,0.820402,9660,10.79823645
(7#)93/2,9817,2.375649,9829,2.670300,9765,8.57412318,9765,8.83879237,9817,4.001682188,4.050942858,9767,2.320462,9765,9.18865354,9859,0.816817,9765,10.68923073
(7#)47,9941,2.284239,9973,2.670244,9870,8.74177224,9870,8.73391281,9922,3.985420147,4.036512577,9871,2.321062,9870,9.08311384,9973,0.813053,9870,10.58771934
(7#)95/2,10078,2.360845,10079,2.670190,9975,9.24857451,9975,9.04646099,10027,3.995647101,4.049083220,10007,2.321818,9975,9.39504849,10079,0.809462,9975,10.90371772
(7#)48,10174,2.343381,10181,2.670165,10080,8.32911566,10080,8.54376264,10132,3.973714842,4.041625442,10091,2.322270,10080,8.89172820,10181,0.805971,10080,10.40451876
(7#)97/2,10273,2.292671,10289,2.670125,10185,8.32950717,10185,8.63361722,10237,3.994392599,4.043750199,10193,2.322817,10185,8.98100528,10289,0.802199,10185,10.49794807
(7#)49,10369,2.243034,10391,2.670075,10290,8.59384526,10290,8.54356903,10342,4.024021069,4.041033612,10301,2.323364,10290,8.89037132,10391,0.798566,10290,10.41152520
(11#)9/2,10462,2.194423,10499,2.670035,10395,9.44835638,10395,9.49267980,10447,4.027246934,4.049151973,10399,2.323834,10395,9.83893875,10499,0.794672,10395,11.36433031
(7#)50,10501,2.449522,10601,2.670011,10500,8.52416040,10500,8.54330046,10552,4.035724963,4.043083249,10501,2.324333,10500,8.88900789,10601,0.790951,10500,10.41869728
(7#)101/2,10687,2.319381,10709,2.669973,10605,8.84761592,10605,8.62952079,10657,4.053753666,4.040995016,10607,2.324810,10605,8.97471726,10709,0.786940,10605,10.50872699
(7#)51,10786,2.430362,10799,2.669930,10710,8.90730621,10710,9.11265762,10762,4.070227225,4.048454954,10711,2.325276,10710,9.45733506,10814,0.783232,10710,10.99572658
(7#)103/2,10883,2.318296,10909,2.669903,10815,8.64871912,10815,8.62755052,10867,4.004331436,4.039095383,10831,2.325795,10815,8.97174774,10909,0.779359,10815,10.51453969
(7#)52,11023,2.452351,11003,2.669860,10920,9.43768576,10920,9.31948435,10972,4.036042472,4.050093678,10937,2.326249,10920,9.66319342,11014,0.775542,10920,11.21044852
(7#)105/2,11054,2.258518,11087,2.669831,11025,8.55056947,11025,8.54278948,11077,3.992545989,4.040993003,11027,2.326602,11025,8.88604753,11027,0.774937,11025,10.43778075
(7#)53,11197,2.391314,11213,2.669801,11130,8.57999332,11130,8.71018917,11182,4.025832058,4.048667546,11131,2.327011,11130,9.05298842,11131,0.786802,11130,10.59316753
(7#)107/2,11272,2.131467,11329,2.669763,11235,8.73451914,11235,8.62390003,11287,3.981372281,4.039031346,11239,2.327421,11235,8.96627603,11239,0.798923,11235,10.49520479
(7#)54,11353,2.334737,11443,2.669714,11385,8.42939459,11340,8.54244131,11392,4.001538883,4.043664349,11351,2.327832,11340,8.88438645,11351,0.811282,11340,10.40196638
(7#)109/2,11461,2.347919,11549,2.669692,11445,8.57779617,11445,8.62220880,11497,3.971367973,4.039289919,11447,2.328172,11445,8.96375713,11447,0.821710,11445,10.47042835
(11#)5,11593,2.296655,11633,2.669665,11550,9.48545130,11550,9.49141587,11602,4.004035652,4.044002680,11551,2.328530,11550,9.83255994,11551,0.832838,11550,11.32822390
(7#)111/2,11749,2.392249,11743,2.669620,11655,8.60649982,11655,8.78619854,11707,3.996074489,4.047534597,11657,2.328892,11655,9.12697102,11657,0.844014,11655,10.61205119
(7#)56,11839,2.348206,11863,2.669582,11760,8.39587779,11760,8.54204077,11812,3.976595295,4.040638484,11777,2.329275,11760,8.88243436,11762,0.855267,11760,10.35683228
(7#)113/2,11932,2.392674,11969,2.669561,11865,8.36774564,11865,8.61893084,11917,3.981939577,4.041350956,11867,2.329542,11865,8.95897689,11867,0.865615,11865,10.42310034
(7#)57,11971,2.386736,12073,2.669529,11970,8.98693403,11970,9.04434477,12022,4.002691818,4.041278721,11971,2.329852,11970,9.38403615,11971,0.876075,11970,10.83778685
(7#)115/2,12101,2.395745,12163,2.669492,12075,8.57491459,12075,8.94850011,12127,4.044790224,4.048322666,12097,2.330224,12075,9.28786690,12076,0.887273,12075,10.73163785
(7#)58,12281,2.223656,12281,2.669467,12180,8.86473307,12180,8.85801523,12232,4.019047077,4.044169056,12197,2.330499,12180,9.19705048,12182,0.897182,12180,10.63074370
(7#)117/2,12326,2.217079,12347,2.669437,12285,9.18105503,12285,9.31810444,12337,4.042543890,4.043657717,12289,2.330744,12285,9.65683704,12289,0.907121,12285,11.08083153
(7#)59,12422,2.346659,12491,2.669396,12390,8.40207017,12390,8.69135577,12442,4.009926200,4.040547190,12391,2.330996,12390,9.02977895,12391,0.916773,12390,10.44397713
(7#)119/2,12574,2.295932,12589,2.669378,12495,8.66043013,12495,9.11080432,12547,4.017812412,4.050772483,12497,2.331268,12495,9.44894584,12497,0.926681,12495,10.85371348
(7#)60,12671,2.225896,12703,2.669335,12600,8.63111440,12600,8.54129031,12652,3.944461341,4.033881032,12601,2.331515,12600,8.87914357,12601,0.936252,12600,10.27438358
(11#)11/2,12757,2.354186,12809,2.669316,12705,9.16595724,12705,9.49025683,12757,3.949003822,4.047847516,12713,2.331771,12705,9.82784853,12706,0.946107,12705,11.21391413
(7#)61,12878,2.336543,12911,2.669278,12810,8.46350784,12810,8.68590906,12862,3.934690747,4.043441920,12821,2.332007,12810,9.02323277,12812,0.955991,12810,10.40002744
(7#)123/2,12982,2.377047,13009,2.669260,12915,8.71515540,12915,8.76002368,12967,3.968793455,4.038792125,12917,2.332209,12915,9.09710507,12917,0.964515,12915,10.46497015
(7#)62,13049,2.340065,13121,2.669230,13020,8.71414996,13020,8.83545298,13072,3.980025259,4.048155103,13033,2.332442,13020,9.17228581,13033,0.974592,13020,10.53112539
(7#)125/2,13142,2.381559,13229,2.669201,13125,8.49533428,13125,8.54088118,13177,3.977088234,4.042287717,13127,2.332614,13125,8.87749014,13127,0.982636,13125,10.22763430
(7#)63,13241,2.313245,13331,2.669164,13230,8.33251629,13230,8.54079737,13282,3.958164665,4.040984281,13241,2.332834,13230,8.87717641,13241,0.992280,13230,10.21852990
(7#)127/2,13339,2.408045,13421,2.669150,13335,8.76844060,13335,8.60900658,13387,3.984331941,4.041338649,13337,2.333003,13335,8.94517946,13337,1.000283,13335,10.27806165
(7#)64,13451,2.365320,13537,2.669119,13440,8.63297568,13440,8.54059921,13492,4.007289633,4.044175497,13441,2.333178,13440,8.87656005,13441,1.008841,13440,10.20087642
(7#)129/2,13646,2.418129,13649,2.669090,13545,8.82129881,13545,8.74885075,13597,3.987941190,4.035129935,13553,2.333358,13545,9.08462244,13553,1.017931,13545,10.40068218
(7#)65,13729,2.380300,13751,2.669055,13650,8.95297785,13650,9.31687000,13702,3.991797902,4.050836108,13669,2.333535,13650,9.65244682,13654,1.026318,13650,10.96015618
(7#)131/2,13807,2.343338,13859,2.669028,13755,8.37142247,13755,8.60655649,13807,3.982026588,4.039975331,13757,2.333662,13755,8.94196049,13757,1.034158,13755,10.24161897
(11#)6,13943,2.508139,13963,2.669002,13860,9.55432606,13860,9.48919262,13912,3.985946517,4.044509695,13873,2.333822,13860,9.82441827,13873,1.043201,13860,11.11593290
(7#)133/2,14051,2.389016,14029,2.668994,13965,8.87192975,13965,9.04258698,14017,3.956586634,4.043850568,13967,2.333935,13965,9.37765554,13967,1.050425,13965,10.66131661
(7#)67,14096,2.408715,14173,2.668959,14070,8.32609536,14070,8.67153022,14122,3.976916662,4.041576626,14071,2.334064,14070,9.00643632,14071,1.058330,14070,10.28215167
(7#)135/2,14243,2.286441,14251,2.668931,14175,8.40681424,14175,8.54003543,14227,3.967666525,4.042101986,14177,2.334196,14175,8.87479954,14177,1.066292,14175,10.14285070
(7#)68,14332,2.428418,14369,2.668911,14280,8.79311025,14280,9.10929007,14332,3.989705798,4.043706976,14281,2.334310,14280,9.44390700,14281,1.073996,14280,10.70420265
(7#)137/2,14411,2.316236,14489,2.668882,14385,8.30958693,14385,8.60316769,14437,3.994566370,4.042370009,14387,2.334411,14385,8.93765719,14387,1.081741,14385,10.19047047
(7#)69,14528,2.225437,14593,2.668858,14490,8.89487412,14490,8.94649302,14542,4.003206644,4.042223669,14503,2.334522,14490,9.28085008,14494,1.089756,14490,10.52609053
(7#)139/2,14699,2.430591,14699,2.668824,14595,8.44162097,14595,8.60206380,14647,4.007547902,4.042723926,14621,2.334636,14595,8.93630746,14614,1.098303,14595,10.17424024
(7#)70,14779,2.470069,14797,2.668810,14700,8.49350364,14700,8.53965669,14752,4.017750820,4.038432306,14713,2.334712,14700,8.87378210,14702,1.104493,14700,10.10431762
(7#)141/2,14831,2.313924,14869,2.668793,14805,8.91974615,14805,8.72937727,14857,4.036711663,4.044516350,14813,2.334788,14805,9.06340279,14813,1.111940,14805,10.28679858
(7#)71,14951,2.398094,15013,2.668760,14910,8.47297674,14910,8.66329734,14962,4.021344499,4.036067001,14923,2.334858,14910,8.99721830,14914,1.119148,14910,10.21338565
(13#)/2,15784,2.297078,16141,2.668514,15015,10.42234789,15015,10.35083057,15581,4.022986198,4.042543949,15017,2.334927,15015,10.68466468,15017,1.125871,15015,11.89385383
(11#)7,17218,2.342733,17321,2.668280,16170,9.36233987,16170,9.48744417,16737,4.017231800,4.041453555,17321,2.335024,16170,9.82065950,16174,1.199339,16170,10.95701616
(11#)15/2,18322,2.313856,18461,2.668071,17745,9.32207485,17325,9.48666633,17893,4.009270284,4.041472758,18461,2.334243,17325,9.81992279,17327,1.263565,17325,10.89147846
(11#)8,18637,2.262025,19609,2.667877,18480,9.31770329,18480,9.48592884,19048,3.999206331,4.040728514,19609,2.333008,18480,9.81976808,18481,1.321071,18480,10.83291138
(11#)17/2,20509,2.288028,20789,2.667693,19635,9.85407381,19635,10.11761783,20204,3.982392003,4.041175754,20789,2.331334,19635,10.45251555,19636,1.373167,19635,11.41282457
(11#)9,20816,2.279925,21943,2.667519,20790,9.50917607,20790,9.48467315,21359,3.983191382,4.040668160,21943,2.329342,20790,9.82103161,20798,1.419784,20790,10.73301703
(11#)19/2,22354,2.333078,23099,2.667361,21945,10.03630588,21945,10.04198433,22515,4.019335261,4.040177142,22051,2.329140,21945,10.38016396,21946,1.461844,21945,11.24786681
(11#)10,23201,2.282149,24251,2.667213,23205,9.96342729,23205,9.93182028,23670,4.027252700,4.040334084,23102,2.339835,23205,10.25847575,23102,1.500507,23205,11.09554029
(11#)21/2,24256,2.336632,25409,2.667078,24255,9.26316555,24255,9.48303126,24825,4.024633398,4.039768671,24281,2.350596,24255,9.79988228,24268,1.536458,24255,10.61453642
(11#)11,25496,2.309603,26561,2.666946,25935,10.00515405,25935,9.85758127,25981,4.000939496,4.039896020,25411,2.360195,25935,10.16019459,25411,1.568347,25935,10.94228761
(11#)23/2,27182,2.331847,27701,2.666822,26565,9.68903779,26565,9.93364518,27136,4.000845194,4.039502163,26573,2.369325,26565,10.23132595,26573,1.598658,26565,11.00213359
(11#)12,27904,2.328254,28871,2.666698,28665,9.64300221,27720,9.48167174,28291,4.029672300,4.039490838,27733,2.377764,27720,9.77081032,27733,1.626697,27720,10.52206759
(11#)25/2,29738,2.340355,30029,2.666589,28875,9.33805967,28875,9.48126293,29446,4.023198834,4.038614127,28879,2.385511,28875,9.76247600,28879,1.652458,28875,10.49558913
(13#),30332,2.331433,31183,2.666477,30030,10.29324643,30030,10.34278742,30602,4.005680564,4.039601016,30047,2.392875,30030,10.61659289,30034,1.676805,30030,11.33274103
(11#)27/2,31294,2.341935,32327,2.666375,31395,9.61692440,31395,9.75130720,31757,3.986566579,4.039122704,31189,2.399609,31395,10.01699134,31189,1.699346,31395,10.71453529
(11#)14,32972,2.389670,32768,2.666256,32340,9.25579730,32340,9.48014915,32912,4.000521262,4.038224682,32341,2.405975,32340,9.74055065,32341,1.720532,32340,10.42598935
(11#)29/2,34274,2.354215,34649,2.666185,33495,9.86602778,33495,9.83091290,34067,4.007956126,4.038860767,33503,2.412001,33495,10.08522776,33503,1.740606,33495,10.75671706
(11#)15,35792,2.297694,35803,2.666091,34650,9.32153632,34650,9.47949526,35222,4.012040735,4.038533736,34651,2.417609,34650,9.72806649,34651,1.759283,34650,10.38638900
(11#)31/2,36436,2.373766,36947,2.666005,35805,9.80252643,35805,9.80604971,36377,4.001639093,4.038252507,35809,2.422948,35805,10.04921431,35809,1.777062,35805,10.69514140
(11#)16,37201,2.393769,38113,2.665924,36960,9.33802928,36960,9.47886983,37533,4.012229262,4.038301709,36973,2.428014,36960,9.71691275,36962,1.793882,36960,10.35109514
(11#)33/2,38188,2.401751,39251,2.665841,38115,9.35358563,38115,9.47857955,38688,4.042900533,4.037587866,38119,2.432732,38115,9.71178380,38119,1.809683,38115,10.33487008
(11#)17,39992,2.425829,40423,2.665762,39270,10.20109986,39270,10.11019819,39843,4.043835535,4.038196595,39293,2.437320,39270,10.33880320,39293,1.824975,39270,10.95134060
(11#)35/2,40597,2.307754,41579,2.665687,41055,9.76303145,41055,9.53204684,40998,4.028247376,4.037991369,40427,2.441523,41055,9.75400318,40427,1.839000,41055,10.35129096
(11#)18,41851,2.392174,42727,2.665615,42315,9.55848499,42315,9.62616082,42153,4.022975684,4.037701594,41593,2.445640,42315,9.84371724,41593,1.852727,42315,10.43091242
(11#)37/2,43531,2.348344,43889,2.665547,42735,9.80136239,42735,9.74830457,43308,4.011114928,4.037750629,42737,2.449483,42735,9.96444487,42737,1.865552,42735,10.54839169
(11#)19,44533,2.418503,45013,2.665481,43890,9.90341504,43890,10.03477120,44463,4.004938129,4.037178778,43891,2.453179,43890,10.24713560,43891,1.877891,43890,10.82242079
(13#)3/2,45259,2.407217,46199,2.665410,45045,10.26764128,45045,10.33859678,45618,4.011821101,4.037646434,45053,2.456736,45045,10.54736320,45053,1.889759,45045,11.11439580
(11#)20,46369,2.380141,47353,2.665349,46410,9.79215333,46410,9.92477041,46773,3.995087918,4.037328105,46219,2.460142,46410,10.12947905,46219,1.901136,46410,10.68720407
(11#)41/2,47834,2.378831,48497,2.665287,47355,9.54488090,47355,9.71957662,47929,4.001173874,4.037991422,47363,2.463343,47355,9.92160245,47363,1.911821,47355,10.47317473
(11#)21,48931,2.430664,49663,2.665224,49140,9.40378836,48510,9.47637982,49084,4.005414552,4.036710605,48523,2.466451,48510,9.67524343,48523,1.922203,48510,10.21956327
(11#)43/2,50461,2.416903,50789,2.665169,49665,9.65248299,49665,9.70729564,50239,4.016569322,4.037140733,49667,2.469392,49665,9.90313288,49667,1.932023,49665,10.44051319
(11#)22,51826,2.346624,51973,2.665111,51870,9.99806075,51870,9.85076268,51394,4.012628549,4.036834832,50821,2.472242,51870,10.04114219,50821,1.941537,51870,10.56600912
(11#)45/2,52876,2.469593,53129,2.665055,51975,9.31934551,51975,9.47575949,52549,4.013069337,4.036797377,51977,2.474982,51975,9.66589244,51977,1.950691,51975,10.19019447
(11#)23,53624,2.388364,54277,2.665002,53130,9.89328734,53130,9.92679171,53704,4.013726584,4.037189217,53147,2.477647,53130,10.11423306,53147,1.959597,53130,10.63236512
(11#)47/2,54421,2.447211,55439,2.664947,54285,9.78259187,54285,9.68594932,54859,4.026320921,4.036694399,54287,2.480147,54285,9.87080540,54287,1.967950,54285,10.38301287
(11#)24,56176,2.444148,56591,2.664895,55440,9.56399190,55965,9.54137925,56014,4.022016383,4.036605452,55441,2.482588,55965,9.72263831,55441,1.976099,55965,10.22660407
(11#)49/2,57172,2.426083,57737,2.664848,56595,9.41284344,56595,9.47501581,57169,4.018045073,4.036553475,56597,2.484943,56595,9.65497433,56597,1.983966,56595,10.15596084
(11#)25,58789,2.355012,58901,2.664798,58695,9.53919817,58695,9.52932283,58324,4.009461169,4.036527575,57751,2.487208,58695,9.70512353,57751,1.991539,58695,10.19658792
(11#)51/2,59074,2.411060,60041,2.664751,58905,10.14218881,58905,10.10632240,59479,4.004974453,4.036134092,58907,2.489401,58905,10.28172163,58907,1.998864,58905,10.77226683
(13#)2,61058,2.418361,61211,2.664702,60060,10.28857922,60060,10.33582324,60634,4.021212553,4.036457514,60077,2.491546,60060,10.50905611,60077,2.006026,60060,10.99464167
(11#)53/2,61444,2.421746,62351,2.664657,61215,9.64534908,61215,9.66011306,61789,4.027164820,4.036444004,61223,2.493573,61215,9.83125605,61223,2.012803,61215,10.31205893
(11#)27,63421,2.436905,63521,2.664614,62790,9.83540102,62790,9.74482144,62944,4.027227319,4.036385128,62383,2.495560,62790,9.91321828,62383,2.019439,62790,10.38773807
(11#)55/2,64198,2.443219,64679,2.664569,64155,9.50337581,64155,9.50839434,64099,4.042465348,4.036401987,63527,2.497456,64155,9.67451111,63527,2.025774,64155,10.14381670
(11#)28,65336,2.468498,65536,2.664496,64680,9.44756523,64680,9.47387515,65254,4.025186753,4.035918736,64693,2.499329,64680,9.63913458,64682,2.032017,64680,10.10647973
(11#)57/2,66602,2.429966,66977,2.664486,65835,9.77535774,65835,10.03100388,66409,4.022208386,4.035928352,65837,2.501108,65835,10.19442602,65837,2.037970,65835,10.65757170
(11#)29,67904,2.413565,68141,2.664445,66990,9.80639681,66990,9.82445943,67565,4.014983478,4.036110895,67003,2.502865,66990,9.98609601,67003,2.043840,66990,10.44516141
(11#)59/2,69239,2.447118,69263,2.664405,68145,9.55368012,68145,9.63964334,68720,4.021829816,4.035968425,68147,2.504538,68145,9.79955145,68147,2.049427,68145,10.25466889
(11#)30,69911,2.449157,70451,2.664364,69615,10.09514545,69615,9.92108617,69875,4.013554402,4.036023218,69313,2.506195,69615,10.07886498,69302,2.054948,69615,10.52912072
(11#)61/2,70544,2.431070,71597,2.664327,70455,9.49396558,70455,9.63372183,71030,4.017318085,4.035777845,70457,2.507771,70455,9.79031899,70457,2.060219,70455,10.23787778
(11#)31,71633,2.358847,72763,2.664288,71610,9.74488844,71610,9.79968688,72185,4.013948819,4.035862795,71633,2.509345,71610,9.95469734,71618,2.065451,71610,10.39863575
(11#)63/2,73016,2.438849,73907,2.664251,73185,9.46959502,72765,9.47289828,73340,4.017544937,4.035601027,72767,2.510819,72765,9.62636978,72767,2.070396,72765,10.06679867
(11#)32,74716,2.474061,75041,2.664217,73920,9.40564697,73920,9.47276386,74495,4.011600163,4.035642087,73939,2.512301,73920,9.62473540,73939,2.075343,73920,10.06174468
(13#)5/2,75968,2.467098,76213,2.664181,75075,10.18649755,75075,10.33378523,75650,4.009472773,4.035409142,75079,2.513704,75075,10.48430067,75079,2.080024,75075,10.91799226
(11#)33,77144,2.383605,77383,2.664144,76230,9.45590124,76230,9.47251671,76805,4.011180526,4.035769191,76231,2.515083,76230,9.62161173,76231,2.084626,76230,10.05206796
(11#)67/2,78427,2.494035,78539,2.664109,77805,9.76782602,77805,9.84719137,77960,4.011396832,4.035033491,77417,2.516467,77805,9.99441293,77386,2.089159,77805,10.42060475
(11#)34,79312,2.406904,79693,2.664077,78540,10.05479007,78540,10.10375340,79115,4.010841134,4.035663407,78541,2.517743,78540,10.25012112,78541,2.093493,78540,10.67437006
(11#)69/2,79784,2.452666,80849,2.664044,79695,9.82619573,79695,9.92320502,80270,4.009339080,4.035929192,79697,2.519021,79695,10.06826277,79697,2.097757,79695,10.48953264
(11#)35,81749,2.460417,82003,2.664010,80850,9.53983296,80850,9.47203871,81425,4.023757152,4.035078630,80863,2.520277,80850,9.61581660,80863,2.101946,80850,10.03417697
(11#)71/2,82252,2.460452,83137,2.663980,82005,9.59156841,82005,9.60919834,82580,4.022987689,4.035143167,82007,2.521479,82005,9.75173091,82007,2.105953,82005,10.16726214
(11#)36,84046,2.459958,84313,2.663948,83160,9.45076983,83160,9.47180737,83735,4.018974884,4.035038581,83177,2.522680,83160,9.61312239,83177,2.109951,83160,10.02588863
(11#)73/2,84562,2.471941,85469,2.663916,84630,9.47355972,84630,9.62013006,84890,4.010615309,4.035504899,84317,2.523820,84630,9.75993952,84317,2.113749,84630,10.16928912
(11#)37,86248,2.426071,86599,2.663885,85470,9.63819940,85470,9.74220918,86045,4.012185248,4.035444893,85487,2.524961,85470,9.88117882,85474,2.117546,85470,10.28862360
(11#)75/2,87316,2.472748,87767,2.663855,86625,9.63376574,86625,9.47148493,87200,4.016879694,4.034634029,86627,2.526047,86625,9.60932448,86627,2.121168,86625,10.01420760
(11#)38,88498,2.433762,88919,2.663825,87780,9.96005196,87780,10.02851528,88355,4.017289845,4.035526542,87793,2.527133,87780,10.16524850,87793,2.124782,87780,10.56762485
(11#)77/2,89459,2.383150,90089,2.663797,88935,9.47959386,88935,9.47127161,89510,4.013389886,4.034307797,88937,2.528173,88935,9.60692625,88937,2.128243,88935,10.00686052
(13#)3,90526,2.492321,91243,2.663767,90090,10.38468869,90090,10.33218950,90665,4.019601669,4.035559925,90107,2.529212,90090,10.46678758,90107,2.131700,90090,10.86433075
(11#)79/2,92357,2.434532,92399,2.663739,91245,9.52712833,91245,9.59407381,91820,4.027852563,4.035246927,91249,2.530204,91245,9.72764123,91249,2.135000,91245,10.12285369
(11#)40,92656,2.473194,93553,2.663712,92820,9.90654167,92820,9.91865121,92975,4.027671889,4.034579181,92401,2.531183,92820,10.05084701,92401,2.138253,92820,10.44295960
(11#)81/2,94228,2.450231,94709,2.663685,94185,9.74901323,94185,9.74141833,94130,4.033261399,4.034928466,93557,2.532143,94185,9.87246018,93557,2.141444,94185,10.26196731
(11#)41,95467,2.446013,95857,2.663658,94710,9.93163966,94710,9.71362050,95285,4.031046843,4.034733220,94723,2.533089,94710,9.84422485,94723,2.144591,94710,10.23274445
(11#)83/2,96361,2.470995,97007,2.663631,95865,9.55834658,95865,9.58760698,96440,4.023644144,4.035466160,95869,2.534001,95865,9.71726709,95869,2.147618,95865,10.10365694
(11#)42,97684,2.508166,98143,2.663605,97020,9.52398656,97020,9.47058789,97595,4.022243773,4.033882007,97021,2.534897,97020,9.59932153,97021,2.150595,97020,9.98362280
(11#)85/2,98764,2.453349,99317,2.663579,98175,9.98053734,98175,10.10186193,98750,4.019602562,4.034575599,98179,2.535779,98175,10.22969039,98179,2.153523,98175,10.61195275
(11#)43,99581,2.468655,100483,2.663553,99330,9.79916613,99330,9.70139408,99905,4.024129168,4.034621579,99347,2.536650,99330,9.82833394,99334,2.156414,99330,10.20859587
(11#)87/2,101467,2.483060,101627,2.663528,100485,9.94373926,100485,9.82107121,101060,4.027806620,4.034968057,100493,2.537488,100485,9.94714247,100493,2.159193,100485,10.32545068
(11#)44,102352,2.491281,102793,2.663504,101745,9.57006945,101745,9.62620237,102215,4.036171875,4.034648547,101641,2.538310,101745,9.75134488,101641,2.161919,101745,10.12756549
(11#)89/2,103214,2.468903,103919,2.663479,103740,9.77761627,103740,9.84482054,103370,4.031097057,4.034702929,102797,2.539121,103740,9.96853242,102797,2.164608,103740,10.34154046
(11#)45,104056,2.467765,105097,2.663455,103950,9.39670907,103950,9.47005704,104525,4.026614224,4.033948396,103951,2.539914,103950,9.59362123,103951,2.167236,103950,9.96629792
(13#)7/2,105883,2.452749,106243,2.663430,105105,10.36966147,105105,10.33087844,105680,4.026355782,4.034486226,105107,2.540693,105105,10.45364064,105107,2.169818,105105,10.82451875
(11#)46,106298,2.480088,107377,2.663408,106260,9.97370965,106260,9.92083173,106835,4.024832173,4.034637693,106261,2.541457,106260,10.04280557,106261,2.172345,106260,10.41191675
(11#)93/2,107684,2.498534,108557,2.663385,107415,9.85001628,107415,9.79634681,107990,4.023420931,4.034515668,107441,2.542222,107415,9.91754902,107441,2.174877,107415,10.28493241
(11#)47,109717,2.499467,109721,2.663361,108570,9.59472534,108570,9.68016198,109145,4.024285255,4.034398519,108571,2.542940,108570,9.80060537,108571,2.177254,108570,10.16629070
(11#)95/2,110281,2.415536,110879,2.663338,109725,9.97762500,109725,10.02668062,110300,4.018551637,4.034580817,109741,2.543671,109725,10.14638100,109741,2.179669,109725,10.51040525
(11#)48,111058,2.464714,112031,2.663315,110880,9.31702272,111930,9.53571186,111456,4.018080391,4.034016250,110881,2.544369,111930,9.65402909,110881,2.181977,111930,10.01496442
(11#)97/2,112681,2.478536,113189,2.663294,112035,9.64774711,112035,9.56915994,112611,4.008850191,4.034541288,112061,2.545078,112035,9.68741334,112061,2.184321,112035,10.04820640
(11#)49,113389,2.460935,114343,2.663271,113190,9.40336623,113190,9.46940676,113766,4.007608757,4.034205570,113209,2.545756,113190,9.58695549,113194,2.186555,113190,9.94617681
(11#)99/2,115426,2.500222,115499,2.663250,114345,9.48605693,114345,9.46932977,114921,4.008933702,4.034085765,114371,2.546428,114345,9.58618799,114346,2.188759,114345,9.94387073
(11#)50,116371,2.460027,116639,2.663229,116025,9.85034823,116025,9.91685549,116076,4.006626866,4.034341462,115513,2.547079,116025,10.03272994,115513,2.190925,116025,10.38822278
(11#)101/2,116728,2.402456,117809,2.663208,116655,9.62888952,116655,9.56482404,117231,4.001487231,4.033813691,116657,2.547718,116655,9.68033605,116657,2.193034,116655,10.03502278
(11#)51,118894,2.444233,118931,2.663187,117810,10.14771318,117810,10.10037850,118386,4.004457247,4.034576663,117811,2.548352,117810,10.21523422,117811,2.195123,117810,10.56846214
(11#)103/2,119458,2.462122,120103,2.663166,118965,9.52419767,118965,9.56278420,119541,4.004474367,4.033520810,118967,2.548976,118965,9.67699636,118967,2.197179,118965,10.02879533
(13#)4,121234,2.463828,121271,2.663146,120120,10.20435862,120120,10.32977036,120696,4.012185647,4.034111514,120121,2.549589,120120,10.44334851,120121,2.199196,120120,10.79374071
(11#)105/2,121612,2.502568,122401,2.663127,121485,9.27437145,121275,9.46888443,121851,4.010717278,4.034303777,121283,2.550194,121275,9.58184066,121283,2.201189,121275,9.93085448
(11#)53,123059,2.504951,123583,2.663106,122430,9.68124523,122430,9.65447974,123006,4.013154077,4.033958083,122443,2.550788,122430,9.76682308,122443,2.203145,122430,10.11447950
(11#)107/2,124447,2.517146,124739,2.663086,123585,9.52613513,123585,9.55892504,124161,4.019512049,4.033838659,123593,2.551369,123585,9.67066700,123593,2.205052,123585,10.01699303
(11#)54,125479,2.491172,125887,2.663067,125580,9.67256963,125580,9.73915681,125316,4.024608535,4.034171262,124753,2.551943,125580,9.84988134,124753,2.206941,125580,10.19395910
(11#)109/2,126397,2.546025,127037,2.663048,126945,9.59062020,126945,9.61695694,126471,4.024587843,4.033846492,125897,2.552501,126945,9.72700277,125897,2.208773,126945,10.06958311
(11#)55,127189,2.428594,128203,2.663028,127050,9.41872620,127050,9.46854111,127626,4.016761214,4.033556505,127051,2.553054,127050,9.57853458,127051,2.210588,127050,9.92099932
(11#)111/2,129263,2.490514,129347,2.663010,128205,9.68065367,128205,9.73900177,128781,4.025667709,4.033823001,128213,2.553603,128205,9.84843191,128213,2.212388,128205,10.18965520
(11#)56,130307,2.503745,130513,2.662992,129675,9.74766229,129675,9.84307178,129936,4.027098444,4.034218852,129361,2.554136,129675,9.95179702,129361,2.214135,129675,10.29146851
(11#)113/2,131641,2.512217,131072,2.662962,130515,9.43615331,130515,9.55363966,131091,4.022805683,4.033607493,130517,2.554664,130515,9.66196844,130517,2.215866,130515,10.00076798
(11#)57,131888,2.478781,132817,2.662955,131670,9.97518861,131670,10.02523467,132246,4.023545334,4.033794701,131671,2.555182,131670,10.13302504,131671,2.217565,131670,10.47064138
(11#)115/2,133174,2.475614,133979,2.662936,132825,9.92832599,132825,9.91908007,133401,4.024300102,4.034025323,132833,2.555697,132825,10.02634154,132833,2.219249,132825,10.36279701
(11#)58,134087,2.503206,135131,2.662918,133980,9.87792028,133980,9.81881880,134556,4.021612239,4.033126172,133981,2.556197,133980,9.92555829,133981,2.220886,133980,10.26086903
(13#)9/2,135802,2.501586,136277,2.662901,135135,10.08048184,135135,10.32881851,135711,4.017535287,4.034142428,135151,2.556698,135135,10.43504512,135151,2.222527,135135,10.76923247
(11#)59,136649,2.492808,137443,2.662883,136290,9.61557389,136290,9.63412971,136866,4.015957685,4.033055048,136303,2.557185,136290,9.73985001,136303,2.224117,136290,10.07292933
(11#)119/2,137587,2.515309,138599,2.662866,137445,10.00469707,137445,10.09915967,138021,4.020977670,4.034018678,137447,2.557661,137445,10.20438236,137447,2.225671,137445,10.53637406
(11#)60,139511,2.466330,139753,2.662849,139230,9.92209541,139230,9.91544010,139176,4.029397699,4.033958457,138617,2.558141,139230,10.01990679,138617,2.227237,139230,10.35024808
(11#)121/2,140009,2.495139,140909,2.662832,139755,9.59789612,139755,9.46783811,140331,4.036050206,4.033477819,139759,2.558602,139755,9.57208641,139759,2.228740,139755,9.90195165
(11#)61,141676,2.498497,142061,2.662815,140910,9.68800166,140910,9.62825168,141486,4.031333687,4.033138029,140929,2.559068,140910,9.73202292,140929,2.230258,140910,10.06084861
(11#)123/2,142258,2.505830,143197,2.662799,142065,9.62650566,142065,9.71048346,142641,4.027763806,4.033545161,142067,2.559513,142065,9.81378560,142067,2.231710,142065,10.14159048
(11#)62,143896,2.509536,144349,2.662783,143220,9.78228987,143220,9.79413135,143796,4.023192583,4.033577526,143239,2.559966,143220,9.89697007,143239,2.233184,143220,10.22376740
(11#)125/2,145144,2.491578,145517,2.662766,144690,9.44585847,144690,9.47771452,144951,4.017469143,4.033908750,144379,2.560400,144690,9.57997363,144379,2.234596,144690,9.90551256
(11#)63,146176,2.504029,146683,2.662749,145530,9.55975400,145530,9.46754688,146106,4.018640402,4.033358949,145531,2.560832,145530,9.56947946,145531,2.236001,145530,9.89431028
(11#)127/2,147401,2.521313,147827,2.662733,146685,9.42769976,146685,9.54322957,147261,4.024242966,4.033381971,146701,2.561266,146685,9.64471911,146701,2.237408,146685,9.96859022
(11#)64,148696,2.533538,148991,2.662717,148785,9.46559343,147840,9.46743083,148416,4.024347730,4.033701930,147853,2.561686,147840,9.56848252,147853,2.238772,147840,9.89140600
(11#)129/2,149846,2.509766,150131,2.662702,148995,9.75541957,148995,9.69828626,149571,4.023151910,4.032683786,148997,2.562098,148995,9.79890710,148997,2.240107,148995,10.12089951
(13#)5,150292,2.507348,151303,2.662686,150150,10.40441005,150150,10.32798717,150726,4.026362606,4.033598150,150151,2.562506,150150,10.42818212,150151,2.241433,150150,10.74925499
(11#)131/2,151909,2.518866,152459,2.662670,151305,9.53353224,151515,9.56069720,151881,4.021994141,4.033477612,151337,2.562922,151515,9.66039733,151306,2.242762,151515,9.98040347
(11#)66,152914,2.505061,153611,2.662655,152460,9.54805482,152460,9.46720970,153036,4.028740142,4.033046641,152461,2.563309,152460,9.56657109,152461,2.244032,152460,9.88584770
(11#)133/2,154702,2.506776,154769,2.662640,153615,9.98222796,153615,10.02404704,154191,4.034700597,4.033441733,153623,2.563704,153615,10.12300050,153623,2.245311,153615,10.44139976
(11#)67,155816,2.502854,155921,2.662625,155610,9.83140567,155610,9.84169818,155346,4.026773927,4.033458603,154787,2.564095,155610,9.93995852,154787,2.246574,155610,10.25686929
(11#)135/2,156007,2.496651,157061,2.662611,156975,9.73469089,156975,9.73748674,156501,4.022407378,4.033257989,155938,2.564494,156975,9.83528266,155938,2.247824,156975,10.15119807
(11#)68,157901,2.486203,158233,2.662595,157080,10.19215775,157080,10.09812943,157656,4.021694211,4.032887543,157081,2.564850,157080,10.19588944,157081,2.249011,157080,10.51172785
(11#)137/2,158419,2.533724,159389,2.662581,158235,9.70269355,158340,9.63906561,158811,4.016325700,4.033096709,158243,2.565224,158340,9.73640337,158243,2.250219,158340,10.05133811
(11#)69,159407,2.542242,160541,2.662566,159390,9.90691796,159390,9.91769910,159966,4.018279827,4.033413861,159403,2.565593,159390,10.01468954,159403,2.251409,159390,10.32888192
(11#)139/2,161659,2.491347,161683,2.662551,160545,9.49676279,160545,9.53594422,161121,4.019692413,4.033167693,160553,2.565955,160545,9.63255772,160553,2.252573,160545,9.94594555
(11#)70,162353,2.507294,162853,2.662538,162435,9.94342578,162435,9.91427750,162276,4.017758246,4.033457502,161717,2.566316,162435,10.01028384,161717,2.253734,162435,10.32237775
(11#)141/2,163297,2.519915,163997,2.662523,162855,9.62845767,162855,9.67711174,163431,4.019353558,4.033020028,162859,2.566665,162855,9.77298486,162859,2.254857,162855,10.08479525
(11#)71,164954,2.477786,165161,2.662509,164010,9.66328517,164010,9.60389037,164586,4.016191174,4.032492056,164011,2.567013,164010,9.69939988,164011,2.255976,164010,10.01043702
(13#)11/2,165701,2.520785,166319,2.662495,165165,10.33415353,165165,10.32724606,165741,4.022622778,4.033499119,165173,2.567360,165165,10.42239733,165173,2.257089,165165,10.73267385
(11#)72,166351,2.526473,167471,2.662481,166320,9.34621665,166320,9.46659105,166896,4.022411248,4.032957651,166349,2.567707,166320,9.56138772,166349,2.258200,166320,9.87091216
(11#)145/2,167809,2.490909,168629,2.662468,167475,9.65881412,167475,9.81715484,168051,4.024999426,4.032988650,167483,2.568036,167475,9.91160208,167483,2.259256,167475,10.22038664
(11#)73,168814,2.509419,169783,2.662454,169260,9.54977310,169575,9.62237255,169206,4.022034655,4.033349900,168631,2.568366,169575,9.71619468,168631,2.260313,169575,10.02365797
(11#)147/2,170539,2.495056,170927,2.662440,169785,9.58327895,169785,9.46644780,170361,4.024957212,4.032969395,169789,2.568695,169785,9.56020817,169789,2.261364,169785,9.86754113
(11#)74,171694,2.497959,172093,2.662427,170940,9.71603852,170940,9.73686678,171516,4.023540735,4.033169888,170953,2.569021,170940,9.83028958,170953,2.262407,170940,10.13691049
(11#)149/2,172849,2.504239,173249,2.662414,172095,9.55695229,172095,9.53074787,172671,4.022165765,4.032789577,172097,2.569338,172095,9.62383791,172097,2.263419,172095,9.92975813
(11#)75,174214,2.457750,174389,2.662401,173250,9.41637714,173250,9.46630613,173826,4.020944725,4.032522356,173263,2.569656,173250,9.55906663,173263,2.264436,173250,9.86429375
(11#)151/2,174814,2.514062,175543,2.662387,174405,9.53476167,174405,9.52979147,174981,4.018592497,4.032998480,174407,2.569965,174405,9.62222709,174407,2.265421,174405,9.92677206
(11#)76,176551,2.496728,176713,2.662375,175560,9.99068066,175560,10.02304749,176136,4.015699244,4.033102533,175573,2.570277,175560,10.11516133,175573,2.266413,175560,10.41903144
(11#)153/2,177841,2.524335,177841,2.662362,176715,10.02213411,176715,10.09724336,177291,4.022440444,4.032669219,176741,2.570585,176715,10.18903991,176741,2.267394,176715,10.49224576
(11#)77,178898,2.502055,179021,2.662349,177870,9.43533784,177870,9.46612223,178446,4.028049452,4.032931287,177883,2.570882,177870,9.55760448,177883,2.268340,177870,9.86015308
(11#)155/2,179083,2.529322,180179,2.662336,179025,9.97293179,179025,9.79249350,179601,4.028028276,4.032455333,179029,2.571178,179025,9.88366579,179029,2.269278,179025,10.18556738
(13#)6,180379,2.501151,181303,2.662324,180180,10.36490489,180180,10.32657872,180756,4.026468866,4.033084269,180181,2.571471,180180,10.41744392,180181,2.270209,180180,10.71870525
(11#)157/2,181919,2.535068,182489,2.662311,181545,9.75708658,181545,9.84056942,181911,4.027195643,4.032798820,181361,2.571768,181545,9.93107697,181361,2.271151,181545,10.23159407
(11#)79,182519,2.515243,183637,2.662299,182910,9.43935091,182490,9.58887822,183066,4.023990057,4.032773240,182503,2.572051,182490,9.67914042,182503,2.272050,182490,9.97914754
(11#)159/2,184696,2.506373,184777,2.662287,183645,9.63184388,183645,9.65150593,184221,4.028324584,4.033162867,183661,2.572337,183645,9.74147206,183661,2.272952,183645,10.04086493
(11#)80,185578,2.512282,185951,2.662274,185640,9.86556750,185640,9.91329877,185376,4.023576627,4.032711234,184823,2.572619,185640,10.00276043,184802,2.273845,185640,10.30110853
(11#)161/2,187024,2.533868,187091,2.662262,185955,9.89916236,185955,9.91656461,186531,4.016995618,4.032728909,185957,2.572892,185955,10.00594788,185957,2.274706,185955,10.30413402
(11#)81,187471,2.522543,188261,2.662250,187110,9.42904853,187110,9.46577079,187686,4.022740543,4.032469119,187111,2.573165,187110,9.55486716,187111,2.275572,187110,9.85246061
(11#)163/2,189094,2.510677,189407,2.662238,188370,9.67394877,188370,9.73617373,188841,4.024256557,4.032831671,188273,2.573439,188370,9.82496107,188273,2.276433,188370,10.12191730
(11#)82,189817,2.521375,190573,2.662226,189420,9.72891497,189420,9.70839418,189996,4.023997173,4.032598051,189421,2.573706,189420,9.79692684,189421,2.277273,189420,10.09335871
(11#)165/2,191626,2.523077,191717,2.662215,190575,9.42838069,190575,9.46564238,191151,4.017655764,4.032656453,190577,2.573971,190575,9.55389810,190577,2.278109,190575,9.84976081
(11#)83,191768,2.509171,192883,2.662202,191730,9.47654296,191730,9.58246195,192306,4.012279822,4.032774488,191747,2.574236,191730,9.67044313,191747,2.278945,191730,9.96574227
(11#)167/2,193639,2.501153,194027,2.662191,193830,9.49772870,192885,9.52292833,193461,4.015177478,4.032860077,192887,2.574493,192885,9.61063854,192887,2.279750,192885,9.90538257
(11#)84,194767,2.519507,195193,2.662180,194040,9.45246451,194040,9.46551863,194616,4.016523556,4.031703982,194057,2.574753,194040,9.55296016,194057,2.280566,194040,9.84715450
(13#)13/2,195751,2.518018,196337,2.662168,195195,10.21160232,195195,10.32597584,195771,4.014185001,4.032519732,195197,2.575004,195195,10.41315217,195197,2.281352,195195,10.70680499
(11#)85,197402,2.512439,197479,2.662157,196350,10.04330323,196350,10.09646852,196926,4.014716931,4.032983661,196379,2.575260,196350,10.18338186,196379,2.282157,196350,10.47649840
(11#)171/2,198046,2.523633,198659,2.662145,197505,9.97616591,197505,10.02218719,198081,4.013608666,4.032816300,197507,2.575503,197505,10.10884090,197507,2.282916,197505,10.40142910
(11#)86,199021,2.495353,199813,2.662134,198660,9.52606363,198660,9.69621990,199236,4.008515719,4.032433103,198673,2.575752,198660,9.78261612,198673,2.283692,198660,10.07468103
(11#)173/2,200899,2.517394,200929,2.662124,199815,9.47408631,199815,9.52067059,200391,4.008257515,4.032187880,199819,2.575993,199815,9.60681259,199819,2.284445,199815,9.89836192
(11#)87,201904,2.515768,202121,2.662112,200970,9.76977837,200970,9.81584623,201546,4.010611180,4.032963152,200971,2.576233,200970,9.90173607,200971,2.285194,200970,10.19277469
(11#)175/2,203128,2.520731,203279,2.662101,202125,9.47501994,202125,9.46524115,202701,4.013349426,4.032244164,202127,2.576471,202125,9.55088200,202127,2.285937,202125,9.84141740
(11#)88,203417,2.508934,204431,2.662090,203490,9.43353629,203490,9.62109273,203856,4.014284246,4.032365832,203293,2.576710,203490,9.70644201,203293,2.286678,203490,9.99638902
(11#)177/2,204928,2.464243,205589,2.662080,204435,9.63699648,204435,9.63121763,205011,4.012587773,4.032684917,204437,2.576941,204435,9.71636757,204437,2.287396,204435,10.00591322
(11#)89,205924,2.529874,206699,2.662069,205590,9.51302139,205590,9.57392014,206166,4.013633363,4.032615683,205603,2.577173,205590,9.65882809,205603,2.288119,205590,9.94788704
(11#)179/2,206984,2.513240,207877,2.662058,207480,9.83057402,207480,9.83961511,207321,4.014391171,4.032189276,206749,2.577401,207480,9.92413278,206749,2.288823,207480,10.21240881
(11#)90,208129,2.513207,209039,2.662047,208845,9.96075978,208845,9.91245622,208476,4.013153026,4.032236968,207923,2.577630,208845,9.99669626,207923,2.289535,208845,10.28441687
(11#)181/2,209362,2.520880,210209,2.662037,209055,9.37522884,209055,9.51788769,209631,4.015079752,4.032096033,209063,2.577851,209055,9.60208528,209063,2.290218,209055,9.88972103
(13#)7,210557,2.506060,211349,2.662026,210210,10.11235236,210210,10.32542719,210786,4.016648927,4.032762199,210229,2.578075,210210,10.40939234,210229,2.290910,210210,10.69656400
(11#)183/2,211459,2.494267,212507,2.662016,211575,9.67968337,211365,9.62536047,211941,4.018066645,4.032400469,211369,2.578292,211365,9.70909601,211369,2.291579,211365,9.99581024
(11#)92,212644,2.547725,213659,2.662005,212520,9.90982728,212520,9.91560897,213096,4.023932653,4.032380413,212557,2.578515,212520,9.99911664,212522,2.292261,212520,10.28537757
(11#)185/2,213784,2.541986,214817,2.661995,213675,9.76352093,213675,9.73528747,214251,4.023163859,4.032118289,213713,2.578730,213675,9.81857003,213713,2.292931,213675,10.10438414
(11#)93,215854,2.563496,215983,2.661985,214830,9.69425677,214830,9.79120150,215406,4.028561204,4.032287519,214831,2.578936,214830,9.87426061,214831,2.293564,214830,10.15963190
(11#)187/2,216917,2.525146,217121,2.661975,215985,10.12029640,215985,10.09577805,216561,4.025375426,4.032292415,216023,2.579153,215985,10.17861640,215998,2.294232,215985,10.46355118
(11#)94,217697,2.481485,218287,2.661964,217140,9.66904020,217140,9.67508243,217716,4.028236363,4.032436572,217157,2.579358,217140,9.75770164,217157,2.294862,217140,10.04220378
(11#)189/2,219311,2.546183,219437,2.661955,218295,9.58469141,218295,9.46471882,218871,4.029538355,4.032034761,218357,2.579573,218295,9.54712149,218318,2.295512,218295,9.83119712
(11#)95,220453,2.532386,220589,2.661945,219450,9.97249946,219450,10.02143115,220026,4.028400113,4.032604760,219451,2.579767,219450,10.10361886,219451,2.296113,219450,10.38727174
(11#)191/2,221332,2.526687,221747,2.661935,220605,9.68174909,220605,9.51472718,221181,4.032678367,4.031995084,220613,2.579971,220605,9.59670247,220613,2.296738,220605,9.87993856
(11#)96,222634,2.538822,222913,2.661925,221760,9.46454153,221760,9.46461322,222336,4.028821392,4.032270012,221773,2.580173,221760,9.54637760,221773,2.297354,221760,9.82920054
(11#)193/2,223469,2.547178,224069,2.661915,222915,9.51873528,223860,9.53073578,223491,4.029912178,4.032474996,222919,2.580369,223860,9.61212221,222919,2.297955,223860,9.89420698
(11#)97,225002,2.551522,225223,2.661905,224070,9.64285201,224070,9.56417213,224646,4.029917500,4.031750177,224071,2.580566,224070,9.64552111,224071,2.298554,224070,9.92753290
(13#)15/2,225892,2.548480,226379,2.661895,225225,10.38651143,225225,10.32492096,225801,4.033492164,4.032180663,225227,2.580761,225225,10.40606539,225227,2.299148,225225,10.68767903
(11#)98,227251,2.549104,227533,2.661886,226380,9.51737426,226380,9.46447531,226956,4.028910726,4.032360045,226381,2.580954,226380,9.54541660,226381,2.299735,226380,9.82663551
(11#)197/2,228097,2.525164,228677,2.661877,227535,9.54379325,227535,9.51297687,228111,4.029162426,4.032222970,227537,2.581146,227535,9.59371738,227537,2.300317,227535,9.87454707
(11#)99,229234,2.519971,229841,2.661867,229425,9.32645837,228690,9.46440904,229266,4.029956910,4.032232121,228707,2.581338,228690,9.54495015,228707,2.300899,228690,9.82539394
(11#)199/2,230848,2.518411,230999,2.661857,229845,9.51374867,229845,9.51241792,230421,4.030767545,4.032105620,229847,2.581523,229845,9.59276190,229847,2.301460,229845,9.87282517
(11#)100,231643,2.524351,232153,2.661848,232050,10.03515508,232050,9.91171578,231576,4.031054496,4.031893406,231001,2.581709,232050,9.99168774,231001,2.302023,232050,10.27103480
(11#)201/2,232189,2.532524,233297,2.661839,232155,9.67369366,232155,9.60991216,232731,4.030268709,4.032039769,232171,2.581896,232155,9.68986680,232171,2.302587,232155,9.96918068
(11#)101,233978,2.534564,234463,2.661829,233415,9.98860545,233415,9.83879344,233886,4.032269158,4.032003800,233323,2.582078,233415,9.91853868,233323,2.303137,233415,10.19745082
(11#)203/2,235028,2.506846,235607,2.661820,234465,9.90414494,234465,9.81477062,235041,4.033860453,4.031902885,234467,2.582257,234465,9.89434292,234467,2.303677,234465,10.17292400
(11#)102,236092,2.538865,236773,2.661811,235620,10.00626051,235620,10.09515643,236196,4.033353225,4.032038848,235621,2.582437,235620,10.17453991,235621,2.304217,235620,10.45276017
(11#)205/2,237883,2.566648,237929,2.661802,236775,9.69631117,236775,9.70684787,237351,4.036423411,4.032405030,236779,2.582615,236775,9.78604465,236779,2.304752,236775,10.06390907
(11#)103,238892,2.539570,239081,2.661793,237930,9.61556689,237930,9.55785034,238506,4.033324370,4.031827457,237959,2.582795,237930,9.63686163,237959,2.305291,237930,9.91437316
(11#)207/2,239857,2.497741,240209,2.661784,239085,9.85121425,239085,9.91478590,239661,4.034302409,4.031678419,239087,2.582965,239085,9.99361377,239087,2.305802,239085,10.27077726
(13#)8,241393,2.514952,241393,2.661775,240240,10.37370351,240240,10.32445160,240816,4.027115615,4.032064412,240257,2.583141,240240,10.40309724,240257,2.306327,240240,10.67991555
(11#)209/2,242119,2.534017,242533,2.661766,241395,10.11574034,241395,10.02075765,241971,4.027935542,4.032554696,241421,2.583314,241395,10.09922307,241421,2.306843,241395,10.37570094
(11#)105,243043,2.536059,243703,2.661757,242550,9.50737707,242550,9.46401883,243126,4.026508093,4.031629359,242551,2.583479,242550,9.54230518,242551,2.307339,242550,9.81844539
(11#)211/2,243736,2.522425,244859,2.661748,244335,9.43652624,243705,9.50926967,244281,4.028880072,4.032134914,243707,2.583648,243705,9.58737892,243707,2.307841,243705,9.86318610
(11#)106,245587,2.544113,246011,2.661739,244860,9.57294212,244860,9.64952273,245436,4.030159626,4.032336497,244861,2.583815,244860,9.72745600,244861,2.308338,244860,10.00293284
(11#)213/2,246518,2.561050,247141,2.661731,246015,9.60290960,246015,9.60108227,246591,4.023918805,4.031546660,246017,2.583981,246015,9.67884147,246017,2.308830,246015,9.95399249
(11#)107,247868,2.534405,248323,2.661722,247170,9.44792372,247170,9.55402688,247746,4.019881542,4.031644694,247183,2.584146,247170,9.63161310,247183,2.309321,247170,9.90644092
(11#)215/2,248867,2.548208,249463,2.661714,248325,9.61491232,248325,9.69468979,248901,4.018629088,4.031786404,248351,2.584311,248325,9.77210491,248351,2.309809,248325,10.04661394
(11#)108,249512,2.527815,250619,2.661705,249480,9.52551372,249480,9.46383210,250056,4.020481733,4.032043768,249497,2.584471,249480,9.54107717,249497,2.310282,249480,9.81526996
(11#)217/2,251081,2.534266,251789,2.661697,250635,9.81181901,250635,9.79013972,251211,4.022307002,4.032464194,250643,2.584629,250635,9.86721657,250643,2.310750,250635,10.14109743
(11#)109,252071,2.523456,252937,2.661688,252525,9.68888102,252525,9.55716228,252366,4.020125731,4.031113303,251791,2.584787,252525,9.63396659,251791,2.311215,252525,9.90734353
(11#)219/2,253741,2.514393,254083,2.661680,252945,9.53831198,253890,9.61205271,253521,4.021292909,4.032258365,252949,2.584945,253890,9.68866231,252949,2.311679,253890,9.96168037
(11#)110,255214,2.528919,255253,2.661671,254100,9.44579392,254100,9.46371186,254676,4.020022924,4.031253948,254119,2.585102,254100,9.54029170,254119,2.312143,254100,9.81325502
(17#)/2,259801,2.503359,270269,2.661566,255255,10.98879350,255255,11.01228466,262655,4.021829226,4.031736478,255259,2.585254,255255,11.08870184,255259,2.312591,255255,11.36136644
(13#)9,272794,2.510783,285283,2.661467,270270,10.22605496,270270,10.32361264,277676,4.015871405,4.031588176,270271,2.587149,270270,10.39802939,270271,2.318096,270270,10.66708271
(13#)19/2,285424,2.505523,300299,2.661375,285285,10.84921557,285285,10.93048147,292696,4.024227324,4.031487859,285287,2.588856,285285,11.00309330,285287,2.322948,285285,11.26900133
(13#)10,303904,2.513081,315313,2.661288,300300,10.24062300,300300,10.32287406,307715,4.016165437,4.031295325,300301,2.590400,300300,10.39384885,300301,2.327236,300300,10.65701272
(13#)21/2,324223,2.512902,330329,2.661205,315315,10.31668283,315315,10.32253710,322735,4.021813925,4.031207938,315349,2.591807,315315,10.39202119,315349,2.331042,315315,10.65279135
(13#)11,340261,2.521429,345329,2.661127,330330,10.39343794,330330,10.32221960,337754,4.026793339,4.031051253,330331,2.593084,330330,10.39034045,330331,2.334401,330330,10.64902301
(13#)23/2,354971,2.521369,360337,2.661053,345345,10.82307543,345345,10.81343727,352772,4.029882034,4.030953337,345379,2.594259,345345,10.88030751,345379,2.337397,345345,11.13717361
(13#)12,366794,2.499164,375373,2.660982,373065,10.60647618,373065,10.68568261,367790,4.023749560,4.030832912,360391,2.595336,373065,10.75049694,360391,2.340049,373065,11.00462095
(13#)25/2,386068,2.523716,390389,2.660914,375375,10.25464963,375375,10.32135581,382808,4.021013304,4.030729817,375391,2.596326,375375,10.38601200,375391,2.342400,375375,10.63993949
(13#)13,401509,2.524416,405401,2.660850,390390,10.23137733,390390,10.32109578,397826,4.025903093,4.030660259,390391,2.597242,390390,10.38476820,390391,2.344484,390390,10.63752570
(13#)27/2,414448,2.520611,420419,2.660788,405405,10.26072189,405405,10.32084621,412844,4.028103978,4.030544045,405407,2.598090,405405,10.38360606,405407,2.346329,405405,10.63536721
(13#)14,431146,2.523703,435427,2.660728,420420,10.36643500,420420,10.32060646,427861,4.019927599,4.030419024,420421,2.598877,420420,10.38251762,420421,2.347955,420420,10.63343893
(13#)29/2,448444,2.521152,450431,2.660671,435435,10.80823080,435435,10.70261344,442878,4.020103598,4.030381399,435437,2.599608,435435,10.76373401,435437,2.349384,435435,11.01395831
(13#)15,463549,2.513127,465463,2.660617,451605,10.43630000,451605,10.57131934,457895,4.019759391,4.030292560,450451,2.600289,451605,10.63164715,450451,2.350632,451605,10.88126573
(13#)31/2,467009,2.541140,480463,2.660564,465465,10.58097936,465465,10.67580632,472912,4.023431912,4.030181329,465469,2.600925,465465,10.73549879,465469,2.351716,465465,10.98470782
(13#)16,488339,2.536748,495491,2.660513,480480,10.36292763,480480,10.31974148,487929,4.024908676,4.030129943,480499,2.601518,480480,10.37878766,480499,2.352648,480480,10.62765780
(13#)33/2,498436,2.527659,510481,2.660464,504735,10.40948314,504735,10.49286298,502946,4.018886472,4.030026979,495511,2.602073,504735,10.55094877,495511,2.353441,504735,10.79948121
(17#),515611,2.539315,524288,2.660415,510510,11.02689928,510510,11.00731275,517963,4.023058425,4.029992344,510529,2.602594,510510,11.06518378,510529,2.354107,510510,11.31367096
(13#)35/2,535858,2.540830,540539,2.660371,533715,10.41692508,533715,10.37804023,532979,4.025257564,4.029878849,525529,2.603081,533715,10.43509779,525529,2.354652,533715,10.68352861
(13#)18,548461,2.531963,555523,2.660326,540540,10.26910471,540540,10.31899420,547996,4.024552943,4.029849724,540541,2.603538,540540,10.37582653,540541,2.355088,540540,10.62427668
(13#)37/2,569077,2.543991,570569,2.660283,555555,10.60253259,555555,10.61364589,563012,4.024539918,4.029752804,555557,2.603969,555555,10.67000376,555557,2.355422,555555,10.91855030
(13#)19,571262,2.550486,585581,2.660242,570570,10.95264258,570570,10.92563636,578028,4.025788098,4.029727079,570587,2.604373,570570,10.98154667,570587,2.355660,570570,11.23025931
(13#)39/2,588338,2.563074,600577,2.660201,596505,10.29423475,585585,10.31849508,593044,4.030077984,4.029645251,585587,2.604754,585585,10.37398303,585587,2.355809,585585,10.62292725
(13#)20,612022,2.551653,615607,2.660162,608685,10.47216331,608685,10.43685650,608061,4.028766343,4.029573918,600601,2.605112,608685,10.49173973,615607,2.355862,608685,10.74115865
(13#)41/2,621472,2.552996,630613,2.660123,615615,10.61204631,615615,10.58275446,623077,4.029578655,4.029515134,615617,2.605450,615615,10.63746623,630613,2.355776,615615,10.88705390
(13#)21,633967,2.541689,645641,2.660086,636405,10.43557144,636405,10.38542014,638093,4.023798991,4.029484080,630659,2.605769,636405,10.43964307,645641,2.355620,636405,10.68980530
(13#)43/2,656629,2.539026,660659,2.660050,645645,10.62110639,645645,10.56955020,653109,4.020592872,4.029409216,645647,2.606069,645645,10.62356753,660659,2.355398,645645,10.87401649
(13#)22,674719,2.554681,675643,2.660015,660660,10.35016732,660660,10.31775367,668125,4.018334428,4.029339923,660661,2.606352,660660,10.37145123,675643,2.355116,660660,10.62240507
(13#)45/2,686398,2.527108,690689,2.659980,680295,10.36163204,680295,10.35943223,683141,4.022226222,4.029284234,675713,2.606621,680295,10.41273695,690689,2.354773,680295,10.66442022
(13#)23,703568,2.559020,705689,2.659947,690690,10.75535033,690690,10.80879355,698157,4.020028643,4.029284473,690719,2.606873,690690,10.86190114,705689,2.354376,690690,11.11400068
(13#)47/2,713309,2.554701,720703,2.659914,705705,10.42659488,705705,10.54662963,713172,4.015840522,4.029203179,705713,2.607112,705705,10.59946510,720703,2.353925,705705,10.85220098
(13#)24,733528,2.558252,735733,2.659882,726495,10.30832542,726495,10.37613560,728188,4.018741810,4.029154376,720743,2.607337,726495,10.42861732,735733,2.353424,726495,10.68229933
(13#)49/2,748691,2.568782,750749,2.659851,746130,10.67180211,746130,10.68115151,743204,4.023585152,4.029102433,735739,2.607550,746130,10.73332203,750749,2.352875,746130,10.98796317
(13#)25,758411,2.555201,765763,2.659821,750750,10.25109722,750750,10.31698454,758220,4.023248405,4.029051384,750769,2.607751,750750,10.36908491,765763,2.352280,750750,10.62396057
(17#)3/2,770558,2.532269,780733,2.659791,765765,10.99909949,765765,11.00465781,773236,4.024490412,4.029018011,765767,2.607941,765765,11.05653789,780733,2.351644,765765,11.31219818
(13#)26,787162,2.561586,795793,2.659762,780780,10.36864084,780780,10.31675112,788251,4.027030406,4.028950361,780799,2.608120,780780,10.36842214,795793,2.350961,780780,10.62490027
(13#)53/2,804191,2.552045,810809,2.659733,795795,10.54122315,795795,10.51892550,803267,4.027692701,4.028932060,795797,2.608289,795795,10.57039821,810809,2.350241,795795,10.82772604
(13#)27,819212,2.562766,825821,2.659705,810810,10.30416841,810810,10.31652871,818283,4.027196054,4.028895519,810839,2.608449,810810,10.36781322,825821,2.349482,810810,10.62602143
(13#)55/2,831373,2.564720,840839,2.659678,825825,10.34642760,825825,10.31642083,833298,4.025062212,4.028863428,825827,2.608599,825825,10.36752686,840839,2.348685,825825,10.62664492
(13#)28,850253,2.564273,855851,2.659651,844305,10.39372356,844305,10.33306561,848314,4.026854683,4.028774696,840841,2.608741,844305,10.38396452,855851,2.347853,844305,10.64424138
(13#)57/2,860422,2.564422,870853,2.659625,855855,10.95061370,855855,10.92304735,863329,4.025773183,4.028752086,855857,2.608875,855855,10.97382353,870853,2.346988,855855,11.23484569
(13#)29,883648,2.566164,885883,2.659600,870870,10.61823408,870870,10.69818857,878345,4.023343895,4.028712039,870871,2.609001,870870,10.74881255,885883,2.346087,870870,11.01082705
(13#)59/2,891427,2.564719,900869,2.659574,885885,10.48047317,885885,10.49699368,893360,4.022434985,4.028728555,885889,2.609120,885885,10.54747346,900869,2.345158,885885,10.81050592
(13#)30,909037,2.548728,915911,2.659550,903210,10.54756236,903210,10.56697357,908376,4.022216434,4.028630063,900917,2.609231,903210,10.61729639,915911,2.344194,903210,10.88153432
(13#)61/2,915961,2.547074,930911,2.659525,915915,10.51381724,915915,10.49066203,923391,4.025072320,4.028623356,915917,2.609336,915915,10.54087592,930911,2.343203,915915,10.80601818
(13#)31,944161,2.565326,945943,2.659502,930930,10.67473805,930930,10.67143888,938407,4.026097107,4.028549191,930931,2.609434,930930,10.72153042,945943,2.342180,930930,10.98776308
(13#)63/2,957844,2.549019,960941,2.659478,945945,10.24796411,945945,10.31563219,953422,4.022507080,4.028529753,945949,2.609526,945945,10.36560807,960941,2.341132,945945,10.63295382
(13#)32,968299,2.573348,975967,2.659455,960960,10.28708484,960960,10.31554150,968438,4.024791503,4.028529980,960961,2.609612,960960,10.36540810,975967,2.340055,960960,10.63388912
(13#)65/2,990586,2.569172,990989,2.659433,975975,10.32547689,975975,10.31545274,983453,4.025199742,4.028467422,975977,2.609692,975975,10.36521621,990989,2.338951,975975,10.63485398
(13#)33,1004449,2.563918,1006003,2.659411,990990,10.30541948,990990,10.31536589,998469,4.025666558,4.028417709,991009,2.609767,990990,10.36503210,1006003,2.337822,990990,10.63584769
(13#)67/2,1016921,2.561834,1021019,2.659389,1009470,10.53313172,1009470,10.48862638,1013484,4.027719492,4.028380290,1006007,2.609836,1009470,10.53818062,1021019,2.336669,1009470,10.81047387
