FIRST,LAST,START,minAt*,Gpred(minAt*),maxAt*,Gpred(maxAt*),n_0*,Cpred_min(n_0*),n_1*,Cpred_max(n_1*),n_geom,<COUNT>*,Cpred_avg
4,4,4,4,2.987,4,2.987,4,2.870137,4,2.87013699,4,2.986907,2.870136988
5,5,5,5,3.294,5,3.294,5,4.266093,5,4.26609329,5,3.293911,4.266093288
6,6,6,6,5.811,6,5.811,6,6.218875,6,6.21887455,6,5.811305,6.218874548
7,7,7,7,2.688,7,2.688,7,3.393036,7,3.39303648,7,2.688216,3.393036479
8,8,8,8,2.604,8,2.604,8,2.814638,8,2.81463781,8,2.603689,2.814637805
9,9,9,9,4.822,9,4.822,9,5.820367,9,5.82036707,9,4.822380,5.820367067
10,10,10,10,3.636,10,3.636,10,3.855372,10,3.85537204,10,3.635841,3.855372038
11,11,11,11,2.693,11,2.693,11,3.097468,11,3.09746822,11,2.693497,3.097468223
12,12,12,12,5.408,12,5.408,12,5.565937,12,5.56593708,12,5.408407,5.565937077
13,13,13,13,2.818,13,2.818,13,3.090238,13,3.09023772,13,2.818289,3.090237720
14,14,14,14,3.408,14,3.408,14,3.390541,14,3.39054128,14,3.407763,3.390541276
15,29,(5#)/2,16,2.878,21,7.190,16,2.765142,15,7.37996871,21,4.602564,4.134925296
30,44,(5#),31,3.599,42,9.870,32,2.734624,30,7.34072410,36,5.798929,4.157279100
45,59,(5#)3/2,47,4.318,45,11.063,59,2.764597,45,7.28666194,52,6.654728,4.056517987
60,74,(5#)2,61,4.914,60,12.965,64,2.715385,60,7.24494775,67,7.677272,4.094513910
75,89,(5#)5/2,79,5.609,75,14.354,89,2.743169,75,7.23135463,82,8.574615,4.101748100
90,104,(5#)3,97,6.281,90,16.072,103,2.732657,90,7.23185422,97,9.367129,4.071701082
105,119,(7#)/2,107,6.629,105,20.808,113,2.731305,105,8.66686583,112,10.360468,4.150129383
120,134,(5#)4,122,7.272,120,18.872,128,2.702466,120,7.20928755,127,10.982580,4.079119631
135,149,(5#)9/2,137,7.651,135,20.060,149,2.720304,135,7.20410054,142,11.679149,4.062655944
150,164,(5#)5,151,8.098,150,21.524,163,2.715599,150,7.20511157,157,12.350932,4.040970850
165,179,(5#)11/2,167,8.603,165,25.165,179,2.712819,165,8.00082618,172,13.288745,4.115601962
180,194,(5#)6,181,9.038,180,24.008,193,2.712054,180,7.19355883,187,13.795484,4.053336769
195,209,(5#)13/2,197,9.520,195,27.366,199,2.709905,195,7.84428932,202,14.655520,4.106006598
210,224,(7#),211,9.929,210,31.692,223,2.707019,210,8.62979456,217,15.321704,4.100967873
225,239,(5#)15/2,227,10.392,231,27.896,239,2.705377,231,7.18508610,232,15.944358,4.091830667
240,254,(5#)8,241,10.795,240,28.700,251,2.704265,240,7.18404410,247,16.449649,4.053707028
255,269,(5#)17/2,256,11.211,255,31.686,256,2.693275,255,7.66085308,262,17.067265,4.052742387
270,284,(5#)9,271,11.625,270,30.938,283,2.701699,270,7.18281338,277,17.785348,4.073078282
285,299,(5#)19/2,293,12.226,285,33.792,293,2.701790,285,7.60337193,292,18.573524,4.111588781
300,314,(5#)10,302,12.550,300,33.093,313,2.700437,300,7.17743292,307,18.767251,4.019191219
315,329,(7#)3/2,317,12.864,315,40.854,317,2.700184,315,8.61115415,322,19.764623,4.105137805
330,344,(5#)11,331,13.227,330,39.124,337,2.698997,330,7.97401946,337,20.323171,4.094035208
345,359,(5#)23/2,347,13.641,345,37.863,359,2.697202,345,7.51690411,352,20.828851,4.078383721
360,374,(5#)12,362,14.106,360,37.264,373,2.697135,360,7.17246315,367,21.282889,4.052443147
375,389,(5#)25/2,379,14.455,375,38.175,389,2.696402,375,7.17131417,382,21.753873,4.035118054
390,404,(5#)13,397,14.908,390,42.862,401,2.695884,390,7.82387510,397,22.689718,4.100937450
405,419,(5#)27/2,409,15.205,405,40.184,419,2.694640,405,7.17078622,412,22.899720,4.038380967
420,434,(7#)2,421,15.500,420,49.513,433,2.694622,420,8.60223889,427,23.932590,4.119559320
435,449,(5#)29/2,439,15.936,435,43.700,449,2.694048,435,7.43306573,442,24.064398,4.048091226
450,464,(5#)15,454,16.373,462,43.981,463,2.693116,462,7.16743359,457,25.005176,4.110835966
465,479,(5#)31/2,467,16.610,465,45.597,479,2.692619,465,7.41434850,472,25.003618,4.023589455
480,494,(5#)16,482,17.040,480,45.117,491,2.692264,480,7.16531086,487,25.828824,4.068187119
495,509,(5#)33/2,499,17.367,495,51.076,509,2.692163,495,7.96058969,502,26.342209,4.065558046
510,524,(5#)17,512,17.672,510,50.141,512,2.686429,510,7.64264747,517,26.646029,4.030128585
525,539,(7#)5/2,526,18.069,525,57.416,538,2.696448,525,8.59706998,532,27.873750,4.135506996
540,554,(5#)18,541,18.346,540,48.856,547,2.690775,540,7.16260023,547,27.875374,4.055842310
555,569,(5#)37/2,557,18.714,555,51.104,569,2.690611,555,7.36656045,562,28.479316,4.069070894
570,584,(5#)19,571,19.030,570,53.675,577,2.690424,570,7.58365556,577,28.741282,4.032218448
585,599,(5#)39/2,587,19.392,585,56.194,599,2.689596,585,7.81275465,592,29.730402,4.098917188
600,614,(5#)20,601,19.710,600,52.494,613,2.689631,600,7.16027293,607,29.854056,4.044577586
615,629,(5#)41/2,617,20.068,615,54.669,619,2.689185,615,7.34327566,622,30.574619,4.073861594
630,644,(7#)3,631,20.377,630,65.143,643,2.688718,630,8.59207809,637,31.022679,4.065595706
645,659,(5#)43/2,647,20.731,645,56.428,659,2.688423,645,7.33412050,652,31.334113,4.041449716
660,674,(5#)22,661,21.041,660,62.271,673,2.688464,660,7.95360276,667,32.490693,4.124465824
675,689,(5#)45/2,677,21.391,675,56.835,683,2.688000,675,7.15773218,682,32.035916,4.004734156
690,704,(5#)23,691,21.693,690,60.548,701,2.687975,690,7.49893355,697,33.395472,4.111568089
705,719,(5#)47/2,706,22.083,705,59.880,719,2.687407,705,7.31662958,712,33.396482,4.051697486
720,734,(5#)24,727,22.469,720,59.518,733,2.687452,720,7.15644784,727,33.443675,3.998454277
735,749,(7#)7/2,739,22.726,735,72.351,743,2.687037,735,8.58719170,742,35.163229,4.145472077
750,764,(5#)25,751,22.982,750,61.234,761,2.687024,750,7.15630777,757,34.711892,4.034144733
765,779,(5#)51/2,766,23.364,765,66.135,773,2.686848,765,7.63291811,772,35.486840,4.068772757
780,794,(5#)26,787,23.743,780,68.643,787,2.686405,780,7.80528485,787,35.888795,4.059355288
795,809,(5#)53/2,797,23.956,795,64.932,809,2.686344,795,7.29471835,802,36.366366,4.059836635
810,824,(5#)27,811,24.247,810,64.608,823,2.685928,810,7.15472752,817,36.750666,4.049022950
825,839,(5#)55/2,827,24.580,825,72.624,839,2.685726,825,7.94924953,832,37.173146,4.044399745
840,854,(7#)4,842,24.953,840,79.520,853,2.685775,840,8.58407866,847,38.057720,4.088185602
855,869,(5#)57/2,857,25.203,855,70.956,863,2.685434,855,7.57379415,862,38.653300,4.101486567
870,884,(5#)29,877,25.614,870,70.438,883,2.685200,870,7.41823750,877,38.730675,4.059148530
885,899,(5#)59/2,887,25.817,885,69.869,887,2.685154,885,7.27842450,892,38.941009,4.033255374
900,914,(5#)30,907,26.225,900,69.554,911,2.684886,900,7.15208551,907,39.711628,4.064536940
915,929,(5#)61/2,919,26.469,915,71.482,929,2.684891,915,7.27296264,922,40.062494,4.053571313
930,944,(5#)31,934,26.832,930,73.638,941,2.684762,930,7.39862282,937,40.216901,4.022753430
945,959,(7#)9/2,947,27.035,945,86.298,953,2.684635,945,8.58200080,952,41.694283,4.124362418
960,974,(5#)32,967,27.437,960,72.791,971,2.684260,960,7.15088425,967,41.364748,4.045747866
975,989,(5#)65/2,977,27.639,975,80.200,983,2.684142,975,7.80062493,982,42.247309,4.087550162
990,1004,(5#)33,991,27.917,990,82.663,997,2.684190,990,7.94534790,997,42.093032,4.028730270
1005,1019,(5#)67/2,1006,28.273,1005,76.273,1019,2.683801,1005,7.26051298,1012,42.611898,4.035788696
1020,1034,(5#)34,1021,28.514,1020,81.046,1024,2.681141,1020,7.62643108,1027,43.654495,4.091093088
1035,1049,(5#)69/2,1039,28.868,1035,80.349,1049,2.683702,1035,7.48994347,1042,43.268288,4.013726424
1050,1064,(7#)5,1051,29.104,1050,93.077,1063,2.683407,1050,8.57966186,1057,44.738001,4.107501863
1065,1079,(5#)71/2,1069,29.459,1065,79.410,1069,2.683525,1065,7.25304850,1072,44.796632,4.071866120
1080,1094,(5#)36,1082,29.769,1080,79.127,1093,2.683318,1080,7.14875727,1087,45.251674,4.071960832
1095,1109,(5#)73/2,1097,30.006,1095,80.959,1109,2.683183,1095,7.24917329,1102,45.037198,4.013757310
1110,1124,(5#)37,1114,30.391,1110,82.996,1123,2.682909,1110,7.35295362,1117,46.383761,4.093582232
1125,1139,(5#)75/2,1126,30.624,1125,81.393,1129,2.683020,1125,7.14844049,1132,46.088752,4.029369546
1140,1154,(5#)38,1142,30.932,1140,87.072,1153,2.682829,1140,7.56826738,1147,46.036073,3.986801137
1155,1259,(11#)/2,1163,31.281,1155,110.577,1259,2.681915,1155,9.53007910,1206,48.694486,4.066233708
1260,1364,(7#)6,1262,33.219,1260,106.006,1361,2.681396,1260,8.57531312,1311,51.584464,4.056036092
1365,1469,(7#)13/2,1367,35.127,1365,122.410,1459,2.680712,1365,9.35356312,1416,54.574329,4.058719755
1470,1574,(7#)7,1471,37.037,1470,118.464,1571,2.680140,1470,8.57264344,1521,57.461629,4.057088001
1575,1679,(7#)15/2,1579,38.988,1575,124.454,1669,2.679787,1575,8.57093822,1626,60.327957,4.057305507
1680,1784,(7#)8,1684,40.955,1680,130.519,1783,2.679205,1680,8.56975153,1731,63.104326,4.054267089
1785,1889,(7#)17/2,1787,42.667,1785,145.440,1889,2.678883,1785,9.14018451,1836,65.980299,4.059955479
1890,1994,(7#)9,1894,44.570,1890,142.254,1993,2.678508,1890,8.56789132,1941,68.574064,4.050480577
1995,2099,(7#)19/2,1997,46.287,1995,156.634,2048,2.676937,1995,9.07056300,2046,71.351205,4.054213030
2100,2204,(7#)10,2102,48.111,2145,157.626,2203,2.677756,2145,8.65214719,2151,74.048482,4.054710953
2205,2309,(7#)21/2,2207,49.823,2205,159.260,2309,2.677521,2205,8.56514666,2256,76.605548,4.049399195
2310,2414,(11#),2311,51.548,2310,183.228,2411,2.677177,2310,9.51595498,2361,79.421555,4.058892352
2415,2519,(7#)23/2,2417,53.290,2415,178.460,2503,2.676943,2415,8.97116580,2466,81.912078,4.052911581
2520,2624,(7#)12,2521,54.982,2520,175.887,2621,2.676720,2520,8.56269466,2571,84.540646,4.054978605
2625,2729,(7#)25/2,2633,56.788,2625,181.241,2729,2.676474,2625,8.56221025,2676,86.921734,4.046612392
2730,2834,(7#)13,2731,58.353,2730,203.656,2833,2.676249,2730,9.33990552,2782,89.668037,4.056123556
2835,2939,(7#)27/2,2837,60.036,2835,191.943,2939,2.675980,2835,8.56078760,2887,92.108059,4.052486884
2940,3044,(7#)14,2942,61.731,2940,197.299,3041,2.675833,2940,8.56022332,2992,94.592547,4.051726445
3045,3149,(7#)29/2,3046,63.355,3045,209.985,3137,2.675654,3045,8.87685877,3097,97.084308,4.052165383
3150,3254,(7#)15,3158,65.091,3150,207.764,3253,2.675448,3150,8.55930633,3202,99.490401,4.049743583
3255,3359,(7#)31/2,3257,66.574,3255,220.211,3359,2.675223,3255,8.85376750,3307,101.971955,4.051169086
3360,3464,(7#)16,3361,68.166,3360,218.077,3463,2.675056,3360,8.55816779,3412,104.199431,4.043288130
3465,3569,(11#)3/2,3467,69.776,3465,247.916,3559,2.674908,3465,9.50870704,3517,106.999861,4.058076155
3570,3674,(7#)17,3571,71.347,3570,243.483,3673,2.674779,3570,9.12788635,3622,109.284249,4.053444261
3675,3779,(7#)35/2,3677,72.939,3675,233.243,3779,2.674587,3675,8.55682377,3727,111.439079,4.044985701
3780,3884,(7#)18,3793,74.670,3780,238.323,3881,2.674486,3780,8.55641678,3832,113.930037,4.049325703
3885,3989,(7#)37/2,3889,76.095,3885,250.201,3989,2.674342,3885,8.80059383,3937,116.198940,4.046237925
3990,4094,(7#)19,3994,77.683,3990,262.878,4093,2.674208,3990,9.05902910,4042,118.892680,4.058084449
4095,4199,(7#)39/2,4096,79.141,4095,276.154,4096,2.673517,4095,9.33300293,4147,120.992259,4.050008651
4200,4304,(7#)20,4201,80.675,4290,264.951,4297,2.673959,4290,8.64111668,4252,123.322266,4.050188288
4305,4409,(7#)41/2,4306,82.239,4305,269.678,4409,2.673829,4305,8.77400021,4357,125.546082,4.047409195
4410,4514,(7#)21,4414,83.801,4410,267.856,4513,2.673712,4410,8.55431361,4462,127.841853,4.047322597
4515,4619,(7#)43/2,4517,85.245,4515,279.277,4603,2.673583,4515,8.76250498,4567,130.059696,4.045218897
4620,4724,(11#)2,4621,86.734,4620,308.334,4723,2.673457,4620,9.50395507,4672,132.535138,4.051331703
4725,4829,(7#)45/2,4729,88.274,4725,282.235,4817,2.673391,4725,8.55334142,4777,134.729933,4.049058310
4830,4934,(7#)23,4831,89.721,4830,300.734,4933,2.673275,4830,8.96032980,4882,136.952250,4.048007681
4935,5039,(7#)47/2,4937,91.220,4935,298.234,5039,2.673145,4935,8.74270751,4987,139.311760,4.051255638
5040,5144,(7#)24,5042,92.734,5040,296.539,5119,2.673070,5040,8.55236744,5092,141.266302,4.043075146
5145,5249,(7#)49/2,5147,94.168,5145,301.192,5237,2.672990,5145,8.55217279,5197,143.865419,4.053586437
5250,5354,(7#)25,5261,95.760,5250,305.941,5351,2.672862,5250,8.55190387,5302,145.600092,4.040030627
5355,5459,(7#)51/2,5366,97.255,5355,331.254,5449,2.672803,5355,9.12165173,5407,148.310048,4.053795516
5460,5564,(7#)26,5462,98.584,5460,343.923,5563,2.672682,5460,9.32868501,5512,150.250595,4.046600915
5565,5669,(7#)53/2,5569,100.024,5565,326.115,5669,2.672620,5565,8.71878830,5617,152.580324,4.050199838
5670,5774,(7#)27,5674,101.503,5670,324.519,5749,2.672555,5670,8.55087561,5722,154.501031,4.043198456
5775,5879,(11#)5/2,5779,102.904,5775,365.623,5879,2.672429,5775,9.50061339,5827,156.920607,4.049513986
5880,5984,(7#)28,5881,104.296,5880,333.702,5981,2.672375,5880,8.55032099,5932,159.038414,4.048089303
5985,6089,(7#)57/2,5987,105.737,5985,358.112,6089,2.672295,5985,9.05311257,6037,161.033929,4.043897131
6090,6194,(7#)29,6091,107.146,6090,355.524,6173,2.672233,6090,8.86660386,6142,163.377962,4.048601885
6195,6299,(7#)59/2,6197,108.578,6195,353.399,6299,2.672121,6195,8.69963656,6247,165.426252,4.046139659
6300,6404,(7#)30,6301,109.978,6300,351.884,6397,2.672075,6300,8.54943114,6352,167.711695,4.049586401
6405,6509,(7#)61/2,6406,111.422,6405,362.379,6491,2.671989,6405,8.69418887,6457,169.533296,4.042122955
6510,6614,(7#)31,6514,112.866,6510,373.333,6607,2.671912,6510,8.84387731,6562,172.040433,4.051098213
6615,6719,(7#)63/2,6619,114.230,6615,365.310,6719,2.671839,6615,8.54880788,6667,173.844732,4.043672138
6720,6824,(7#)32,6722,115.634,6720,369.831,6823,2.671772,6720,8.54861281,6772,175.978794,4.044166910
6825,6929,(7#)65/2,6827,116.990,6825,408.251,6917,2.671733,6825,9.32561359,6877,178.167028,4.046042181
6930,7034,(11#)3,6934,118.438,6930,420.804,7027,2.671646,6930,9.49810045,6982,180.491731,4.051002954
7035,7139,(7#)67/2,7039,119.786,7035,388.986,7129,2.671604,7035,8.67954514,7087,182.481140,4.048550602
7140,7244,(7#)34,7142,121.173,7140,413.397,7243,2.671518,7140,9.11771327,7192,184.349590,4.043665129
7245,7349,(7#)69/2,7247,122.514,7245,410.571,7349,2.671475,7245,8.95476755,7297,186.599192,4.047306853
7350,7454,(7#)35,7351,123.872,7350,396.351,7451,2.671399,7350,8.54755750,7402,188.585838,4.045304290
7455,7559,(7#)71/2,7457,125.253,7455,406.477,7559,2.671338,7455,8.67119566,7507,190.573730,4.043552639
7560,7664,(7#)36,7561,126.604,7560,405.088,7649,2.671307,7560,8.54715332,7612,192.890274,4.048791853
7665,7769,(7#)73/2,7666,127.997,7665,415.156,7759,2.671230,7665,8.66741947,7717,194.756355,4.044706274
7770,7874,(7#)37,7778,129.444,7770,425.607,7873,2.671187,7770,8.79107181,7822,196.833371,4.045143165
7875,7979,(7#)75/2,7877,130.686,7875,418.058,7963,2.671123,7875,8.54665467,7927,198.692822,4.041298907
7980,8084,(7#)38,7993,132.177,7980,447.279,8081,2.671080,7980,9.04923277,8032,200.894406,4.044502207
8085,8189,(11#)7/2,8087,133.381,8085,474.097,8179,2.671014,8085,9.49598970,8137,203.210406,4.049992879
8190,8294,(7#)39,8191,134.711,8190,470.222,8192,2.670682,8190,9.32316868,8242,205.147271,4.047966477
8295,8399,(7#)79/2,8297,136.064,8295,440.921,8389,2.670927,8295,8.65701829,8347,207.115919,4.046722956
8400,8504,(7#)40,8402,137.433,8400,439.597,8501,2.670873,8400,8.54588363,8452,208.974681,4.043474147
8505,8609,(7#)81/2,8506,138.753,8580,451.419,8609,2.670822,8580,8.63195161,8557,210.859387,4.040917770
8610,8714,(7#)41,8612,140.128,8610,459.612,8713,2.670774,8610,8.76475917,8662,213.212438,4.047362969
8715,8819,(7#)83/2,8719,141.415,8715,457.898,8819,2.670711,8715,8.65094459,8767,215.122350,4.045431747
8820,8924,(7#)42,8821,142.701,8820,456.602,8923,2.670664,8820,8.54530676,8872,216.944314,4.041985082
8925,9029,(7#)85/2,8926,144.055,8925,491.498,9029,2.670632,8925,9.11489376,8977,219.358855,4.049625901
9030,9134,(7#)43,9034,145.410,9030,476.391,9133,2.670587,9030,8.75349434,9082,220.926830,4.041709010
9135,9239,(7#)87/2,9137,146.668,9135,486.581,9239,2.670527,9135,8.86137132,9187,222.941908,4.042164105
9240,9344,(11#)4,9241,147.967,9240,526.059,9343,2.670483,9240,9.49418124,9292,225.231296,4.047578074
9345,9449,(7#)89/2,9346,149.309,9345,483.084,9439,2.670444,9345,8.64288941,9397,227.142339,4.046222119
9450,9554,(7#)45,9458,150.702,9450,481.827,9551,2.670398,9450,8.54454716,9502,228.834927,4.041121674
9555,9659,(7#)91/2,9556,151.950,9555,530.122,9649,2.670372,9555,9.32113413,9607,231.223971,4.048388920
9660,9764,(7#)46,9661,153.188,9660,513.501,9749,2.670332,9660,8.95111839,9712,232.820188,4.041809570
9765,9869,(7#)93/2,9767,154.498,9765,511.311,9859,2.670275,9765,8.83879237,9817,235.319166,4.050950422
9870,9974,(7#)47,9871,155.782,9870,509.541,9973,2.670244,9870,8.73391281,9922,236.440968,4.036520377
9975,10079,(7#)95/2,9986,157.230,9975,532.112,10079,2.670190,9975,9.04646099,10027,239.137725,4.049074818
10080,10184,(7#)48,10084,158.465,10080,506.731,10181,2.670165,10080,8.54376264,10132,240.653967,4.041617490
10185,10289,(7#)97/2,10193,159.740,10185,516.182,10289,2.670125,10185,8.63361722,10237,242.732913,4.043757379
10290,10394,(7#)49,10294,161.008,10290,514.970,10391,2.670075,10290,8.54356903,10342,244.516869,4.041041019
10395,10499,(11#)9/2,10399,162.259,10395,576.693,10499,2.670035,10395,9.49267980,10447,246.954558,4.049143919
10500,10604,(7#)50,10501,163.504,10500,523.172,10601,2.670011,10500,8.54330046,10552,248.527542,4.043075656
10605,10709,(7#)101/2,10607,164.794,10605,532.541,10709,2.669973,10605,8.62952079,10657,250.335247,4.041001875
10710,10814,(7#)51,10711,166.058,10710,566.772,10799,2.669930,10710,9.11265762,10762,252.734239,4.048462049
10815,10919,(7#)103/2,10826,167.484,10815,540.673,10909,2.669903,10815,8.62755052,10867,254.077470,4.039087699
10920,11024,(7#)52,10924,168.701,10920,588.535,11003,2.669860,10920,9.31948435,10972,256.700423,4.050086393
11025,11129,(7#)105/2,11027,169.884,11025,543.505,11119,2.669821,11025,8.54278948,11077,258.048013,4.040999621
11130,11234,(7#)53,11131,171.139,11130,558.346,11213,2.669801,11130,8.71018917,11182,260.461471,4.048674400
11235,11339,(7#)107/2,11239,172.440,11235,556.857,11329,2.669763,11235,8.62390003,11287,261.755247,4.039024047
11340,11444,(7#)54,11351,173.786,11340,555.693,11443,2.669714,11340,8.54244131,11392,263.969072,4.043657383
11445,11549,(7#)109/2,11447,174.938,11445,564.910,11549,2.669692,11445,8.62220880,11497,265.591373,4.039296219
11550,11654,(11#)5,11551,176.184,11550,626.394,11633,2.669665,11550,9.49141587,11602,267.808447,4.044009189
11655,11759,(7#)111/2,11657,177.453,11655,583.943,11743,2.669620,11655,8.78619854,11707,269.948047,4.047527546
11760,11864,(7#)56,11762,178.737,11760,571.784,11863,2.669582,11760,8.54204077,11812,271.388429,4.040631772
11865,11969,(7#)113/2,11867,179.958,11865,580.930,11969,2.669561,11865,8.61893084,11917,273.332536,4.041357005
11970,12074,(7#)57,11971,181.196,11970,613.897,12073,2.669529,11970,9.04434477,12022,275.221168,4.041284968
12075,12179,(7#)115/2,12076,182.504,12075,611.530,12163,2.669492,12075,8.94850011,12127,277.593770,4.048315868
12180,12284,(7#)58,12182,183.732,12180,609.538,12281,2.669467,12180,8.85801523,12232,279.200011,4.044162611
12285,12389,(7#)117/2,12286,184.964,12285,645.494,12379,2.669428,12285,9.31810444,12337,281.051067,4.043663556
12390,12494,(7#)59,12391,186.175,12390,606.176,12491,2.669396,12390,8.69135577,12442,282.716736,4.040553245
12495,12599,(7#)119/2,12497,187.427,12495,639.618,12589,2.669378,12495,9.11080432,12547,285.314816,4.050765960
12600,12704,(7#)60,12601,188.654,12600,603.652,12703,2.669335,12600,8.54129031,12652,285.998303,4.033874847
12705,12809,(11#)11/2,12706,189.920,12705,675.068,12809,2.669316,12705,9.49025683,12757,288.863606,4.047853137
12810,12914,(7#)61,12812,191.195,12810,621.924,12911,2.669278,12810,8.68590906,12862,290.422545,4.043447769
12915,13019,(7#)123/2,12917,192.368,12915,631.233,13009,2.669260,12915,8.76002368,12967,291.952635,4.038785863
13020,13124,(7#)62,13033,193.727,13020,640.798,13121,2.669230,13020,8.83545298,13072,294.498002,4.048149117
13125,13229,(7#)125/2,13127,194.826,13125,623.324,13229,2.669201,13125,8.54088118,13177,295.935094,4.042293175
13230,13334,(7#)63,13238,196.154,13230,627.298,13331,2.669164,13230,8.54079737,13282,297.699122,4.040989924
13335,13439,(7#)127/2,13337,197.279,13335,636.218,13421,2.669150,13335,8.60900658,13387,299.579669,4.041332588
13440,13544,(7#)64,13441,198.491,13440,635.130,13537,2.669119,13440,8.54059921,13492,301.645894,4.044169724
13545,13649,(7#)129/2,13553,199.793,13545,654.580,13649,2.669090,13545,8.74885075,13597,302.818388,4.035135137
13650,13754,(7#)65,13654,200.996,13650,701.395,13751,2.669055,13650,9.31687000,13702,305.850504,4.050841512
13755,13859,(7#)131/2,13757,202.162,13755,651.808,13859,2.669028,13755,8.60655649,13807,306.876651,4.039969494
13860,13964,(11#)6,13873,203.505,13860,723.037,13963,2.669002,13860,9.48919262,13912,309.066068,4.044504129
13965,14069,(7#)133/2,13967,204.592,13965,693.080,14057,2.668987,13965,9.04258698,14017,310.859031,4.043855657
14070,14174,(7#)67,14071,205.794,14070,668.635,14173,2.668959,14070,8.67153022,14122,312.523503,4.041581885
14175,14279,(7#)135/2,14177,207.017,14175,662.332,14251,2.668931,14175,8.54003543,14227,314.399184,4.042096343
14280,14384,(7#)68,14281,208.215,14280,710.667,14369,2.668911,14280,9.10929007,14332,316.359174,4.043701589
14385,14489,(7#)137/2,14387,209.434,14385,675.035,14489,2.668882,14385,8.60316769,14437,318.087309,4.042374941
14490,14594,(7#)69,14494,210.694,14490,706.074,14593,2.668858,14490,8.94649302,14542,319.904917,4.042228764
14595,14699,(7#)139/2,14614,212.070,14595,682.734,14699,2.668824,14595,8.60206380,14647,321.770638,4.042718471
14700,14804,(7#)70,14702,213.079,14700,681.684,14797,2.668810,14700,8.53965669,14752,323.251475,4.038427095
14805,14909,(7#)141/2,14813,214.320,14805,700.719,14897,2.668787,14805,8.72937727,14857,325.561468,4.044521093
14910,15014,(7#)71,14914,215.504,14910,699.364,15013,2.668760,14910,8.66329734,14962,326.698523,4.036071909
15015,16169,(13#)/2,15017,216.651,15015,840.195,16141,2.668514,15015,10.35083057,15581,338.082926,4.042551694
16170,17324,(11#)7,16174,229.790,16170,816.770,16384,2.668294,16170,9.48744417,16737,357.717784,4.041461920
17325,18479,(11#)15/2,17327,242.659,17745,863.244,18461,2.668071,17325,9.48666633,17893,377.201794,4.041478911
18480,19634,(11#)8,18481,255.416,19110,915.696,19609,2.667877,18480,9.48592884,19048,396.388142,4.040732687
19635,20789,(11#)17/2,19636,268.096,19635,1016.477,20789,2.667693,19635,10.11761783,20204,415.483899,4.041172291
20790,21944,(11#)9,20798,280.638,21840,1018.568,21943,2.667519,20790,9.48467315,21359,434.292299,4.040665830
21945,23099,(11#)19/2,21946,292.935,21945,1102.624,23099,2.667361,21945,10.04198433,22515,452.917962,4.040173685
23100,24254,(11#)10,23102,305.204,23205,1140.371,24251,2.667213,23205,9.93182028,23670,471.449345,4.040337487
24255,25409,(11#)21/2,24268,317.496,24255,1128.157,25409,2.667078,24255,9.48303126,24825,489.737325,4.039772817
25410,26564,(11#)11,25411,329.368,25935,1237.474,26561,2.666946,25935,9.85758127,25981,507.959889,4.039900697
26565,27719,(11#)23/2,26573,341.397,26565,1271.305,27701,2.666822,26565,9.93364518,27136,525.975370,4.039499437
27720,28874,(11#)12,27733,353.314,28665,1266.551,28871,2.666698,27720,9.48167174,28291,543.908043,4.039487211
28875,30029,(11#)25/2,28879,365.003,28875,1297.599,30029,2.666589,28875,9.48126293,29446,561.594024,4.038611407
30030,31184,(13#),30034,376.729,30030,1460.998,31183,2.666477,30030,10.34278742,30602,579.422368,4.039604962
31185,32339,(11#)27/2,31189,388.327,31395,1427.675,32327,2.666375,31395,9.75130720,31757,596.930133,4.039125643
32340,33494,(11#)14,32341,399.848,32340,1421.644,32768,2.666256,32340,9.48014915,32912,614.258575,4.038221655
33495,34649,(11#)29/2,33503,411.397,33495,1516.583,34649,2.666185,33495,9.83091290,34067,631.716612,4.038858491
34650,35804,(11#)15,34651,422.741,35490,1504.553,35803,2.666091,34650,9.47949526,35222,648.927588,4.038532074
35805,36959,(11#)31/2,35806,434.115,35805,1596.574,36947,2.666005,35805,9.80604971,36377,666.047875,4.038255062
36960,38114,(11#)16,36962,445.412,36960,1583.529,38113,2.665924,36960,9.47886983,37533,683.129703,4.038303421
38115,39269,(11#)33/2,38119,456.634,38115,1623.408,39251,2.665841,38115,9.47857955,38688,699.990358,4.037585910
39270,40424,(11#)17,39272,467.881,39270,1774.049,40423,2.665762,39270,10.11019819,39843,716.996230,4.038195156
40425,41579,(11#)35/2,40427,478.902,41055,1733.981,41579,2.665687,41055,9.53204684,40998,733.779628,4.037993622
41580,42734,(11#)18,41593,490.070,42315,1794.617,42727,2.665615,42315,9.62616082,42153,750.465585,4.037703114
42735,43889,(11#)37/2,42737,500.977,42735,1832.029,43889,2.665547,42735,9.74830457,43308,767.137614,4.037752597
43890,45044,(11#)19,43891,511.929,43890,1927.228,45013,2.665481,43890,10.03477120,44463,783.614689,4.037177522
45045,46199,(13#)3/2,45053,522.910,45045,2027.918,46199,2.665410,45045,10.33859678,45618,800.222602,4.037644634
46200,47354,(11#)20,46204,533.786,46410,1994.653,47353,2.665349,46410,9.92477041,46773,816.608038,4.037329469
47355,48509,(11#)41/2,47356,544.580,47355,1985.690,48497,2.665287,47355,9.71957662,47929,833.127084,4.037993199
48510,49664,(11#)21,48523,555.426,48510,1974.418,49663,2.665224,48510,9.47637982,49084,849.176229,4.036709502
49665,50819,(11#)43/2,49667,566.060,49665,2061.641,50789,2.665169,49665,9.70729564,50239,865.517956,4.037139133
50820,51974,(11#)22,50821,576.748,51870,2167.588,51973,2.665111,51870,9.85076268,51394,881.642762,4.036836074
51975,53129,(11#)45/2,51977,587.413,51975,2088.474,53129,2.665055,51975,9.47575949,52549,897.764451,4.036798985
53130,54284,(11#)23,53147,598.168,53130,2227.518,54277,2.665002,53130,9.92679171,53704,913.925666,4.037188220
54285,55439,(11#)47/2,54287,608.610,54285,2211.930,55439,2.664947,54285,9.68594932,54859,929.829939,4.036692957
55440,56594,(11#)24,55441,619.145,55965,2233.842,56591,2.664895,55965,9.54137925,56014,945.770008,4.036603553
56595,57749,(11#)49/2,56597,629.661,56595,2238.690,57737,2.664848,56595,9.47501581,57169,961.665526,4.036554949
57750,58904,(11#)25,57751,640.124,58695,2319.596,58901,2.664798,58695,9.52932283,58324,977.514476,4.036529322
58905,60059,(11#)51/2,58907,650.571,58905,2467.244,60041,2.664751,58905,10.10632240,59479,993.220471,4.036132773
60060,61214,(13#)2,60068,661.075,60060,2563.719,61211,2.664702,60060,10.33582324,60634,1009.053978,4.036455774
61215,62369,(11#)53/2,61223,671.403,61215,2433.720,62351,2.664657,61215,9.66011306,61789,1024.757758,4.036445358
62370,63524,(11#)27,62378,681.766,62790,2506.700,63521,2.664614,62790,9.74482144,62944,1040.401954,4.036386739
63525,64679,(11#)55/2,63527,692.001,64155,2489.314,64679,2.664569,64155,9.50839434,64099,1056.018644,4.036400782
64680,65834,(11#)28,64682,702.303,64680,2496.934,65536,2.664496,64680,9.47387515,65254,1071.457539,4.035917141
65835,66989,(11#)57/2,65837,712.531,65835,2682.362,66977,2.664486,65835,10.03100388,66409,1086.981388,4.035929608
66990,68144,(11#)29,67003,722.849,66990,2664.900,68141,2.664445,66990,9.82445943,67565,1102.509347,4.036112389
68145,69299,(11#)59/2,68147,732.945,68145,2651.647,69263,2.664405,68145,9.63964334,68720,1117.905768,4.035967310
69300,70454,(11#)30,69302,743.133,69615,2777.274,70451,2.664364,69615,9.92108617,69875,1133.315884,4.036021742
70455,71609,(11#)61/2,70457,753.249,70455,2723.510,71597,2.664327,70455,9.63372183,71030,1148.600993,4.035779017
71610,72764,(11#)31,71612,763.403,71610,2807.700,72763,2.664288,71610,9.79968688,72185,1163.938955,4.035864190
72765,73919,(11#)63/2,72767,773.446,72765,2749.932,73907,2.664251,72765,9.47289828,73340,1179.136430,4.035599995
73920,75074,(11#)32,73924,783.566,73920,2785.738,75041,2.664217,73920,9.47276386,74495,1194.383708,4.035640714
75075,76229,(13#)5/2,75079,793.558,75075,3077.869,76213,2.664181,75075,10.33378523,75650,1209.512268,4.035410237
76230,77384,(11#)33,76231,803.543,76230,2857.011,77383,2.664144,76230,9.47251671,76805,1224.782160,4.035770494
77385,78539,(11#)67/2,77386,813.550,77805,3020.343,78539,2.664109,77805,9.84719137,77960,1239.680594,4.035032524
78540,79694,(11#)34,78541,823.492,78540,3123.135,79693,2.664077,78540,10.10375340,79115,1254.963406,4.035662120
79695,80849,(11#)69/2,79697,833.440,79695,3104.348,80849,2.664044,79695,9.92320502,80270,1270.104060,4.035930221
80850,82004,(11#)35,80854,843.394,80850,2998.539,82003,2.664010,80850,9.47203871,81425,1284.855709,4.035079858
82005,83159,(11#)71/2,82007,853.250,82005,3077.647,83137,2.663980,82005,9.60919834,82580,1299.859962,4.035142263
83160,84314,(11#)36,83177,863.250,83160,3068.816,84313,2.663948,83160,9.47180737,83735,1314.777387,4.035037375
84315,85469,(11#)73/2,84317,872.972,84630,3162.178,85469,2.663916,84630,9.62013006,84890,1329.850653,4.035503947
85470,86624,(11#)37,85474,882.839,85470,3228.468,86599,2.663885,85470,9.74220918,86045,1344.721619,4.035446049
86625,87779,(11#)75/2,86627,892.609,86625,3173.624,87767,2.663855,86625,9.47148493,87200,1359.305635,4.034634886
87780,88934,(11#)38,87782,902.417,87780,3397.192,88919,2.663825,87780,10.02851528,88355,1374.432572,4.035525408
88935,90089,(11#)77/2,88937,912.164,88935,3243.150,90089,2.663797,88935,9.47127161,89510,1388.809316,4.034306901
90090,91244,(13#)3,90107,922.037,90090,3575.831,91243,2.663767,90090,10.33218950,90665,1404.007615,4.035561015
91245,92399,(11#)79/2,91249,931.655,91245,3355.413,92399,2.663739,91245,9.59407381,91820,1418.636501,4.035247741
92400,93554,(11#)40,92401,941.338,92820,3518.295,93553,2.663712,92820,9.91865121,92975,1433.105961,4.034578113
93555,94709,(11#)81/2,93557,951.036,94185,3497.273,94709,2.663685,94185,9.74141833,94130,1447.907278,4.034927621
94710,95864,(11#)41,94712,960.787,94710,3503.368,95857,2.663658,94710,9.71362050,95285,1462.486674,4.034734257
95865,97019,(11#)83/2,95866,970.370,95865,3492.659,97007,2.663631,95865,9.58760698,96440,1477.377169,4.035466935
97020,98174,(11#)42,97021,979.983,97020,3484.354,98143,2.663605,97020,9.47058789,97595,1491.386994,4.033880996
98175,99329,(11#)85/2,98179,989.624,98175,3753.075,99317,2.663579,98175,10.10186193,98750,1506.208143,4.034574796
99330,100484,(11#)43,99334,999.242,99330,3639.322,100483,2.663553,99330,9.70139408,99905,1520.765847,4.034622560
100485,101639,(11#)87/2,100493,1008.836,100485,3719.542,101627,2.663528,100485,9.82107121,101060,1535.412063,4.034968789
101640,102794,(11#)44,101641,1018.342,101745,3683.479,102793,2.663504,101745,9.62620237,102215,1549.779000,4.034647585
102795,103949,(11#)89/2,102797,1027.897,103740,3828.132,103919,2.663479,103740,9.84482054,103370,1564.263417,4.034702169
103950,105104,(11#)45,103951,1037.418,103950,3688.569,105097,2.663455,103950,9.47005704,104525,1578.406313,4.033949333
105105,106259,(13#)7/2,105107,1046.940,105105,4060.756,106243,2.663430,105105,10.33087844,105680,1593.028233,4.034486922
106260,107414,(11#)46,106261,1056.429,106260,3935.026,107377,2.663408,106260,9.92083173,106835,1607.476610,4.034636774
107415,108569,(11#)93/2,107434,1066.078,107415,3920.521,108557,2.663385,107415,9.79634681,107990,1621.792903,4.034514943
108570,109724,(11#)47,108571,1075.375,108570,3908.496,109721,2.663361,108570,9.68016198,109145,1636.086988,4.034399414
109725,110879,(11#)95/2,109738,1084.943,109725,4083.981,110879,2.663338,109725,10.02668062,110300,1650.478559,4.034581486
110880,112034,(11#)48,110881,1094.260,111930,3948.542,112031,2.663315,111930,9.53571186,111456,1664.539327,4.034015377
112035,113189,(11#)97/2,112061,1103.883,112035,3965.434,113189,2.663294,112035,9.56915994,112611,1679.027246,4.034540598
113190,114344,(11#)49,113194,1113.127,113190,3957.601,114343,2.663271,113190,9.46940676,113766,1693.136252,4.034206427
114345,115499,(11#)99/2,114346,1122.492,114345,3990.950,115499,2.663250,114345,9.46932977,114921,1707.310529,4.034086405
115500,116654,(11#)50,115502,1131.875,116025,4230.371,116639,2.663229,116025,9.91685549,116076,1721.622086,4.034340628
116655,117809,(11#)101/2,116657,1141.216,117390,4102.265,117809,2.663208,116655,9.56482404,117231,1735.576933,4.033813031
117810,118964,(11#)51,117811,1150.553,117810,4363.551,118931,2.663187,117810,10.10037850,118386,1750.067519,4.034577484
118965,120119,(11#)103/2,118967,1159.893,118965,4164.805,120103,2.663166,118965,9.56278420,119541,1763.745922,4.033521424
120120,121274,(13#)4,120121,1169.203,120120,4535.059,121271,2.663146,120120,10.32977036,120696,1778.120473,4.034110712
121275,122429,(11#)105/2,121276,1178.546,121275,4190.184,122401,2.663127,121275,9.46888443,121851,1792.303607,4.034303144
122430,123584,(11#)53,122443,1187.894,122430,4306.062,123583,2.663106,122430,9.65447974,123006,1806.227145,4.033958871
123585,124739,(11#)107/2,123593,1197.131,123585,4296.739,124739,2.663086,123585,9.55892504,124161,1820.228708,4.033839248
124740,125894,(11#)54,124753,1206.435,125580,4436.331,125887,2.663067,125580,9.73915681,125316,1834.415017,4.034170495
125895,127049,(11#)109/2,125897,1215.597,126945,4420.105,127037,2.663048,126945,9.61695694,126471,1848.283399,4.033845887
127050,128204,(11#)55,127051,1224.827,127050,4354.912,128203,2.663028,127050,9.46854111,127626,1862.145684,4.033557261
128205,129359,(11#)111/2,128213,1234.107,128205,4513.038,129347,2.663010,128205,9.73900177,128781,1876.244693,4.033823566
129360,130514,(11#)56,129361,1243.264,129675,4604.633,130513,2.662992,129675,9.84307178,129936,1890.387928,4.034218115
130515,131669,(11#)113/2,130517,1252.471,130515,4493.256,131072,2.662962,130515,9.55363966,131091,1904.039842,4.033606911
131670,132824,(11#)57,131671,1261.649,131670,4749.711,132817,2.662955,131670,10.02523467,132246,1918.048566,4.033795428
132825,133979,(11#)115/2,132826,1270.844,132825,4733.588,133979,2.662936,132825,9.91908007,133401,1932.060809,4.034025870
133980,135134,(11#)58,133981,1279.987,133980,4719.592,135131,2.662918,133980,9.81881880,134556,1945.509926,4.033125463
135135,136289,(13#)9/2,135151,1289.256,135135,5000.221,136277,2.662901,135135,10.32881851,135711,1959.866200,4.034141867
136290,137444,(11#)59,136294,1298.318,136290,4697.047,137443,2.662883,136290,9.63412971,136866,1973.182897,4.033055749
137445,138599,(11#)119/2,137447,1307.410,137445,4958.378,138599,2.662866,137445,10.09915967,138021,1987.483890,4.034019202
138600,139754,(11#)60,138604,1316.579,139230,4920.697,139753,2.662849,139230,9.91544010,139176,2001.267364,4.033957775
139755,140909,(11#)121/2,139759,1325.644,139755,4713.255,140909,2.662832,139755,9.46783811,140331,2014.822735,4.033477281
140910,142064,(11#)61,140914,1334.755,140910,4826.051,142061,2.662815,140910,9.62825168,141486,2028.427641,4.033138706
142065,143219,(11#)123/2,142067,1343.801,142065,4900.379,143197,2.662799,142065,9.71048346,142641,2042.390944,4.033545667
143220,144374,(11#)62,143224,1352.961,143220,4976.016,144349,2.662783,143220,9.79413135,143796,2056.149492,4.033576866
144375,145529,(11#)125/2,144379,1361.944,144690,4856.323,145517,2.662766,144690,9.47771452,144951,2070.046298,4.033908229
145530,146684,(11#)63,145531,1370.968,145530,4874.526,146683,2.662749,145530,9.46754688,146106,2083.473875,4.033359605
146685,147839,(11#)127/2,146701,1380.122,146685,4945.874,147827,2.662733,146685,9.54322957,147261,2097.177733,4.033382463
147840,148994,(11#)64,147853,1389.124,147840,4938.745,148991,2.662717,147840,9.46743083,148416,2111.021162,4.033701296
148995,150149,(11#)129/2,148997,1398.053,148995,5092.003,150131,2.662702,148995,9.69828626,149571,2124.145281,4.032683284
150150,151304,(13#)5,150151,1407.049,150150,5457.616,151303,2.662686,150150,10.32798717,150726,2138.271552,4.033598781
151305,152459,(11#)131/2,151306,1416.062,151515,5090.319,152459,2.662670,151515,9.56069720,151881,2151.836900,4.033478086
152460,153614,(11#)66,152461,1425.027,152460,5066.733,153611,2.662655,152460,9.46720970,153036,2165.217876,4.033046026
153615,154769,(11#)133/2,153623,1434.054,153615,5398.522,154769,2.662640,153615,10.02404704,154191,2179.027204,4.033441246
154770,155924,(11#)67,154772,1443.008,155610,5357.603,155921,2.662625,155610,9.84169818,155346,2192.619732,4.033459215
155925,157079,(11#)135/2,155938,1452.027,156975,5339.533,157061,2.662611,156975,9.73748674,156501,2206.077263,4.033258450
157080,158234,(11#)68,157081,1460.859,157080,5540.411,158233,2.662595,157080,10.09812943,157656,2219.423511,4.032886948
158235,159389,(11#)137/2,158243,1469.845,158340,5323.851,159389,2.662581,158340,9.63906561,158811,2233.073786,4.033096237
159390,160544,(11#)69,159394,1478.756,159390,5507.988,160541,2.662566,159390,9.91769910,159966,2246.772292,4.033414453
160545,161699,(11#)139/2,160546,1487.646,160545,5327.891,161683,2.662551,160545,9.53594422,161121,2260.142090,4.033168139
161700,162854,(11#)70,161708,1496.622,162435,5593.555,162853,2.662538,162435,9.91427750,162276,2273.797591,4.033456927
162855,164009,(11#)141/2,162859,1505.449,162855,5471.509,163997,2.662523,162855,9.67711174,163431,2287.028538,4.033019574
164010,165164,(11#)71,164011,1514.310,164010,5462.219,165161,2.662509,164010,9.60389037,164586,2300.189749,4.032492631
165165,166319,(13#)11/2,165173,1523.239,165165,5908.048,166319,2.662495,165165,10.32724606,165741,2314.214129,4.033499550
166320,167474,(11#)72,166349,1532.266,166320,5447.266,167471,2.662481,166320,9.46659105,166896,2327.338526,4.032957933
167475,168629,(11#)145/2,167483,1540.961,167475,5681.639,168629,2.662468,167475,9.81715484,168051,2340.776446,4.032988207
168630,169784,(11#)73,168631,1549.755,169575,5627.075,169783,2.662454,169575,9.62237255,169206,2354.394771,4.033349559
169785,170939,(11#)147/2,169789,1558.617,169785,5541.608,170927,2.662440,169785,9.46644780,170361,2367.566865,4.032969816
170940,172094,(11#)74,170948,1567.513,170940,5732.262,172093,2.662427,170940,9.73686678,171516,2381.064956,4.033170164
172095,173249,(11#)149/2,172097,1576.251,172095,5642.486,173249,2.662414,172095,9.53074787,172671,2394.205674,4.032789150
173250,174404,(11#)75,173254,1585.096,173250,5635.725,174389,2.662401,173250,9.46630613,173826,2407.397483,4.032522025
174405,175559,(11#)151/2,174407,1593.865,174405,5705.025,175543,2.662387,174405,9.52979147,174981,2421.021272,4.032998888
175560,176714,(11#)76,175564,1602.711,175560,6033.484,176713,2.662375,175560,10.02304749,176136,2434.411020,4.033102799
176715,177869,(11#)153/2,176716,1611.474,176715,6111.461,177841,2.662362,176715,10.09724336,177291,2447.461399,4.032668803
177870,179024,(11#)77,177874,1620.255,177870,5760.734,179021,2.662349,177870,9.46612223,178446,2460.920720,4.032930966
179025,180179,(11#)155/2,179026,1629.001,179025,5991.598,180179,2.662336,179025,9.79249350,179601,2473.916190,4.032455728
180180,181334,(13#)6,180181,1637.742,180180,6352.424,181303,2.662324,180180,10.32657872,180756,2487.577082,4.033084527
181335,182489,(11#)157/2,181348,1646.620,181545,6091.679,182489,2.662311,181545,9.84056942,181911,2500.662774,4.032798415
182490,183644,(11#)79,182498,1655.308,182490,5961.691,183637,2.662299,182490,9.58887822,183066,2513.896155,4.032772927
183645,184799,(11#)159/2,183646,1663.989,183645,6032.289,184777,2.662287,183645,9.65150593,184221,2527.378068,4.033163254
184800,185954,(11#)80,184802,1672.724,185640,6252.103,185951,2.662274,185640,9.91329877,185376,2540.319799,4.032711488
185955,187109,(11#)161/2,185957,1681.424,185955,6262.991,187091,2.662262,185955,9.91656461,186531,2553.542407,4.032728516
187110,188264,(11#)81,187111,1690.126,187110,6009.313,188261,2.662250,187110,9.46577079,187686,2566.576703,4.032468816
188265,189419,(11#)163/2,188273,1698.882,188370,6215.725,189407,2.662238,188370,9.73617373,188841,2579.995844,4.032832048
189420,190574,(11#)82,189421,1707.524,189420,6226.838,190573,2.662226,189420,9.70839418,189996,2593.021781,4.032598297
190575,191729,(11#)165/2,190577,1716.218,190575,6102.021,191717,2.662215,190575,9.46564238,191151,2606.222535,4.032656071
191730,192884,(11#)83,191732,1724.932,191730,6208.627,192883,2.662202,191730,9.58246195,192306,2619.451515,4.032774193
192885,194039,(11#)167/2,192887,1733.567,192885,6201.065,194027,2.662191,192885,9.52292833,193461,2632.648999,4.032860445
194040,195194,(11#)84,194042,1742.249,194040,6194.543,195193,2.662180,194040,9.46551863,194616,2645.018677,4.031704222
195195,196349,(13#)13/2,195197,1750.886,195195,6791.222,196337,2.662168,195195,10.32597584,195771,2658.668527,4.032519357
196350,197504,(11#)85,196358,1759.597,196350,6673.139,197479,2.662157,196350,10.09646852,196926,2672.081730,4.032983372
197505,198659,(11#)171/2,197507,1768.174,197505,6656.567,198659,2.662145,197505,10.02218719,198081,2685.067164,4.032816657
198660,199814,(11#)86,198668,1776.888,198660,6471.568,199813,2.662134,198660,9.69621990,199236,2697.894442,4.032433338
199815,200969,(11#)173/2,199819,1785.447,199815,6385.243,200929,2.662124,199815,9.52067059,200391,2710.799571,4.032187516
200970,202124,(11#)87,200971,1794.043,200970,6615.046,202121,2.662112,200970,9.81584623,201546,2724.382699,4.032962872
202125,203279,(11#)175/2,202127,1802.661,202125,6409.378,203279,2.662101,202125,9.46524115,202701,2736.946015,4.032244513
203280,204434,(11#)88,203282,1811.283,203490,6551.721,204431,2.662090,203490,9.62109273,203856,2750.065692,4.032366061
204435,205589,(11#)177/2,204437,1819.861,204435,6584.049,205589,2.662080,204435,9.63121763,205011,2763.310885,4.032684563
205590,206744,(11#)89,205594,1828.483,205590,6575.828,206699,2.662069,205590,9.57392014,206166,2776.280919,4.032615410
206745,207899,(11#)179/2,206749,1837.047,207480,6810.258,207877,2.662058,207480,9.83961511,207321,2788.992365,4.032189617
207900,209054,(11#)90,207902,1845.624,208845,6898.384,209039,2.662047,208845,9.91245622,208476,2802.018759,4.032237191
209055,210209,(11#)181/2,209063,1854.218,209055,6629.364,210209,2.662037,209055,9.51788769,209631,2814.902760,4.032095686
210210,211364,(13#)7,210214,1862.768,210210,7225.097,211349,2.662026,210210,10.32542719,210786,2828.342667,4.032761931
211365,212519,(11#)183/2,211366,1871.299,211365,6766.156,212507,2.662016,211365,9.62536047,211941,2841.053120,4.032400802
212520,213674,(11#)92,212522,1879.853,212520,7002.083,213659,2.662005,212520,9.91560897,213096,2853.991675,4.032380631
213675,214829,(11#)185/2,213676,1888.403,213675,6905.972,214817,2.661995,213675,9.73528747,214251,2866.746897,4.032117952
214830,215984,(11#)93,214831,1896.901,214830,6977.082,215983,2.661985,214830,9.79120150,215406,2879.798618,4.032287259
215985,217139,(11#)187/2,215998,1905.534,215985,7226.450,217121,2.661975,215985,10.09577805,216561,2892.724000,4.032292739
217140,218294,(11#)94,217142,1913.973,217140,6956.344,218287,2.661964,217140,9.67508243,217716,2905.739429,4.032436785
218295,219449,(11#)189/2,218308,1922.584,218295,6835.357,219437,2.661955,218295,9.46471882,218871,2918.349961,4.032034431
219450,220604,(11#)95,219451,1930.967,219450,7269.495,220589,2.661945,219450,10.02143115,220026,2931.655081,4.032604506
220605,221759,(11#)191/2,220613,1939.518,220605,6932.310,221747,2.661935,220605,9.51472718,221181,2944.092904,4.031995401
221760,222914,(11#)96,221762,1947.985,221760,6926.052,222913,2.661925,221760,9.46461322,222336,2957.164822,4.032270220
222915,224069,(11#)193/2,222919,1956.468,223860,7029.716,224069,2.661915,223860,9.53073578,223491,2970.177603,4.032474674
224070,225224,(11#)97,224071,1964.927,224070,7059.921,225223,2.661905,224070,9.56417213,224646,2982.493750,4.031749928
225225,226379,(13#)15/2,225227,1973.408,225225,7654.340,226379,2.661895,225225,10.32492096,225801,2995.653863,4.032180972
226380,227534,(11#)98,226381,1981.868,226380,7046.615,227533,2.661886,226380,9.46447531,226956,3008.620407,4.032360249
227535,228689,(11#)197/2,227537,1990.336,227535,7112.958,228677,2.661877,227535,9.51297687,228111,3021.341005,4.032222655
228690,229844,(11#)99,228692,1998.826,229425,7113.872,229841,2.661867,228690,9.46440904,229266,3034.161714,4.032231879
229845,230999,(11#)199/2,229847,2007.239,229845,7172.997,230999,2.661857,229845,9.51241792,230421,3046.870594,4.032105924
231000,232154,(11#)100,231001,2015.675,232050,7534.170,232153,2.661848,232050,9.91171578,231576,3059.503431,4.031893606
232155,233309,(11#)201/2,232171,2024.220,232155,7307.500,233297,2.661839,232155,9.60991216,232731,3072.398280,4.032039461
233310,234464,(11#)101,233314,2032.580,233415,7515.563,234463,2.661829,233415,9.83879344,233886,3085.146012,4.032003562
234465,235619,(11#)203/2,234467,2040.971,234465,7525.472,235607,2.661820,234465,9.81477062,235041,3097.834647,4.031903181
235620,236774,(11#)102,235621,2049.382,235620,7772.443,236773,2.661811,235620,10.09515643,236196,3110.695717,4.032039043
236775,237929,(11#)205/2,236779,2057.815,236775,7504.146,237929,2.661802,236775,9.70684787,237351,3123.727499,4.032404728
237930,239084,(11#)103,237934,2066.239,237930,7419.198,239081,2.661793,237930,9.55785034,238506,3136.018598,4.031827225
239085,240239,(11#)207/2,239087,2074.606,239085,7727.548,240209,2.661784,239085,9.91478590,239661,3148.630971,4.031678709
240240,241394,(13#)8,240242,2083.017,240240,8079.458,241393,2.661775,240240,10.32445160,240816,3161.652912,4.032064602
241395,242549,(11#)209/2,241412,2091.531,241395,7873.372,242533,2.661766,241395,10.02075765,241971,3174.751608,4.032554401
242550,243704,(11#)105,242551,2099.762,242550,7465.796,243703,2.661757,242550,9.46401883,243126,3186.725438,4.031629132
243705,244859,(11#)211/2,243707,2108.146,243705,7531.411,244859,2.661748,243705,9.50926967,244281,3199.819818,4.032135199
244860,246014,(11#)106,244861,2116.509,244860,7672.894,246011,2.661739,244860,9.64952273,245436,3212.667273,4.032336685
246015,247169,(11#)213/2,246017,2124.881,246015,7664.541,247141,2.661731,246015,9.60108227,246591,3224.712878,4.031546372
247170,248324,(11#)107,247183,2133.319,247170,7657.036,248323,2.661722,247170,9.55402688,247746,3237.457476,4.031644471
248325,249479,(11#)215/2,248342,2141.718,248325,7800.188,249463,2.661714,248325,9.69468979,248901,3250.229896,4.031786683
249480,250634,(11#)108,249497,2150.048,249480,7644.178,250619,2.661705,249480,9.46383210,250056,3263.088570,4.032043952
250635,251789,(11#)217/2,250636,2158.309,250635,7938.421,251789,2.661697,250635,9.79013972,251211,3276.073562,4.032463911
251790,252944,(11#)109,251791,2166.610,252525,7798.519,252937,2.661688,252525,9.55716228,252366,3287.607205,4.031113086
252945,254099,(11#)219/2,252946,2174.958,253890,7878.906,254083,2.661680,253890,9.61205271,253521,3301.167328,4.032258639
254100,255254,(11#)110,254102,2183.291,254100,7762.697,255253,2.661671,254100,9.46371186,254676,3312.959780,4.031254128
255255,270269,(17#)/2,255259,2191.607,255255,9067.342,262144,2.661612,255255,11.01228466,262655,3401.384432,4.031736877
270270,285284,(13#)9,270271,2299.250,270270,8918.277,285283,2.661467,270270,10.32361264,277676,3563.813765,4.031588520
285285,300299,(13#)19/2,285287,2406.057,285285,9881.467,300299,2.661375,285285,10.93048147,292696,3725.011372,4.031488158
300300,315314,(13#)10,300301,2512.038,314160,9895.594,315313,2.661288,300300,10.32287406,307715,3884.925199,4.031295577
315315,330329,(13#)21/2,315334,2617.408,329175,10216.451,330329,2.661205,315315,10.32253710,322735,4043.812282,4.031208149
330330,345344,(13#)11,330331,2721.775,330330,10557.161,345329,2.661127,330330,10.32221960,337754,4201.566920,4.031051847
345345,360359,(13#)23/2,345346,2825.622,345345,11481.766,360337,2.661053,345345,10.81343727,352772,4358.374753,4.030953877
360360,375374,(13#)12,360362,2928.817,373065,12109.762,375373,2.660982,373065,10.68568261,367790,4514.203446,4.030833042
375375,390389,(13#)25/2,375391,3031.474,375375,11757.991,390389,2.660914,375375,10.32135581,382808,4669.144114,4.030730285
390390,405404,(13#)13,390391,3133.369,390390,12153.648,405401,2.660850,390390,10.32109578,397826,4823.259916,4.030660352
405405,420419,(13#)27/2,405407,3234.819,405405,12547.093,420419,2.660788,405405,10.32084621,412844,4976.495499,4.030544137
420420,435434,(13#)14,420421,3335.726,431970,12944.117,435427,2.660728,420420,10.32060646,427861,5128.928394,4.030419412
435435,450449,(13#)29/2,435437,3436.140,435435,13821.603,450431,2.660671,435435,10.70261344,442878,5280.716907,4.030381458
450450,465464,(13#)15,450451,3536.055,451605,14079.831,465463,2.660617,451605,10.57131934,457895,5431.716508,4.030292614
465465,480479,(13#)31/2,465469,3635.531,465465,14587.573,480463,2.660564,465465,10.67580632,472912,5581.988179,4.030181652
480480,495494,(13#)16,480484,3734.570,480480,14485.381,495491,2.660513,480480,10.31974148,487929,5731.672653,4.030130253
495495,510509,(13#)33/2,495511,3833.194,504735,15356.024,510481,2.660464,504735,10.49286298,502946,5880.639009,4.030027278
510510,525524,(17#),510518,3931.319,510510,16265.058,524288,2.660415,510510,11.00731275,517963,6029.083728,4.029992365
525525,540539,(13#)35/2,525529,4029.039,533715,15924.334,540539,2.660371,533715,10.37804023,532979,6176.810784,4.029878868
540540,555554,(13#)18,540541,4126.394,540540,16005.382,555523,2.660326,540540,10.31899420,547996,6324.087421,4.029849740
555555,570569,(13#)37/2,555557,4223.401,569415,16961.704,570569,2.660283,555555,10.61364589,563012,6470.697733,4.029752817
570570,585584,(13#)19,570574,4320.068,570570,17742.145,585581,2.660242,570570,10.92563636,578028,6616.880701,4.029727308
585585,600599,(13#)39/2,585587,4416.329,596505,17371.474,600577,2.660201,585585,10.31849508,593044,6762.446743,4.029645472
600600,615614,(13#)20,600601,4512.272,608685,17905.428,615607,2.660162,608685,10.43685650,608061,6907.519268,4.029574131
615615,630629,(13#)41/2,615617,4607.898,615615,18331.261,630613,2.660123,615615,10.58275446,623077,7052.118345,4.029515339
630630,645644,(13#)21,630659,4703.369,636405,18504.641,645641,2.660086,636405,10.38542014,638093,7196.287334,4.029484277
645645,660659,(13#)43/2,645647,4798.188,645645,19065.005,660659,2.660050,645645,10.56955020,653109,7339.911967,4.029409407
660660,675674,(13#)22,660661,4892.870,672945,19192.320,675643,2.660015,660660,10.31775367,668125,7483.091343,4.029340106
675675,690689,(13#)45/2,675706,4987.467,680295,19535.852,690689,2.659980,680295,10.35943223,683141,7625.853692,4.029284411
690690,705704,(13#)23,690692,5081.408,690690,20648.093,705689,2.659947,690690,10.80879355,698157,7768.294780,4.029284642
705705,720719,(13#)47/2,705706,5175.218,705705,20519.540,720703,2.659914,705705,10.54662963,713172,7910.161178,4.029203343
720720,735734,(13#)24,720724,5268.810,726495,20693.235,735733,2.659882,726495,10.37613560,728188,8051.681726,4.029154534
735735,750749,(13#)49/2,735739,5362.076,746130,21791.074,750749,2.659851,746130,10.68115151,743204,8192.797868,4.029102586
750750,765764,(13#)25,750769,5455.205,750750,21159.128,765763,2.659821,750750,10.31698454,758220,8333.526786,4.029051367
765765,780779,(17#)3/2,765767,5547.885,765765,22953.594,780733,2.659791,765765,11.00465781,773236,8473.913968,4.029017993
780780,795794,(13#)26,780782,5640.439,780780,21877.961,795793,2.659762,780780,10.31675112,788251,8613.858307,4.028950340
795795,810809,(13#)53/2,795797,5732.723,795795,22671.941,810809,2.659733,795795,10.51892550,803267,8753.546510,4.028932038
810810,825824,(13#)27,810814,5824.814,823515,22744.130,825821,2.659705,810810,10.31652871,818283,8892.843079,4.028895494
825825,840839,(13#)55/2,825827,5916.622,825825,22949.249,840839,2.659678,825825,10.31642083,833298,9031.804441,4.028863403
840840,855854,(13#)28,840841,6008.227,844305,23424.492,855851,2.659651,844305,10.33306561,848314,9170.298818,4.028774824
855855,870869,(13#)57/2,855857,6099.623,855855,25050.780,870853,2.659625,855855,10.92304735,863329,9308.610563,4.028752210
870870,885884,(13#)29,870871,6190.793,870870,24902.110,885883,2.659600,870870,10.69818857,878345,9446.558594,4.028712158
885885,900899,(13#)59/2,885889,6281.776,885885,24793.020,900869,2.659574,885885,10.49699368,893360,9584.324369,4.028728670
900900,915914,(13#)30,900902,6372.536,903210,25374.612,915911,2.659550,903210,10.56697357,908376,9721.504662,4.028630039
915915,930929,(13#)61/2,915917,6463.078,915915,25493.730,930911,2.659525,915915,10.49066203,923391,9858.600107,4.028623331
930930,945944,(13#)31,930931,6553.430,930930,26295.870,945943,2.659502,930930,10.67143888,938407,9995.230930,4.028549164
945945,960959,(13#)63/2,945949,6643.611,945945,25769.039,960941,2.659478,945945,10.31563219,953422,10131.703031,4.028529725
960960,975974,(13#)32,960961,6733.566,960960,26118.050,975967,2.659455,960960,10.31554150,968438,10267.939639,4.028530085
975975,990989,(13#)65/2,975977,6823.357,975975,26466.281,990989,2.659433,975975,10.31545274,983453,10403.733690,4.028467524
990990,1006004,(13#)33,991009,6913.060,990990,26813.855,1006003,2.659411,990990,10.31536589,998469,10539.281307,4.028417807
1006005,1021019,(13#)67/2,1006007,7002.380,1009470,27698.470,1021019,2.659389,1009470,10.48862638,1013484,10674.587669,4.028380384
1021020,1036034,(17#)2,1021036,7091.735,1021020,29340.649,1036027,2.659368,1021020,11.00287541,1028500,10809.774812,4.028398061
1036035,1051049,(13#)69/2,1036039,7180.705,1036035,29178.615,1048576,2.659347,1036035,10.80630875,1043515,10944.469597,4.028329961
1051050,1066064,(13#)35,1051051,7269.586,1051050,28197.162,1066063,2.659326,1051050,10.31503181,1058530,11079.029755,4.028307885
1066065,1081079,(13#)71/2,1066067,7358.323,1066065,28954.944,1081079,2.659306,1066065,10.46444377,1073546,11213.270018,4.028261949
1081080,1096094,(13#)36,1081082,7446.902,1081080,28884.854,1096079,2.659286,1081080,10.31487264,1088561,11347.362757,4.028252612
1096095,1111109,(13#)73/2,1096097,7535.291,1096095,29639.381,1111091,2.659266,1096095,10.46007390,1103576,11481.177881,4.028231385
1111110,1126124,(13#)37,1111114,7623.560,1119195,30804.190,1126093,2.659247,1119195,10.67872565,1118592,11614.557120,4.028142870
1126125,1141139,(13#)75/2,1126154,7711.791,1138830,30622.878,1141139,2.659227,1138830,10.45890051,1133607,11748.010718,4.028162763
1141140,1156154,(13#)38,1141148,7799.612,1141140,32032.328,1156151,2.659209,1141140,10.92130907,1148622,11881.124574,4.028145368
1156155,1171169,(13#)77/2,1156157,7887.328,1156155,30593.201,1171133,2.659190,1156155,10.31449679,1163638,12013.948465,4.028107716
1171170,1186184,(13#)39,1171174,7974.982,1171170,30933.120,1186181,2.659172,1171170,10.31442529,1178653,12146.501430,4.028055812
1186185,1201199,(13#)79/2,1186204,8062.563,1186185,31678.547,1201183,2.659154,1186185,10.44830720,1193668,12278.947679,4.028042737
1201200,1216214,(13#)40,1201201,8149.766,1201200,31611.191,1216213,2.659136,1201200,10.31428458,1208684,12411.142980,4.028019201
1216215,1231229,(13#)81/2,1216216,8237.012,1217370,32342.915,1231229,2.659119,1217370,10.43276504,1223699,12543.141989,4.028002081
1231230,1246244,(13#)41,1231231,8324.008,1231230,33114.913,1246243,2.659101,1231230,10.57861374,1238714,12674.814200,4.027948855
1246245,1261259,(13#)83/2,1246247,8410.925,1246245,33026.891,1261259,2.659084,1246245,10.44141593,1253730,12806.452305,4.027951637
1261260,1276274,(13#)42,1261261,8497.694,1272810,33436.397,1276271,2.659067,1272810,10.38137721,1268745,12937.614270,4.027870312
1276275,1291289,(17#)5/2,1276279,8584.350,1276275,35516.539,1291271,2.659051,1276275,11.00154720,1283760,13068.956406,4.027908625
1291290,1306304,(13#)43,1291294,8670.869,1291290,34452.620,1306289,2.659035,1291290,10.56544487,1298775,13199.733199,4.027834622
1306305,1321319,(13#)87/2,1306306,8757.226,1306305,35225.369,1321319,2.659018,1306305,10.69581686,1313791,13330.716062,4.027883809
1321320,1336334,(13#)44,1321322,8843.476,1322685,34897.703,1336333,2.659003,1322685,10.48362898,1328806,13461.056853,4.027798078
1336335,1351349,(13#)89/2,1336337,8929.579,1336335,35033.985,1351327,2.658987,1336335,10.43224742,1343821,13591.440193,4.027783728
1351350,1366364,(13#)45,1351373,9015.690,1354815,35899.291,1366349,2.658971,1354815,10.56464386,1358836,13721.619309,4.027765219
1366365,1381379,(13#)91/2,1366367,9101.435,1366365,35302.467,1381349,2.658956,1366365,10.31357855,1373851,13851.529672,4.027723314
1381380,1396394,(13#)46,1381381,9187.173,1381380,37331.979,1396393,2.658941,1381380,10.80463901,1388867,13981.444542,4.027736534
1396395,1411409,(13#)93/2,1396396,9272.821,1396395,37207.400,1411387,2.658926,1396395,10.66909708,1403882,14111.012061,4.027702221
1411410,1426424,(13#)47,1411411,9358.296,1411410,37105.464,1426393,2.658911,1411410,10.54258966,1418897,14240.335759,4.027650591
1426425,1441439,(13#)95/2,1426427,9443.685,1426425,38784.689,1441439,2.658897,1426425,10.92001320,1433912,14369.759505,4.027677589
1441440,1456454,(13#)48,1441448,9529.039,1452990,37427.504,1456451,2.658882,1452990,10.37217927,1448928,14498.719566,4.027623899
1456455,1471469,(13#)97/2,1456456,9614.151,1456455,37683.538,1471447,2.658868,1456455,10.42179375,1463943,14627.704424,4.027625683
1471470,1486484,(13#)49,1471478,9699.189,1471470,37620.872,1486451,2.658854,1471470,10.31317853,1478958,14756.355729,4.027583054
1486485,1501499,(13#)99/2,1486493,9784.102,1492260,39420.748,1501499,2.658840,1492260,10.67709497,1493973,14884.951591,4.027571910
1501500,1516514,(13#)50,1501501,9868.876,1514205,39205.283,1516513,2.658826,1514205,10.48635334,1508988,15013.196706,4.027511758
1516515,1531529,(13#)101/2,1516531,9953.665,1516515,38997.758,1531499,2.658813,1516515,10.41718872,1524004,15141.515616,4.027516175
1531530,1546544,(17#)3,1531534,10038.207,1531530,41531.665,1546537,2.658799,1531530,11.00049541,1539019,15269.751701,4.027541361
1546545,1561559,(13#)103/2,1546547,10122.671,1546545,39652.373,1561559,2.658786,1546545,10.41502046,1554034,15397.427723,4.027461824
1561560,1576574,(13#)52,1561564,10207.091,1561560,39590.952,1576571,2.658773,1561560,10.31286079,1569049,15525.239381,4.027460253
1576575,1591589,(13#)105/2,1576579,10291.343,1576575,39917.823,1591589,2.658760,1576575,10.31280992,1584064,15652.750379,4.027421849
1591590,1606604,(13#)53,1591594,10375.530,1591590,41033.448,1606603,2.658747,1591590,10.51497078,1599079,15780.468789,4.027476497
1606605,1621619,(13#)107/2,1606622,10459.675,1606605,40956.800,1621619,2.658734,1606605,10.41092631,1614095,15907.405493,4.027371370
1621620,1636634,(13#)54,1621621,10543.543,1621620,40896.144,1636627,2.658722,1621620,10.31266060,1629110,16034.659730,4.027386090
1636635,1651649,(13#)109/2,1636637,10627.419,1636635,41606.682,1651621,2.658710,1636635,10.40899143,1644125,16161.669981,4.027377116
1651650,1666664,(13#)55,1651654,10711.215,1651650,41546.392,1666657,2.658697,1651650,10.31256387,1659140,16288.469872,4.027353062
1666665,1681679,(13#)111/2,1666694,10795.027,1666665,43067.230,1681679,2.658685,1666665,10.60715947,1674155,16415.107402,4.027325732
1681680,1696694,(13#)56,1681682,10878.453,1688610,42413.465,1696693,2.658673,1688610,10.32921553,1689170,16541.629142,4.027306139
1696695,1711709,(13#)113/2,1696697,10961.921,1708245,43366.121,1711687,2.658661,1708245,10.45667512,1704185,16667.946040,4.027272247
1711710,1726724,(13#)57,1711714,11045.330,1711710,45362.495,1726693,2.658649,1711710,10.91898631,1719201,16794.362450,4.027296835
1726725,1741739,(13#)115/2,1726726,11128.605,1726725,45220.898,1741723,2.658637,1726725,10.80339350,1734216,16920.357861,4.027254381
1741740,1756754,(13#)58,1741741,11211.791,1741740,45098.808,1756747,2.658626,1741740,10.69422112,1749231,17046.336119,4.027241586
1756755,1771769,(13#)117/2,1756774,11295.010,1763580,44680.893,1771751,2.658614,1763580,10.48206782,1764246,17172.088363,4.027208440
1771770,1786784,(13#)59,1771778,11377.965,1771770,44906.745,1786781,2.658603,1771770,10.49311119,1779261,17297.849386,4.027209681
1786785,1801799,(17#)7/2,1786787,11460.844,1786785,47417.724,1801781,2.658592,1786785,10.99962821,1794276,17423.524265,4.027222141
1801800,1816814,(13#)60,1801804,11543.717,1806420,45966.416,1816813,2.658581,1806420,10.56307655,1809291,17548.531884,4.027112308
1816815,1831829,(13#)121/2,1816831,11626.505,1826055,45814.345,1831811,2.658570,1826055,10.43056730,1824307,17674.125652,4.027167931
1831830,1846844,(13#)61,1831831,11709.083,1831830,46186.809,1846843,2.658559,1831830,10.48680193,1839322,17799.235791,4.027142884
1846845,1861859,(13#)123/2,1846847,11791.662,1846845,46910.042,1861859,2.658548,1846845,10.57638925,1854337,17924.337043,4.027145418
1861860,1876874,(13#)62,1861861,11874.145,1865325,47759.187,1876859,2.658537,1865325,10.67587830,1869352,18049.057554,4.027091812
1876875,1891889,(13#)125/2,1876876,11956.573,1876875,46376.867,1891889,2.658526,1876875,10.31189578,1884367,18173.871508,4.027088048
1891890,1906904,(13#)63,1891898,12038.918,1891890,46696.190,1906889,2.658516,1891890,10.31185474,1899382,18298.570929,4.027086884
1906905,1921919,(13#)127/2,1906909,12121.119,1906905,47391.260,1921919,2.658505,1906905,10.39430840,1914397,18422.878271,4.027027538
1921920,1936934,(13#)64,1921921,12203.255,1921920,47333.817,1936889,2.658495,1921920,10.31177327,1929412,18547.443076,4.027051864
1936935,1951949,(13#)129/2,1936943,12285.364,1936935,48814.375,1951949,2.658485,1936935,10.56323884,1944428,18671.708983,4.027037804
1951950,1966964,(13#)65,1951951,12367.316,1951950,47970.175,1966963,2.658475,1951950,10.31169356,1959443,18795.702556,4.026991795
1966965,1981979,(13#)131/2,1966967,12449.231,1966965,48662.185,1981963,2.658465,1966965,10.39158946,1974458,18919.905959,4.027016738
1981980,1996994,(13#)66,1981997,12531.143,1981980,48605.286,1996979,2.658455,1981980,10.31161495,1989473,19043.579350,4.026954614
1996995,2012009,(13#)133/2,1997003,12612.845,1996995,51800.143,2012009,2.658445,1996995,10.91813952,2004488,19167.487646,4.026967635
2012010,2027024,(13#)67,2012011,12694.480,2018940,50215.289,2027023,2.658435,2018940,10.48482309,2019503,19291.116771,4.026946686
2027025,2042039,(13#)135/2,2027033,12776.114,2040885,50049.744,2042039,2.658425,2040885,10.35329657,2034518,19414.655795,4.026931512
2042040,2057054,(17#)4,2042059,12857.692,2042040,53196.650,2057053,2.658415,2042040,10.99889284,2049533,19538.225835,4.026946637
2057055,2072069,(13#)137/2,2057087,12939.205,2057055,50559.494,2072053,2.658406,2057055,10.38780553,2064548,19661.262167,4.026875805
2072070,2087084,(13#)69,2072078,13020.454,2072070,52908.286,2087081,2.658396,2072070,10.80240611,2079563,19784.675930,4.026905818
2087085,2102099,(13#)139/2,2087086,13101.709,2087085,51189.594,2097152,2.658389,2087085,10.38661618,2094579,19907.663646,4.026871972
2102100,2117114,(13#)70,2102102,13182.932,2102100,51133.706,2117099,2.658378,2102100,10.31131420,2109594,20030.731825,4.026877153
2117115,2132129,(13#)141/2,2117119,13264.075,2117115,52591.723,2132129,2.658368,2117115,10.54041751,2124609,20153.564713,4.026857327
2132130,2147144,(13#)71,2132134,13345.159,2132130,52513.096,2147137,2.658359,2132130,10.46068053,2139624,20276.181606,4.026816734
2147145,2162159,(13#)143/2,2147146,13426.142,2147145,52077.064,2162137,2.658350,2147145,10.31120661,2154639,20398.951111,4.026828238
2162160,2177174,(13#)72,2162164,13507.098,2162160,52390.988,2177167,2.658341,2162160,10.31117114,2169654,20521.406563,4.026799126
2177175,2192189,(13#)145/2,2177206,13588.088,2177175,54656.611,2192161,2.658332,2177175,10.69303001,2184669,20643.827392,4.026784531
2192190,2207204,(13#)73,2192194,13668.728,2204475,54151.573,2207203,2.658323,2204475,10.48090249,2199684,20766.280790,4.026796933
2207205,2222219,(13#)147/2,2207206,13749.428,2207205,53331.021,2222219,2.658314,2207205,10.31106693,2214699,20888.230960,4.026732550
2222220,2237234,(13#)74,2222228,13830.124,2222220,55176.537,2237219,2.658306,2222220,10.60563349,2229714,21010.686213,4.026785690
2237235,2252249,(13#)149/2,2237252,13910.750,2238390,55885.622,2252233,2.658297,2238390,10.67491363,2244729,21132.453897,4.026726883
2252250,2267264,(13#)75,2252251,13991.149,2258025,55712.437,2267263,2.658288,2258025,10.56190649,2259745,21254.416116,4.026725176
2267265,2282279,(13#)151/2,2267266,14071.603,2277660,55563.253,2282257,2.658280,2277660,10.45517626,2274760,21376.206015,4.026710212
2282280,2297294,(13#)76,2282281,14151.965,2282280,58121.416,2297291,2.658271,2282280,10.91742164,2289775,21497.980096,4.026711372
2297295,2312309,(17#)9/2,2297297,14232.278,2297295,58884.183,2312293,2.658263,2297295,10.99825627,2304790,21619.522334,4.026688023
2312310,2327324,(13#)77,2312311,14312.514,2312310,55515.186,2327323,2.658254,2312310,10.31083268,2319805,21740.919114,4.026656526
2327325,2342339,(13#)155/2,2327326,14392.702,2327325,57751.186,2342309,2.658246,2327325,10.66634505,2334820,21862.583174,4.026692730
2342340,2357354,(13#)78,2342348,14472.862,2342340,56136.902,2357353,2.658238,2342340,10.31076786,2349835,21983.690207,4.026644436
2357355,2372369,(13#)157/2,2357357,14552.852,2357355,56811.536,2372369,2.658230,2357355,10.37725674,2364850,22104.919418,4.026636746
2372370,2387384,(13#)79,2372371,14632.828,2372370,57494.728,2387383,2.658221,2372370,10.44460949,2379865,22225.894052,4.026600575
2387385,2402399,(13#)159/2,2387386,14712.759,2387385,58186.550,2402383,2.658213,2387385,10.51284276,2394880,22347.133761,4.026629789
2402400,2417414,(13#)80,2402401,14792.601,2415105,57803.429,2417399,2.658205,2415105,10.33999007,2409895,22467.894843,4.026589929
2417415,2432429,(13#)161/2,2417419,14872.409,2417415,60433.804,2432429,2.658197,2417415,10.80159164,2424910,22588.741689,4.026582688
2432430,2447444,(13#)81,2432447,14952.208,2434740,58710.817,2447437,2.658189,2434740,10.42908697,2439925,22709.634735,4.026600250
2447445,2462459,(13#)163/2,2447446,15031.803,2447445,58667.227,2462443,2.658182,2447445,10.37458950,2454941,22830.121226,4.026562331
2462460,2477474,(13#)82,2462462,15111.415,2462460,60116.804,2477471,2.658174,2462460,10.57489055,2469956,22950.695727,4.026556521
2477475,2492489,(13#)165/2,2477494,15191.051,2477475,58922.400,2492461,2.658166,2477475,10.31048807,2484971,23071.102566,4.026537526
2492490,2507504,(13#)83,2492494,15270.456,2492490,59961.974,2507489,2.658158,2492490,10.43774779,2499986,23191.489612,4.026531110
2507505,2522519,(13#)167/2,2507522,15349.950,2507505,59899.621,2522503,2.658151,2507505,10.37291583,2515001,23311.690281,4.026508210
2522520,2537534,(13#)84,2522522,15429.236,2523675,60876.514,2537527,2.658143,2523675,10.48368037,2530016,23432.007048,4.026520892
2537535,2552549,(13#)169/2,2537537,15508.530,2545620,60714.045,2552531,2.658136,2545620,10.37774147,2545031,23551.800510,4.026459291
2552550,2567564,(17#)5,2552558,15587.821,2552550,64492.416,2567557,2.658128,2552550,10.99769622,2560046,23672.068754,4.026494146
2567565,2582579,(13#)171/2,2567569,15666.977,2567565,64343.407,2582551,2.658121,2567565,10.91680009,2575061,23791.895708,4.026468766
2582580,2597594,(13#)86,2582581,15746.092,2582580,62565.380,2597591,2.658113,2582580,10.56175258,2590076,23911.868250,4.026482832
2597595,2612609,(13#)173/2,2597603,15825.202,2611455,63841.755,2612549,2.658106,2611455,10.67411780,2605091,24031.314809,4.026423220
2612610,2627624,(13#)87,2612612,15904.210,2612610,63973.699,2627617,2.658099,2612610,10.69208555,2620106,24151.351571,4.026476916
2627625,2642639,(13#)175/2,2627627,15983.145,2627625,61995.167,2642639,2.658091,2627625,10.31019711,2635121,24270.704605,4.026430773
2642640,2657654,(13#)88,2642644,16062.083,2645370,63383.914,2657651,2.658084,2645370,10.47997845,2650136,24389.916588,4.026376018
2657655,2672669,(13#)177/2,2657657,16140.895,2657655,63705.413,2672639,2.658077,2657655,10.49102074,2665151,24509.768366,4.026440689
2672670,2687684,(13#)89,2672671,16219.681,2672670,63635.816,2687677,2.658070,2672670,10.42862055,2680166,24628.734271,4.026373567
2687685,2702699,(13#)179/2,2687723,16298.611,2687685,63575.222,2702681,2.658063,2687685,10.36833505,2695182,24748.143906,4.026392899
2702700,2717714,(13#)90,2702701,16377.098,2709630,65213.547,2717713,2.658056,2709630,10.56097842,2710197,24867.165297,4.026362551
2717715,2732729,(13#)181/2,2717731,16455.802,2717715,64184.801,2732701,2.658049,2717715,10.36762930,2725212,24986.160001,4.026341509
2732730,2747744,(13#)91,2732734,16534.324,2732730,64133.007,2747713,2.658042,2732730,10.31000447,2740227,25105.523299,4.026392753
2747745,2762759,(13#)183/2,2747746,16612.827,2747745,65529.701,2762759,2.658035,2747745,10.48472303,2755242,25224.094176,4.026329952
2762760,2777774,(13#)92,2762761,16691.279,2762760,67824.858,2777771,2.658028,2762760,10.80090092,2770257,25342.906852,4.026319084
2777775,2792789,(13#)185/2,2777813,16769.884,2777775,66904.487,2792773,2.658022,2777775,10.60449365,2785272,25461.821415,4.026337028
2792790,2807804,(13#)93,2792792,16848.103,2792790,67603.437,2807789,2.658015,2792790,10.66541189,2800287,25580.266909,4.026293510
2807805,2822819,(17#)11/2,2807806,16926.368,2807805,70030.613,2822819,2.658008,2807805,10.99719679,2815302,25699.055802,4.026316579
2822820,2837834,(13#)94,2822822,17004.627,2822820,67422.970,2837803,2.658001,2822820,10.53895356,2830317,25817.482026,4.026295080
2837835,2852849,(13#)189/2,2837839,17082.827,2847075,67376.838,2852849,2.657995,2847075,10.45405660,2845332,25935.764692,4.026263685
2852850,2867864,(13#)95,2852854,17160.990,2852850,70479.226,2867861,2.657988,2852850,10.91625293,2860347,26054.137327,4.026258504
2867865,2882879,(13#)191/2,2867867,17239.067,2867865,67220.414,2882863,2.657982,2867865,10.36431793,2875362,26172.641424,4.026285361
2882880,2897894,(13#)96,2882897,17317.194,2882880,67169.379,2897893,2.657975,2882880,10.30974340,2890377,26290.906400,4.026286978
2897895,2912909,(13#)193/2,2897897,17395.114,2905980,68021.226,2912893,2.657969,2905980,10.36861723,2905392,26408.588862,4.026211505
2912910,2927924,(13#)97,2912929,17473.150,2912910,68487.674,2927917,2.657962,2912910,10.41821626,2920407,26526.878868,4.026240463
2927925,2942939,(13#)195/2,2927941,17551.033,2927925,68076.387,2942909,2.657956,2927925,10.30966823,2935422,26644.716297,4.026212099
2942940,2957954,(13#)98,2942959,17628.896,2942940,68378.367,2957947,2.657949,2942940,10.30964334,2950437,26762.549151,4.026194602
2957955,2972969,(13#)197/2,2957963,17706.638,2957955,69032.315,2972969,2.657943,2957955,10.36248852,2965452,26880.599557,4.026220913
2972970,2987984,(13#)99,2972971,17784.352,2984520,71656.392,2987983,2.657937,2984520,10.67344279,2980468,26998.127895,4.026180146
2987985,3002999,(13#)199/2,2987989,17862.069,2987985,69634.763,3002981,2.657931,2987985,10.36190275,2995483,27116.063557,4.026211094
3003000,3018014,(13#)100,3003002,17939.723,3003000,69584.293,3018013,2.657924,3003000,10.30954559,3010498,27233.347671,4.026156252
3018015,3033029,(13#)201/2,3018019,18017.326,3028410,71271.633,3033011,2.657918,3028410,10.48277399,3025513,27350.924528,4.026155735
3033030,3048044,(13#)101,3033053,18094.981,3043425,71203.394,3048043,2.657912,3043425,10.42798092,3040528,27468.377257,4.026147580
3048045,3063059,(13#)203/2,3048047,18172.381,3048045,73097.370,3063059,2.657906,3048045,10.69130618,3055543,27585.735995,4.026136244
3063060,3078074,(17#)6,3063068,18249.898,3063060,75506.378,3078073,2.657900,3063060,10.99674671,3070558,27703.284665,4.026162898
3078075,3093089,(13#)205/2,3078098,18327.378,3078075,72910.238,3093071,2.657894,3078075,10.57377076,3085573,27820.502141,4.026151584
3093090,3108104,(13#)103,3093094,18404.648,3093090,72094.407,3108103,2.657888,3093090,10.41147647,3100588,27937.210179,4.026077244
3108105,3123119,(13#)207/2,3108109,18481.957,3108105,75101.180,3123091,2.657882,3108105,10.80030273,3115603,28054.573121,4.026107623
3123120,3138134,(13#)104,3123137,18559.300,3123120,71987.246,3138131,2.657876,3123120,10.30935662,3130618,28171.696791,4.026113396
3138135,3153149,(13#)209/2,3138137,18636.452,3138135,76538.942,3153149,2.657870,3138135,10.91576497,3145633,28288.606186,4.026098468
3153150,3168164,(13#)105,3153158,18713.678,3161235,74517.857,3168119,2.657864,3161235,10.56021253,3160648,28405.492336,4.026090141
3168165,3183179,(13#)211/2,3168167,18790.773,3182025,73639.570,3183179,2.657858,3182025,10.37664789,3175663,28522.223310,4.026069669
3183180,3198194,(13#)106,3183188,18867.920,3183180,74619.397,3198191,2.657852,3183180,10.51140769,3190678,28638.937093,4.026056556
3198195,3213209,(13#)213/2,3198197,18944.914,3198195,74548.213,3213163,2.657847,3198195,10.45865200,3205693,28755.704070,4.026060464
3213210,3228224,(13#)107,3213233,19022.024,3213210,74484.626,3228223,2.657841,3213210,10.40740341,3220708,28872.303540,4.026050350
3228225,3243239,(13#)215/2,3228227,19098.875,3228225,75887.264,3243239,2.657835,3228225,10.56064191,3235723,28988.694673,4.026020734
3243240,3258254,(13#)108,3243242,19175.802,3243240,74378.781,3258247,2.657830,3243240,10.30917579,3250738,29105.445640,4.026050308
3258255,3273269,(13#)217/2,3258256,19252.750,3258255,77251.989,3273269,2.657824,3258255,10.66464178,3265753,29221.636695,4.026011617
3273270,3288284,(13#)109,3273274,19329.509,3273270,75675.642,3288269,2.657818,3273270,10.40547889,3280768,29338.064451,4.026014794
3288285,3303299,(13#)219/2,3288286,19406.277,3288285,76332.924,3303281,2.657813,3288285,10.45430876,3295783,29454.221516,4.025989913
3303300,3318314,(13#)110,3303308,19483.065,3303300,75570.425,3318307,2.657807,3303300,10.30908822,3310798,29570.595181,4.026003581
3318315,3333329,(17#)13/2,3318319,19559.718,3318315,80925.753,3333313,2.657802,3318315,10.99633771,3325814,29686.832600,4.026007391
3333330,3348344,(13#)111,3333331,19636.356,3333330,78341.392,3348307,2.657796,3333330,10.60358935,3340829,29802.679615,4.025967181
3348345,3363359,(13#)223/2,3348349,19712.984,3357585,79350.290,3363343,2.657790,3357585,10.67285814,3355844,29918.831810,4.025977008
3363360,3378374,(13#)112,3363364,19789.576,3377220,77158.661,3378373,2.657785,3377220,10.32574548,3370859,30034.555237,4.025937862
3378375,3393389,(13#)225/2,3378377,19866.070,3378375,77056.208,3393373,2.657780,3378375,10.30898128,3385874,30150.928564,4.025994207
3393390,3408404,(13#)113,3393394,19942.577,3393390,78049.775,3408389,2.657774,3393390,10.40183382,3400889,30266.413579,4.025940322
3408405,3423419,(13#)227/2,3408407,20018.999,3416490,78897.688,3423419,2.657769,3416490,10.45316826,3415904,30381.858545,4.025890030
3423420,3438434,(13#)114,3423428,20095.455,3423420,82530.802,3438419,2.657763,3423420,10.91532538,3430919,30498.229157,4.025970472
3438435,3453449,(13#)229/2,3438439,20171.772,3438435,78586.600,3453409,2.657758,3438435,10.35431131,3445934,30613.347400,4.025893746
3453450,3468464,(13#)115,3453451,20248.076,3453450,82277.878,3468463,2.657753,3453450,10.79977602,3460949,30729.361092,4.025943035
3468465,3483479,(13#)231/2,3468481,20324.432,3468465,78833.822,3483463,2.657748,3468465,10.30885657,3475964,30844.594004,4.025898037
3483480,3498494,(13#)116,3483481,20400.594,3483480,82060.281,3498493,2.657742,3483480,10.69064479,3490979,30960.082992,4.025894694
3498495,3513509,(13#)233/2,3498503,20476.827,3498495,79768.922,3513491,2.657737,3498495,10.35344261,3505994,31075.775486,4.025925546
3513510,3528524,(13#)117,3513511,20552.950,3527160,81306.388,3528521,2.657732,3527160,10.47856878,3521009,31190.499208,4.025839023
3528525,3543539,(13#)235/2,3528526,20629.079,3528525,81793.863,3543523,2.657727,3528525,10.53785931,3536024,31306.223074,4.025889542
3543540,3558554,(13#)118,3543556,20705.245,3543540,81719.811,3558553,2.657722,3543540,10.48961064,3551039,31421.232588,4.025855789
3558555,3573569,(13#)237/2,3558556,20781.207,3558555,81652.591,3573529,2.657716,3558555,10.44261502,3566054,31536.323650,4.025840370
3573570,3588584,(17#)7,3573574,20857.210,3573570,86293.942,3588527,2.657711,3573570,10.99596328,3581069,31651.673765,4.025865523
3588585,3603599,(13#)239/2,3588586,20933.155,3588585,81537.775,3603583,2.657706,3588585,10.35219242,3596084,31766.831130,4.025873464
3603600,3618614,(13#)120,3603608,21009.146,3612840,83658.582,3618583,2.657701,3612840,10.55956272,3611099,31881.366703,4.025810327
3618615,3633629,(13#)241/2,3618631,21085.022,3632475,82524.436,3633583,2.657696,3632475,10.36754503,3626114,31996.413328,4.025819377
3633630,3648644,(13#)121,3633647,21160.870,3633630,82078.194,3648643,2.657691,3633630,10.30863711,3641129,32111.447531,4.025834032
3648645,3663659,(13#)243/2,3648647,21236.599,3652110,83387.645,3663659,2.657686,3652110,10.42710307,3656144,32226.156070,4.025815119
3663660,3678674,(13#)122,3663661,21312.361,3663660,84067.228,3678671,2.657681,3663660,10.48332036,3671159,32340.806766,4.025796356
3678675,3693689,(13#)245/2,3678683,21388.125,3691380,83167.183,3693689,2.657676,3678675,10.30857915,3686174,32455.670211,4.025811211
3693690,3708704,(13#)123,3693691,21463.780,3693690,85388.136,3708697,2.657671,3693690,10.57288217,3701189,32570.012299,4.025768602
3708705,3723719,(13#)247/2,3708706,21539.445,3708705,88461.373,3723719,2.657667,3708705,10.91492586,3716204,32684.876821,4.025797636
3723720,3738734,(13#)124,3723721,21615.049,3730650,86939.331,3738733,2.657662,3730650,10.67234333,3731219,32799.246898,4.025772687
3738735,3753749,(13#)249/2,3738743,21690.662,3738735,85171.983,3753721,2.657657,3738735,10.43576869,3746234,32913.637784,4.025757386
3753750,3768764,(13#)125,3753751,21766.168,3753750,84426.331,3768731,2.657652,3753750,10.30848454,3761250,33028.340609,4.025786989
3768765,3783779,(13#)251/2,3768769,21841.688,3768765,85059.410,3783739,2.657647,3768765,10.34986532,3776265,33142.489622,4.025755868
3783780,3798794,(13#)126,3783797,21917.220,3783780,85011.916,3798793,2.657642,3783780,10.30844719,3791280,33256.608865,4.025728151
3798795,3813809,(13#)253/2,3798796,21992.593,3798795,89366.590,3813773,2.657638,3798795,10.79930623,3806295,33370.905889,4.025728755
3813810,3828824,(13#)127,3813811,22067.964,3813810,86281.709,3828821,2.657633,3813810,10.39087761,3821310,33485.194865,4.025734960
3828825,3843839,(17#)15/2,3828844,22143.436,3828825,91615.156,3843823,2.657628,3828825,10.99561811,3836325,33599.444641,4.025742933
3843840,3858854,(13#)128,3843841,22218.644,3843840,86181.387,3858851,2.657624,3843840,10.30837365,3851340,33713.274127,4.025707191
3858855,3873869,(13#)257/2,3858859,22293.945,3858855,86812.494,3873847,2.657619,3858855,10.34878038,3866355,33827.251055,4.025695746
3873870,3888884,(13#)129,3873871,22369.180,3873870,88881.510,3888851,2.657614,3873870,10.55976030,3881370,33941.375900,4.025708297
3888885,3903899,(13#)259/2,3888887,22444.399,3888885,89544.345,3903899,2.657610,3888885,10.60284283,3896385,34055.478260,4.025724385
3903900,3918914,(13#)130,3903901,22519.573,3903900,87348.626,3918913,2.657605,3903900,10.30830140,3911400,34168.809342,4.025655858
3918915,3933929,(13#)261/2,3918919,22594.731,3918915,90885.998,3933929,2.657600,3918915,10.69007182,3926415,34282.890289,4.025682138
3933930,3948944,(13#)131,3933934,22669.851,3933930,88613.061,3948911,2.657596,3933930,10.38817487,3941430,34396.937431,4.025710378
3948945,3963959,(13#)263/2,3948953,22744.933,3948945,88560.611,3963959,2.657591,3948945,10.34774332,3956445,34510.271566,4.025661423
3963960,3978974,(13#)132,3963977,22820.017,3968055,90052.187,3978971,2.657587,3968055,10.47800816,3971460,34623.841664,4.025646412
3978975,3993989,(13#)265/2,3978979,22894.955,3978975,90545.842,3993959,2.657582,3978975,10.51033468,3986475,34737.501725,4.025647985
3993990,4009004,(13#)133,3993991,22969.910,3993990,94336.295,4009003,2.657578,3993990,10.91455989,4001490,34851.113197,4.025649919
4009005,4024019,(13#)267/2,4009007,23044.850,4009005,90413.449,4024003,2.657573,4009005,10.42666285,4016505,34964.750960,4.025660789
4024020,4039034,(13#)134,4024021,23119.746,4037880,91456.303,4039019,2.657569,4037880,10.48139085,4031520,35078.139152,4.025648848
4039035,4054049,(13#)269/2,4039037,23194.617,4039035,90303.894,4054033,2.657564,4039035,10.34675067,4046535,35191.245504,4.025610679
4054050,4069064,(13#)135,4054066,23269.531,4064445,92659.698,4069063,2.657560,4064445,10.55899975,4061550,35304.667518,4.025614613
4069065,4084079,(13#)271/2,4069073,23344.279,4081770,91161.072,4084079,2.657556,4081770,10.34991257,4076565,35417.821048,4.025593797
4084080,4099094,(17#)8,4084081,23419.010,4084080,96893.174,4099093,2.657551,4084080,10.99529819,4091580,35531.403443,4.025627407
4099095,4114109,(13#)273/2,4099112,23493.867,4103715,94435.763,4114087,2.657547,4103715,10.67188411,4106595,35644.419464,4.025602501
4114110,4129124,(13#)137,4114133,23568.550,4114110,92094.123,4129109,2.657543,4114110,10.38441425,4121610,35757.610338,4.025603116
4129125,4144139,(13#)275/2,4129129,23643.120,4129125,91706.550,4144121,2.657538,4129125,10.30804143,4136625,35870.468527,4.025572032
4144140,4159154,(13#)138,4144159,23717.827,4144140,96376.819,4159153,2.657534,4144140,10.79888292,4151640,35983.772332,4.025596561
4159155,4174169,(13#)277/2,4159156,23792.360,4159155,92620.971,4174151,2.657530,4159155,10.34549158,4166655,36096.757975,4.025590936
4174170,4189184,(13#)139,4174171,23866.904,4174170,93250.366,4189183,2.657525,4174170,10.38323218,4181670,36209.293233,4.025540833
4189185,4204199,(13#)279/2,4189187,23941.443,4189185,96065.915,4194304,2.657523,4189185,10.66342222,4196685,36322.616791,4.025583853
4204200,4219214,(13#)140,4204204,24015.977,4204200,93152.715,4219211,2.657517,4204200,10.30795826,4211700,36435.142994,4.025543895
4219215,4234229,(13#)281/2,4219217,24090.414,4219215,93776.459,4234229,2.657513,4219215,10.34488787,4226715,36547.983152,4.025544179
4234230,4249244,(13#)141,4234238,24164.892,4234230,95813.187,4249241,2.657508,4234230,10.53699058,4241730,36660.663269,4.025532219
4249245,4264259,(13#)283/2,4249249,24239.266,4260795,95324.013,4264259,2.657504,4260795,10.42637830,4256745,36773.406771,4.025532565
4264260,4279274,(13#)142,4264261,24313.624,4264260,95674.142,4279267,2.657500,4264260,10.45728274,4271760,36886.383720,4.025563575
4279275,4294289,(13#)285/2,4279276,24387.987,4279275,100160.153,4294259,2.657496,4279275,10.91422253,4286775,36998.632504,4.025520390
4294290,4309304,(13#)143,4294292,24462.302,4294290,94883.954,4309297,2.657492,4294290,10.30786081,4301790,37111.072452,4.025503455
4309305,4324319,(13#)287/2,4309309,24536.567,4309305,97612.349,4324303,2.657488,4309305,10.57214850,4316805,37223.797648,4.025522594
4324320,4339334,(13#)144,4324321,24610.799,4324320,95460.048,4339333,2.657484,4324320,10.30782876,4331820,37336.064030,4.025497246
4339335,4354349,(17#)17/2,4339337,24685.019,4339335,102131.084,4354349,2.657480,4339335,10.99500038,4346836,37448.430601,4.025487927
4354350,4369364,(13#)145,4354367,24759.277,4354350,99592.534,4369349,2.657475,4354350,10.68956735,4361851,37561.007055,4.025506162
4369365,4384379,(13#)291/2,4369381,24833.425,4369365,97337.189,4384379,2.657471,4369365,10.41628427,4376866,37672.945376,4.025461123
4384380,4399394,(13#)146,4384388,24907.530,4384380,97971.500,4399363,2.657467,4384380,10.45294533,4391881,37785.774451,4.025516182
4399395,4414409,(13#)293/2,4399397,24981.569,4408950,98679.970,4414379,2.657463,4408950,10.47751456,4406896,37897.704362,4.025480290
4414410,4429424,(13#)147,4414411,25055.625,4414410,97185.436,4429417,2.657459,4414410,10.30773436,4421911,38009.472178,4.025432445
4429425,4444439,(13#)295/2,4429427,25129.660,4429425,99182.606,4444409,2.657455,4429425,10.48855600,4436926,38121.893232,4.025458737
4444440,4459454,(13#)148,4444456,25203.774,4444440,100552.743,4459451,2.657451,4444440,10.60220910,4451941,38234.360809,4.025494494
4459455,4474469,(13#)297/2,4459472,25277.794,4459455,98046.501,4474469,2.657447,4459455,10.30768788,4466956,38345.918094,4.025439287
4474470,4489484,(13#)149,4474471,25351.563,4476780,101849.574,4489483,2.657443,4476780,10.67147029,4481971,38457.736675,4.025416612
4489485,4504499,(13#)299/2,4489493,25425.507,4489485,103316.163,4504457,2.657440,4489485,10.79849812,4496986,38570.199648,4.025465996
4504500,4519514,(13#)150,4504502,25499.368,4516050,101539.524,4519499,2.657436,4516050,10.55850393,4512001,38681.754867,4.025425296
4519515,4534529,(13#)301/2,4519517,25573.206,4519515,101612.323,4534501,2.657432,4519515,10.55903235,4527016,38793.746172,4.025434777
4534530,4549544,(13#)151,4534532,25647.048,4542615,101307.955,4549537,2.657428,4542615,10.48084061,4542031,38905.355658,4.025409337
4549545,4564559,(13#)303/2,4549547,25720.816,4555320,101273.040,4564559,2.657424,4555320,10.45181229,4557046,39017.088901,4.025401444
4564560,4579574,(13#)152,4564562,25794.588,4564560,105937.044,4579567,2.657420,4564560,10.91390996,4572061,39128.967290,4.025413080
4579575,4594589,(13#)305/2,4579592,25868.427,4579575,102038.257,4594589,2.657416,4579575,10.48227120,4587076,39240.548712,4.025398714
4594590,4609604,(17#)9,4594594,25942.031,4594590,107331.751,4609597,2.657412,4594590,10.99472197,4602091,39352.357544,4.025412186
4609605,4624619,(13#)307/2,4609606,26015.689,4609605,101240.106,4624603,2.657409,4609605,10.34133221,4617106,39463.888198,4.025401670
4624620,4639634,(13#)154,4624622,26089.338,4624620,101194.926,4639633,2.657405,4624620,10.30752216,4632121,39575.390505,4.025392790
4639635,4654649,(13#)309/2,4639636,26162.959,4639635,102485.198,4654649,2.657401,4639635,10.40956196,4647136,39686.628193,4.025361582
4654650,4669664,(13#)155,4654652,26236.550,4654650,105275.058,4669627,2.657397,4654650,10.66292360,4662151,39798.388676,4.025387812
4669665,4684679,(13#)311/2,4669681,26310.154,4669665,102381.444,4684661,2.657394,4669665,10.34083573,4677166,39909.691803,4.025372098
4684680,4699694,(13#)156,4684699,26383.698,4684680,102336.406,4699691,2.657390,4684680,10.30746356,4692181,40020.811740,4.025342427
4699695,4714709,(13#)313/2,4699697,26457.115,4699695,102951.449,4714691,2.657386,4699695,10.34059197,4707196,40132.458372,4.025370045
4714710,4729724,(13#)157,4714714,26530.608,4714710,103570.395,4729693,2.657382,4714710,10.37393423,4722211,40243.405070,4.025331775
4729725,4744739,(13#)315/2,4729748,26604.156,4729725,103191.333,4744711,2.657379,4729725,10.30742023,4737226,40355.321523,4.025394650
4744740,4759754,(13#)158,4744741,26677.442,4744740,104819.964,4759753,2.657375,4744740,10.44126823,4752241,40465.679783,4.025306423
4759755,4774769,(13#)317/2,4759787,26750.981,4762065,104225.649,4774769,2.657371,4762065,10.34920434,4767256,40576.904913,4.025308970
4774770,4789784,(13#)159,4774772,26824.216,4774770,106085.425,4789783,2.657368,4774770,10.50948275,4782271,40688.668735,4.025368867
4789785,4804799,(13#)319/2,4789789,26897.536,4789785,108193.802,4804799,2.657364,4789785,10.68911730,4797286,40799.130012,4.025304060
4804800,4819814,(13#)160,4804802,26970.841,4804800,104614.090,4819813,2.657360,4804800,10.30734890,4812301,40910.554389,4.025338509
4819815,4834829,(13#)321/2,4819817,27044.107,4819815,105897.324,4834829,2.657357,4819815,10.40549989,4827316,41021.005562,4.025281380
4834830,4849844,(13#)161,4834838,27117.396,4834830,110191.119,4849843,2.657353,4834830,10.79814560,4842331,41132.032727,4.025285046
4849845,5105099,(19#)/2,4849861,27190.645,4849845,119115.017,5105063,2.657294,4849845,11.64119356,4975835,42128.364726,4.025260367
5105100,5360354,(17#)10,5105101,28431.236,5105100,117630.630,5360353,2.657237,5105100,10.99421436,5231170,44001.997109,4.025171665
5360355,5615609,(17#)21/2,5360359,29664.476,5525520,123768.523,5615609,2.657184,5360355,10.99398182,5486498,45864.710385,4.025090235
5615610,5870864,(17#)11,5615612,30890.691,5705700,128637.257,5870857,2.657133,5615610,10.99376161,5741819,47717.010999,4.025007624
5870865,6126119,(17#)23/2,5870866,32110.231,5870865,139178.222,6126091,2.657085,5870865,11.51705495,5997134,49559.615567,4.024938288
6126120,6381374,(17#)12,6126139,33323.553,6276270,139777.299,6381371,2.657039,6126120,10.99335334,6252445,51392.789423,4.024863261
6381375,6636629,(17#)25/2,6381379,34530.729,6561555,152220.703,6636611,2.656996,6561555,11.43183220,6507751,53217.175580,4.024798096
6636630,6891884,(17#)13,6636638,35732.288,6846840,150797.516,6891883,2.656954,6636630,10.99298213,6763053,55033.037333,4.024731227
6891885,7147139,(17#)27/2,6891887,36928.319,7132125,156266.405,7147139,2.656913,6891885,10.99280847,7018352,56840.827603,4.024668452
7147140,7402394,(17#)14,7147148,38119.215,7147140,157713.196,7402363,2.656875,7147140,10.99264193,7273647,58640.873966,4.024608213
7402395,7657649,(17#)29/2,7402399,39305.018,7402395,168642.392,7657613,2.656838,7402395,11.39961102,7528940,60433.539249,4.024553221
7657650,7912904,(17#)15,7657679,40486.174,7657650,167505.880,7912889,2.656802,7657650,10.99232835,7784231,62219.001811,4.024495532
7912905,8168159,(17#)31/2,7912907,41662.477,7912905,178317.080,8168117,2.656767,7912905,11.37122102,8039519,63997.712232,4.024446481
8168160,8423414,(17#)16,8168161,42834.459,8273265,184484.561,8388608,2.656738,8273265,11.31527384,8294805,65769.694993,4.024391304
8423415,8678669,(17#)33/2,8423419,44002.183,8580495,188127.484,8678669,2.656702,8580495,11.17655382,8550090,67535.397397,4.024343019
8678670,8933924,(17#)17,8678671,45165.755,8843835,195079.599,8933917,2.656671,8843835,11.28709838,8805372,69294.934205,4.024294820
8933925,9189179,(17#)35/2,8933927,46325.361,9129120,193887.154,9189157,2.656640,8933925,10.99163805,9060653,71048.543362,4.024248407
9189180,9444434,(17#)18,9189181,47481.109,9414405,199178.064,9444403,2.656611,9189180,10.99151340,9315933,72796.413405,4.024203276
9444435,9699689,(17#)37/2,9444437,48633.141,9444435,206962.377,9699667,2.656583,9444435,11.30543243,9571211,74538.721558,4.024158996
