FIRST,LAST,START,minAt,G(minAt),maxAt,G(maxAt),n_0,C_min(n_0),n_1,C_max(n_1),n_geom,<COUNT>,C_avg
4,4,4,4,2,4,2,4,3.843624,4,3.84362411,4,2.000000,3.843624111
5,5,5,5,2,5,2,5,2.590290,5,2.59029039,5,2.000000,2.590290394
6,6,6,6,2,6,2,6,3.210402,6,3.21040200,6,2.000000,3.210401996
7,7,7,7,0,7,0,7,0.000000,7,0.00000000,7,0.000000,0.000000000
8,8,8,8,2,8,2,8,2.162039,8,2.16203856,8,2.000000,2.162038563
9,9,9,9,4,9,4,9,4.827796,9,4.82779584,9,4.000000,4.827795843
10,10,10,10,2,10,2,10,2.120759,10,2.12075924,10,2.000000,2.120759244
11,11,11,11,0,11,0,11,0.000000,11,0.00000000,11,0.000000,0.000000000
12,12,12,12,4,12,4,12,4.116507,12,4.11650737,12,4.000000,4.116507372
13,13,13,13,2,13,2,13,2.192988,13,2.19298840,13,2.000000,2.192988402
14,14,14,14,2,14,2,14,1.989892,14,1.98989245,14,2.000000,1.989892454
15,29,5PRD2,19,0,21,6,19,0.000000,21,5.56147012,21,2.933333,2.633998469
30,44,5PR,43,0,30,8,43,0.000000,30,6.16967660,36,4.000000,2.876781504
45,59,5PR3D2,59,2,45,10,59,1.146642,45,6.58667241,52,5.466667,3.324712891
60,74,5PR2,64,2,60,12,64,1.081019,60,6.70546296,67,6.533333,3.469062524
75,89,5PR5D2,79,2,75,14,79,0.979081,75,7.05323920,82,7.333333,3.512848830
90,104,5PR3,97,2,90,12,97,0.871999,90,5.39954322,97,7.466667,3.245242470
105,119,7PRD2,113,4,105,20,113,1.596300,105,8.33051805,112,8.933333,3.577187866
120,134,5PR4,128,6,120,18,128,2.207081,120,6.87602316,127,10.133333,3.760341543
135,149,5PR9D2,146,4,135,18,146,1.360895,135,6.46434286,142,9.866667,3.435239530
150,164,5PR5,157,4,150,16,157,1.311058,150,5.35604609,157,10.400000,3.400775835
165,179,5PR11D2,178,6,165,24,178,1.810172,165,7.63044269,172,11.600000,3.595328737
180,194,5PR6,181,6,189,24,181,1.801625,189,7.01512641,187,13.200000,3.875746134
195,209,5PR13D2,199,4,195,26,199,1.132084,195,7.45275910,202,12.666667,3.549983744
210,224,7PR,223,4,210,30,223,1.053604,210,8.16901684,217,13.600000,3.643743815
225,239,5PR15D2,236,6,225,24,236,1.517972,225,6.28588791,232,13.200000,3.386986389
240,254,5PR8,241,6,252,28,241,1.504150,252,6.79435245,247,14.800000,3.644142910
255,269,5PR17D2,262,10,255,30,262,2.366905,255,7.25329173,262,15.333333,3.641143212
270,284,5PR9,283,8,270,30,283,1.808288,270,6.96496187,277,15.733333,3.604857351
285,299,5PR19D2,292,10,294,28,292,2.207228,294,6.15296742,292,17.333333,3.835433618
300,314,5PR10,313,8,300,32,313,1.693274,300,6.94040203,307,18.000000,3.852220952
315,329,7PR3D2,316,10,315,40,316,2.096745,315,8.43110623,322,18.533333,3.848926910
330,344,5PR11,337,8,330,38,337,1.613017,330,7.74497014,337,18.933333,3.814750776
345,359,5PR23D2,349,10,345,40,349,1.970222,345,7.94116543,352,19.466667,3.812565324
360,374,5PR12,362,10,360,32,362,1.917761,360,6.15932812,367,18.933333,3.603982271
375,389,5PR25D2,379,8,375,32,379,1.492247,375,6.01128592,382,19.466667,3.609332043
390,404,5PR13,391,10,390,36,391,1.826947,390,6.57136743,397,19.333333,3.493629656
405,419,5PR27D2,412,12,405,34,412,2.111809,405,6.06725959,412,21.333333,3.760777220
420,434,7PR2,433,8,420,46,433,1.364958,420,7.99188162,427,22.133333,3.810424367
435,449,5PR29D2,439,14,435,44,439,2.366648,435,7.48402071,442,24.400000,4.104867342
450,464,5PR15,463,12,462,46,463,1.956971,462,7.49643810,457,24.266667,3.989477522
465,479,5PR31D2,466,12,465,46,466,1.944258,465,7.47988224,472,23.733333,3.818291722
480,494,5PR16,481,12,483,42,481,1.907067,483,6.65597280,487,22.933333,3.612001363
495,509,5PR33D2,496,12,495,50,496,1.863948,495,7.79282126,502,25.066667,3.868766908
510,524,5PR17,524,16,510,46,524,2.394277,510,7.01146018,517,25.866667,3.912216892
525,539,7PR5D2,526,14,525,52,526,2.089567,525,7.78613819,532,25.733333,3.817656994
540,554,5PR18,548,14,540,48,548,2.031998,540,7.03712751,547,26.400000,3.840467645
555,569,5PR37D2,569,14,555,48,569,1.983900,555,6.91916673,562,25.333333,3.620022540
570,584,5PR19,577,16,570,56,577,2.245675,570,7.91213209,577,26.400000,3.703510300
585,599,5PR39D2,599,16,585,54,599,2.188595,585,7.50774530,592,28.000000,3.860057601
600,614,5PR20,601,14,609,52,601,1.910627,609,7.03221547,607,28.266667,3.829507820
615,629,5PR41D2,617,14,615,54,617,1.876316,615,7.25345459,622,28.666667,3.819726676
630,644,7PR3,631,16,630,60,631,2.111378,630,7.91377219,637,28.933333,3.791617010
645,659,5PR43D2,649,18,645,48,649,2.329513,645,6.23868815,652,29.333333,3.782369936
660,674,5PR22,661,14,660,62,661,1.788981,660,7.91893649,667,30.533333,3.875933936
675,689,5PR45D2,677,16,675,58,677,2.010889,675,7.30446862,682,30.800000,3.849406531
690,704,5PR23,697,18,693,58,697,2.216917,693,7.17206434,697,32.000000,3.939479803
705,719,5PR47D2,706,14,714,60,706,1.706515,714,7.25655511,712,32.666667,3.962780321
720,734,5PR24,734,18,720,56,734,2.135493,720,6.73346279,727,32.133333,3.841887122
735,749,7PR7D2,743,20,735,72,743,2.355865,735,8.54549570,742,35.600000,4.196812727
750,764,5PR25,751,20,750,62,751,2.338294,750,7.24579438,757,34.000000,3.951470508
765,779,5PR51D2,766,18,765,62,766,2.072834,765,7.15563604,772,33.733333,3.867464214
780,794,5PR26,788,16,780,62,788,1.806384,780,7.04990800,787,34.133333,3.860158173
795,809,5PR53D2,802,16,795,58,802,1.784236,795,6.51590604,802,34.666667,3.869580025
810,824,5PR27,821,18,810,60,821,1.976976,810,6.64448411,817,34.533333,3.804628348
825,839,5PR55D2,839,22,825,70,839,2.379710,825,7.66200530,832,36.666667,3.989216972
840,854,7PR4,841,20,840,76,841,2.159749,840,8.20414590,847,36.666667,3.938706151
855,869,5PR57D2,859,18,855,70,859,1.914982,855,7.47170017,862,36.933333,3.918842651
870,884,5PR29,883,22,870,74,883,2.295458,870,7.79339087,877,38.666667,4.052500582
885,899,5PR59D2,886,22,885,76,886,2.287381,885,7.91710221,892,38.133333,3.949772972
900,914,5PR30,904,20,900,66,904,2.050129,900,6.78664426,907,36.933333,3.780000887
915,929,5PR61D2,919,18,915,68,919,1.825774,915,6.91869875,922,37.200000,3.763694936
930,944,5PR31,943,20,930,66,943,1.991920,930,6.63119009,937,37.066667,3.707657468
945,959,7PR9D2,958,22,945,76,958,2.164457,945,7.55793189,952,37.866667,3.745684025
960,974,5PR32,967,18,960,72,967,1.761041,960,7.07321591,967,39.600000,3.873249109
975,989,5PR65D2,982,20,975,78,982,1.933461,975,7.58665247,982,39.066667,3.779939666
990,1004,5PR33,997,22,990,78,997,2.106150,990,7.49719194,997,39.733333,3.802745832
1005,1019,5PR67D2,1009,20,1005,72,1009,1.898450,1005,6.85377083,1012,39.866667,3.775321640
1020,1034,5PR34,1024,24,1020,78,1024,2.252124,1020,7.33980895,1027,42.533333,3.986142026
1035,1049,5PR69D2,1048,22,1035,76,1048,2.030676,1035,7.08454356,1042,41.066667,3.809637589
1050,1064,7PR5,1063,24,1050,94,1063,2.195023,1050,8.66474534,1057,43.866667,4.027402448
1065,1079,5PR71D2,1072,26,1071,76,1072,2.361462,1071,6.91378853,1072,44.400000,4.035681771
1080,1094,5PR36,1094,28,1092,86,1094,2.506504,1092,7.70861537,1087,45.866667,4.127242638
1095,1109,5PR73D2,1109,22,1095,78,1109,1.952088,1095,6.98422798,1102,44.266667,3.945217175
1110,1124,5PR37,1123,24,1110,84,1123,2.110511,1110,7.44190976,1117,46.533333,4.106924269
1125,1139,5PR75D2,1126,24,1125,78,1126,2.104611,1125,6.85042475,1132,45.866667,4.009979435
1140,1154,5PR38,1147,26,1140,82,1147,2.252003,1140,7.12745061,1147,45.200000,3.914327530
1155,1259,11PRD2,1244,26,1155,106,1244,2.122683,1155,9.13559580,1206,47.104762,3.934787166
1260,1364,7PR6,1319,22,1260,108,1319,1.723241,1260,8.73658664,1311,49.104762,3.861564000
1365,1469,7PR13D2,1402,22,1365,112,1402,1.647631,1365,8.55809036,1416,52.361905,3.893629533
1470,1574,7PR7,1489,26,1530,110,1489,1.865276,1470,7.81539530,1521,54.457143,3.844801073
1575,1679,7PR15D2,1676,32,1575,124,1676,2.104753,1575,8.53964513,1626,59.390476,3.994843238
1680,1784,7PR8,1774,32,1680,128,1774,2.019039,1680,8.40436284,1731,59.771429,3.840675899
1785,1889,7PR17D2,1849,36,1785,140,1849,2.204669,1785,8.79830470,1836,65.047619,4.002058697
1890,1994,7PR9,1966,34,1890,140,1966,1.989272,1890,8.43214029,1941,67.866667,4.008652265
1995,2099,7PR19D2,2029,30,1995,148,2029,1.715762,1995,8.57059128,2046,69.047619,3.923622191
2100,2204,7PR10,2104,36,2145,148,2104,2.003507,2145,8.12379559,2151,70.704762,3.871466541
2205,2309,7PR21D2,2287,38,2205,150,2287,1.989104,2205,8.06714663,2256,72.533333,3.834198965
2310,2414,11PR,2347,42,2310,176,2347,2.156625,2310,9.14058186,2361,77.142857,3.941891684
2415,2519,7PR23D2,2447,44,2415,172,2447,2.190317,2415,8.64639902,2466,79.828571,3.949622247
2520,2624,7PR12,2623,50,2565,166,2623,2.363446,2520,7.98399457,2571,82.704762,3.967331880
2625,2729,7PR25D2,2633,46,2625,182,2633,2.168203,2625,8.59805030,2676,84.742857,3.944871856
2730,2834,7PR13,2809,46,2730,208,2809,2.065835,2730,9.53914578,2782,88.800000,4.016695881
2835,2939,7PR27D2,2909,52,2835,192,2909,2.274897,2835,8.56334577,2887,91.161905,4.011163743
2940,3044,7PR14,2974,48,2940,200,2974,2.064698,2940,8.67739172,2992,92.476190,3.961016497
3045,3149,7PR29D2,3076,44,3135,214,3076,1.845344,3135,8.85070812,3097,94.857143,3.958834679
3150,3254,7PR15,3221,52,3150,196,3221,2.107297,3150,8.07464822,3202,95.866667,3.902500735
3255,3359,7PR31D2,3334,56,3255,226,3334,2.210551,3255,9.08651900,3307,98.323810,3.906135426
3360,3464,7PR16,3386,60,3360,218,3386,2.340982,3360,8.55513325,3412,101.409524,3.934966538
3465,3569,11PR3D2,3559,54,3465,240,3559,2.029695,3465,9.20509845,3517,103.504762,3.925535040
3570,3674,7PR17,3571,60,3570,226,3571,2.249487,3570,8.47248673,3622,105.409524,3.909336161
3675,3779,7PR35D2,3769,54,3675,236,3769,1.943543,3675,8.65796828,3727,108.895238,3.952743740
3780,3884,7PR18,3799,58,3795,228,3799,2.075010,3795,8.16344904,3832,111.333333,3.956935876
3885,3989,7PR37D2,3964,64,3885,246,3964,2.216472,3885,8.65284260,3937,115.771429,4.031398137
3990,4094,7PR19,4051,60,3990,250,4051,2.044491,3990,8.61525608,4042,115.904762,3.955871380
4095,4199,7PR39D2,4153,70,4095,274,4153,2.340594,4095,9.26020575,4147,118.438095,3.964584714
4200,4304,7PR20,4282,68,4290,250,4282,2.220909,4200,8.21978002,4252,122.590476,4.026057242
4305,4409,7PR41D2,4393,72,4305,260,4393,2.306710,4305,8.45913368,4357,122.895238,3.961866554
4410,4514,7PR21,4486,68,4410,270,4486,2.143577,4410,8.62279023,4462,126.038095,3.990033304
4515,4619,7PR43D2,4603,68,4515,280,4603,2.102361,4515,8.78519237,4567,128.514286,3.997205638
4620,4724,11PR2,4651,68,4620,306,4651,2.085780,4620,9.43200294,4672,131.409524,4.016741935
4725,4829,7PR45D2,4801,62,4725,280,4801,1.856187,4725,8.48560494,4777,131.752381,3.959575554
4830,4934,7PR23,4909,74,4830,310,4909,2.178086,4830,9.23639960,4882,133.295238,3.940226253
4935,5039,7PR47D2,4987,74,4935,292,4987,2.151973,4935,8.55995006,4987,135.085714,3.928458773
5040,5144,7PR24,5086,76,5040,294,5086,2.176695,5040,8.47914389,5092,139.466667,3.991573907
5145,5249,7PR49D2,5242,76,5145,290,5242,2.126897,5145,8.23437263,5197,143.009524,4.029583952
5250,5354,7PR25,5308,80,5250,318,5308,2.217466,5250,8.88898687,5302,143.695238,3.987333044
5355,5459,7PR51D2,5416,72,5355,312,5416,1.965120,5355,8.59144749,5407,144.838095,3.958874195
5460,5564,7PR26,5557,86,5460,322,5557,2.301782,5460,8.73404796,5512,146.038095,3.932997871
5565,5669,7PR53D2,5596,82,5565,316,5596,2.182571,5565,8.44836872,5617,148.247619,3.935195933
5670,5774,7PR27,5728,86,5670,314,5728,2.248387,5670,8.27370483,5722,148.495238,3.886062230
5775,5879,11PR5D2,5857,84,5775,358,5857,2.159168,5775,9.30254452,5827,153.047619,3.949550146
5880,5984,7PR28,5906,92,5880,328,5906,2.349289,5880,8.40421431,5932,155.771429,3.965006529
5985,6089,7PR57D2,6038,92,5985,356,6038,2.309643,5985,8.99970987,6037,158.057143,3.969178330
6090,6194,7PR29,6131,90,6090,342,6131,2.233345,6090,8.52931444,6142,160.266667,3.971519167
6195,6299,7PR59D2,6218,96,6195,350,6218,2.356115,6195,8.61597314,6247,163.638095,4.002366231
6300,6404,7PR30,6353,88,6300,340,6353,2.124621,6300,8.26068737,6352,167.504762,4.044700161
6405,6509,7PR61D2,6421,96,6405,366,6421,2.298798,6405,8.78106455,6457,168.514286,4.017797383
6510,6614,7PR31,6568,102,6510,358,6568,2.399779,6510,8.48065427,6562,172.400000,4.059555183
6615,6719,7PR63D2,6719,98,6615,364,6719,2.265862,6615,8.51815935,6667,173.847619,4.043817526
6720,6824,7PR32,6791,106,6765,344,6791,2.430712,6765,7.91178535,6772,173.733333,3.992504559
6825,6929,7PR65D2,6863,104,6825,402,6863,2.365471,6825,9.18281598,6877,178.590476,4.055639365
6930,7034,11PR3,7024,104,6930,424,7024,2.323062,6930,9.57022794,6982,179.752381,4.034484259
7035,7139,7PR67D2,7108,108,7035,388,7108,2.390305,7035,8.65754455,7087,180.666667,4.008335516
7140,7244,7PR34,7219,94,7140,408,7219,2.055910,7140,8.99867832,7192,182.666667,4.006742264
7245,7349,7PR69D2,7246,98,7245,408,7246,2.136908,7245,8.89869542,7297,183.600000,3.982324836
7350,7454,7PR35,7351,102,7350,378,7351,2.199762,7350,8.15181074,7402,185.600000,3.981201480
7455,7559,7PR71D2,7522,112,7455,414,7522,2.372402,7455,8.83168226,7507,187.028571,3.968241965
7560,7664,7PR36,7561,110,7560,410,7561,2.321013,7560,8.65079274,7612,189.238095,3.972123085
7665,7769,7PR73D2,7727,106,7665,410,7727,2.199214,7665,8.55978200,7717,189.980952,3.945571615
7770,7874,7PR37,7846,114,7770,442,7846,2.336977,7770,9.12968576,7822,191.695238,3.939594257
7875,7979,7PR75D2,7951,110,7875,388,7951,2.232082,7875,7.93215960,7927,192.990476,3.925288875
7980,8084,7PR38,8062,116,7980,438,8062,2.328303,7980,8.86151069,8032,196.304762,3.952135799
8085,8189,11PR7D2,8116,112,8085,474,8116,2.236375,8085,9.49404748,8137,198.361905,3.953392684
8190,8294,7PR39,8224,116,8190,464,8224,2.292547,8190,9.19979531,8242,200.495238,3.956252054
8295,8399,7PR79D2,8311,114,8295,442,8311,2.234912,8295,8.67819577,8347,203.047619,3.967198155
8400,8504,7PR40,8429,116,8400,432,8429,2.249292,8400,8.39818911,8452,207.028571,4.005787699
8505,8609,7PR81D2,8599,122,8505,444,8599,2.329117,8505,8.54937189,8557,206.590476,3.959131350
8610,8714,7PR41,8614,120,8610,462,8614,2.287560,8610,8.81029329,8662,210.742857,4.000404972
8715,8819,7PR83D2,8777,116,8715,450,8777,2.179478,8715,8.50173807,8767,212.761905,4.001008602
8820,8924,7PR42,8839,122,8820,466,8839,2.279660,8820,8.72119273,8872,214.952381,4.004900535
8925,9029,7PR85D2,9014,124,8925,520,9014,2.281605,8925,9.64346441,8977,216.819048,4.002710432
9030,9134,7PR43,9091,132,9030,454,9091,2.412999,9030,8.34206329,9082,217.619048,3.981217473
9135,9239,7PR87D2,9173,128,9135,466,9173,2.323530,9135,8.48656720,9187,220.685714,4.001247760
9240,9344,11PR4,9283,128,9240,534,9283,2.301998,9240,9.63749652,9292,223.295238,4.012813331
9345,9449,7PR89D2,9349,134,9345,474,9349,2.396602,9345,8.48036675,9397,224.971429,4.007555190
9450,9554,7PR45,9511,130,9450,486,9511,2.294051,9450,8.61855486,9502,223.904762,3.954109250
9555,9659,7PR91D2,9649,124,9555,532,9649,2.163663,9555,9.35414843,9607,226.152381,3.959602402
9660,9764,7PR46,9748,132,9660,512,9748,2.284701,9660,8.92495168,9712,229.219048,3.979256928
9765,9869,7PR93D2,9817,138,9765,496,9817,2.375649,9765,8.57412318,9817,232.457143,4.001682188
9870,9974,7PR47,9941,134,9870,510,9941,2.284239,9870,8.74177224,9922,233.447619,3.985420147
9975,10079,7PR95D2,10078,140,9975,544,10078,2.360845,9975,9.24857451,10027,235.980952,3.995647101
10080,10184,7PR48,10174,140,10080,494,10174,2.343381,10080,8.32911566,10132,236.609524,3.973714842
10185,10289,7PR97D2,10273,138,10185,498,10273,2.292671,10185,8.32950717,10237,239.771429,3.994392599
10290,10394,7PR49,10369,136,10290,518,10369,2.243034,10290,8.59384526,10342,243.485714,4.024021069
10395,10499,11PR9D2,10462,134,10395,574,10462,2.194423,10395,9.44835638,10447,245.619048,4.027246934
10500,10604,7PR50,10501,150,10500,522,10501,2.449522,10500,8.52416040,10552,248.076190,4.035724963
10605,10709,7PR101D2,10687,144,10605,546,10687,2.319381,10605,8.84761592,10657,251.123810,4.053753666
10710,10814,7PR51,10786,152,10710,554,10786,2.430362,10710,8.90730621,10762,254.095238,4.070227225
10815,10919,7PR103D2,10883,146,10815,542,10883,2.318296,10815,8.64871912,10867,251.885714,4.004331436
10920,11024,7PR52,11023,156,10920,596,11023,2.452351,10920,9.43768576,10972,255.809524,4.036042472
11025,11129,7PR105D2,11054,144,11025,544,11054,2.258518,11025,8.55056947,11077,254.952381,3.992545989
11130,11234,7PR53,11197,154,11130,550,11197,2.391314,11130,8.57999332,11182,258.990476,4.025832058
11235,11339,7PR107D2,11272,138,11235,564,11272,2.131467,11235,8.73451914,11287,258.019048,3.981372281
11340,11444,7PR54,11353,152,11385,550,11353,2.334737,11385,8.42939459,11392,261.219048,4.001538883
11445,11549,7PR109D2,11461,154,11445,562,11461,2.347919,11445,8.57779617,11497,261.123810,3.971367973
11550,11654,11PR5,11593,152,11550,626,11593,2.296655,11550,9.48545130,11602,265.161905,4.004035652
11655,11759,7PR111D2,11749,160,11655,572,11749,2.392249,11655,8.60649982,11707,266.514286,3.996074489
11760,11864,7PR56,11839,158,11760,562,11839,2.348206,11760,8.39587779,11812,267.085714,3.976595295
11865,11969,7PR113D2,11932,162,11865,564,11932,2.392674,11865,8.36774564,11917,269.314286,3.981939577
11970,12074,7PR57,11971,162,11970,610,11971,2.386736,11970,8.98693403,12022,272.590476,4.002691818
12075,12179,7PR115D2,12101,164,12075,586,12101,2.395745,12075,8.57491459,12127,277.352381,4.044790224
12180,12284,7PR58,12281,154,12180,610,12281,2.223656,12180,8.86473307,12232,277.466667,4.019047077
12285,12389,7PR117D2,12326,154,12285,636,12326,2.217079,12285,9.18105503,12337,280.971429,4.042543890
12390,12494,7PR59,12422,164,12390,586,12422,2.346659,12390,8.40207017,12442,280.571429,4.009926200
12495,12599,7PR119D2,12574,162,12495,608,12574,2.295932,12495,8.66043013,12547,282.990476,4.017812412
12600,12704,7PR60,12671,158,12600,610,12671,2.225896,12600,8.63111440,12652,279.657143,3.944461341
12705,12809,11PR11D2,12757,168,12705,652,12757,2.354186,12705,9.16595724,12757,281.809524,3.949003822
12810,12914,7PR61,12878,168,12810,606,12878,2.336543,12810,8.46350784,12862,282.609524,3.934690747
12915,13019,7PR123D2,12982,172,12915,628,12982,2.377047,12915,8.71515540,12967,286.895238,3.968793455
13020,13124,7PR62,13049,170,13020,632,13049,2.340065,13020,8.71414996,13072,289.542857,3.980025259
13125,13229,7PR125D2,13142,174,13125,620,13142,2.381559,13125,8.49533428,13177,291.161905,3.977088234
13230,13334,7PR63,13241,170,13230,612,13241,2.313245,13230,8.33251629,13282,291.600000,3.958164665
13335,13439,7PR127D2,13339,178,13335,648,13339,2.408045,13335,8.76844060,13387,295.352381,3.984331941
13440,13544,7PR64,13451,176,13440,642,13451,2.365320,13440,8.63297568,13492,298.895238,4.007289633
13545,13649,7PR129D2,13646,182,13545,660,13646,2.418129,13545,8.82129881,13597,299.276190,3.987941190
13650,13754,7PR65,13729,180,13650,674,13729,2.380300,13650,8.95297785,13702,301.390476,3.991797902
13755,13859,7PR131D2,13807,178,13755,634,13807,2.343338,13755,8.37142247,13807,302.476190,3.982026588
13860,13964,11PR6,13943,192,13860,728,13943,2.508139,13860,9.55432606,13912,304.590476,3.985946517
13965,14069,7PR133D2,14051,184,13965,680,14051,2.389016,13965,8.87192975,14017,304.152381,3.956586634
14070,14174,7PR67,14096,186,14070,642,14096,2.408715,14070,8.32609536,14122,307.523810,3.976916662
14175,14279,7PR135D2,14243,178,14175,652,14243,2.286441,14175,8.40681424,14227,308.609524,3.967666525
14280,14384,7PR68,14332,190,14280,686,14332,2.428418,14280,8.79311025,14332,312.133333,3.989705798
14385,14489,7PR137D2,14411,182,14385,652,14411,2.316236,14385,8.30958693,14437,314.323810,3.994566370
14490,14594,7PR69,14528,176,14490,702,14528,2.225437,14490,8.89487412,14542,316.819048,4.003206644
14595,14699,7PR139D2,14699,194,14595,670,14699,2.430591,14595,8.44162097,14647,318.971429,4.007547902
14700,14804,7PR70,14779,198,14700,678,14779,2.470069,14700,8.49350364,14752,321.600000,4.017750820
14805,14909,7PR141D2,14831,186,14805,716,14831,2.313924,14805,8.91974615,14857,324.933333,4.036711663
14910,15014,7PR71,14951,194,14910,684,14951,2.398094,14910,8.47297674,14962,325.504762,4.021344499
15015,16169,13PRD2,15784,194,15015,846,15784,2.297078,15015,10.42234789,15581,336.458874,4.022986198
16170,17324,11PR7,16249,206,16905,814,17218,2.342733,16170,9.36233987,16737,355.558442,4.017231800
17325,18479,11PR15D2,18322,220,17745,864,18322,2.313856,17745,9.32207485,17893,374.188745,4.009270284
18480,19634,11PR8,18637,218,19110,894,18637,2.262025,18480,9.31770329,19048,392.323810,3.999206331
19635,20789,11PR17D2,20023,234,19635,990,20509,2.288028,19635,9.85407381,20204,409.435498,3.982392003
20790,21944,11PR9,20816,240,21840,1014,20816,2.279925,20790,9.50917607,21359,428.126407,3.983191382
21945,23099,11PR19D2,22354,260,21945,1102,22354,2.333078,21945,10.03630588,22515,450.595671,4.019335261
23100,24254,11PR10,23201,262,23205,1144,23201,2.282149,23205,9.96342729,23670,469.913420,4.027252700
24255,25409,11PR21D2,24256,278,24990,1106,24256,2.336632,24255,9.26316555,24825,487.906494,4.024633398
25410,26564,11PR11,25496,286,25935,1256,25496,2.309603,25935,10.00515405,25981,503.068398,4.000939496
26565,27719,11PR23D2,27182,304,26565,1240,27182,2.331847,26565,9.68903779,27136,520.943723,4.000845194
27720,28874,11PR12,27904,310,28665,1312,27904,2.328254,28665,9.64300221,28291,542.616450,4.029672300
28875,30029,11PR25D2,29738,328,29925,1284,29738,2.340355,28875,9.33805967,29446,559.449351,4.023198834
30030,31184,13PR,30332,332,30030,1454,30332,2.331433,30030,10.29324643,30602,574.545455,4.005680564
31185,32339,11PR27D2,31294,342,31395,1408,31294,2.341935,31395,9.61692440,31757,589.160173,3.986566579
32340,33494,11PR14,32446,362,32340,1388,32972,2.389670,32340,9.25579730,32912,608.533333,4.000521262
33495,34649,11PR29D2,34274,370,33495,1522,34274,2.354215,33495,9.86602778,34067,626.884848,4.007956126
34650,35804,11PR15,35792,374,35700,1502,35792,2.297694,34650,9.32153632,35222,644.670130,4.012040735
35805,36959,11PR31D2,36436,392,35805,1596,36436,2.373766,35805,9.80252643,36377,660.006926,4.001639093
36960,38114,11PR16,37201,402,36960,1560,37201,2.393769,36960,9.33802928,37533,678.739394,4.012229262
38115,39269,11PR33D2,38188,412,38115,1602,38188,2.401751,38115,9.35358563,38688,700.910823,4.042900533
39270,40424,11PR17,39992,432,39270,1790,39992,2.425829,39270,10.20109986,39843,717.993074,4.043835535
40425,41579,11PR35D2,40597,416,41055,1776,40597,2.307754,41055,9.76303145,40998,732.006926,4.028247376
41580,42734,11PR18,41851,442,42315,1782,41851,2.392174,42315,9.55848499,42153,747.731602,4.022975684
42735,43889,11PR37D2,43531,448,42735,1842,43531,2.348344,42735,9.80136239,43308,762.072727,4.011114928
43890,45044,11PR19,44533,470,43890,1902,44533,2.418503,43890,9.90341504,44463,777.355844,4.004938129
45045,46199,13PR3D2,45259,474,45045,2014,45259,2.407217,45045,10.26764128,45618,795.094372,4.011821101
46200,47354,11PR20,46369,478,46410,1968,46369,2.380141,46410,9.79215333,46773,808.069264,3.995087918
47355,48509,11PR41D2,47834,490,47355,1950,47834,2.378831,47355,9.54488090,47929,825.534199,4.001173874
48510,49664,11PR21,48658,508,49140,1980,48931,2.430664,49140,9.40378836,49084,842.599134,4.005414552
49665,50819,11PR43D2,50461,520,49665,2050,50461,2.416903,49665,9.65248299,50239,861.109957,4.016569322
50820,51974,11PR22,51826,516,51870,2200,51826,2.346624,51870,9.99806075,51394,876.360173,4.012628549
51975,53129,11PR45D2,52132,550,51975,2054,52876,2.469593,51975,9.31934551,52549,892.483117,4.013069337
53130,54284,11PR23,53624,540,53130,2220,53624,2.388364,53130,9.89328734,53704,908.618182,4.013726584
54285,55439,11PR47D2,54421,560,54285,2234,54421,2.447211,54285,9.78259187,54859,927.445887,4.026320921
55440,56594,11PR24,56176,574,55440,2222,56176,2.444148,55440,9.56399190,56014,942.351515,4.022016383
56595,57749,11PR49D2,56692,576,56595,2224,57172,2.426083,56595,9.41284344,57169,957.251948,4.018045073
57750,58904,11PR25,58789,574,58695,2322,58789,2.355012,58695,9.53919817,58324,970.961039,4.009461169
58905,60059,11PR51D2,59074,590,58905,2476,59074,2.411060,58905,10.14218881,59479,985.561905,4.004974453
60060,61214,13PR2,60413,604,60060,2552,61058,2.418361,60060,10.28857922,60634,1005.243290,4.021212553
61215,62369,11PR53D2,61444,612,61215,2430,61444,2.421746,61215,9.64534908,61789,1022.408658,4.027164820
62370,63524,11PR27,62851,630,62790,2530,63421,2.436905,62790,9.83540102,62944,1038.043290,4.027227319
63525,64679,11PR55D2,64198,640,64155,2488,64198,2.443219,64155,9.50337581,64099,1057.606926,4.042465348
64680,65834,11PR28,65029,654,64680,2490,65336,2.468498,64680,9.44756523,65254,1068.604329,4.025186753
65835,66989,11PR57D2,66602,656,65835,2614,66602,2.429966,65835,9.77535774,66409,1083.284848,4.022208386
66990,68144,11PR29,67904,662,66990,2660,67904,2.413565,66990,9.80639681,67565,1096.735931,4.014983478
68145,69299,11PR59D2,69239,682,68145,2628,69239,2.447118,68145,9.55368012,68720,1113.977489,4.021829816
69300,70454,11PR30,69911,688,69615,2826,69911,2.449157,69615,10.09514545,69875,1127.006061,4.013554402
70455,71609,11PR61D2,70544,688,70980,2688,70544,2.431070,70455,9.49396558,71030,1143.350649,4.017318085
71610,72764,11PR31,71633,676,71610,2792,71633,2.358847,71610,9.74488844,72185,1157.615584,4.013948819
72765,73919,11PR63D2,73016,710,73185,2762,73016,2.438849,73185,9.46959502,73340,1173.852814,4.017544937
73920,75074,11PR32,74716,734,73920,2766,74716,2.474061,73920,9.40564697,74495,1187.267532,4.011600163
75075,76229,13PR5D2,75968,742,75075,3034,75968,2.467098,75075,10.18649755,75650,1201.740260,4.009472773
76230,77384,11PR33,77144,726,76230,2852,77144,2.383605,76230,9.45590124,76805,1217.321212,4.011180526
77385,78539,11PR67D2,77458,766,77805,2996,78427,2.494035,77805,9.76782602,77960,1232.417316,4.011396832
78540,79694,11PR34,79312,750,78540,3108,79312,2.406904,78540,10.05479007,79115,1247.243290,4.010841134
79695,80849,11PR69D2,79784,768,79695,3074,79784,2.452666,79695,9.82619573,80270,1261.738528,4.009339080
80850,82004,11PR35,81749,786,80850,3020,81749,2.460417,80850,9.53983296,81425,1281.250216,4.023757152
82005,83159,11PR71D2,82252,790,82005,3072,82252,2.460452,82005,9.59156841,82580,1295.944589,4.022987689
83160,84314,11PR36,84046,804,83160,3062,84046,2.459958,83160,9.45076983,83735,1309.541126,4.018974884
84315,85469,11PR73D2,84562,812,84630,3114,84562,2.471941,84630,9.47355972,84890,1321.643290,4.010615309
85470,86624,11PR37,86248,810,85470,3194,86248,2.426071,85470,9.63819940,86045,1336.974892,4.012185248
86625,87779,11PR75D2,87316,834,86625,3228,87316,2.472748,86625,9.63376574,87200,1353.322944,4.016879694
87780,88934,11PR38,88498,830,87780,3374,88498,2.433762,87780,9.96005196,88355,1368.223377,4.017289845
88935,90089,11PR77D2,89459,820,88935,3246,89459,2.383150,88935,9.47959386,89510,1381.606926,4.013389886
90090,91244,13PR3,90526,866,90090,3594,90526,2.492321,90090,10.38468869,90665,1398.460606,4.019601669
91245,92399,11PR79D2,92357,860,91770,3338,92357,2.434532,91245,9.52712833,91820,1416.038095,4.027852563
92400,93554,11PR40,92656,876,92820,3514,92656,2.473194,92820,9.90654167,92975,1430.651082,4.027671889
93555,94709,11PR81D2,94228,880,94185,3500,94228,2.450231,94185,9.74901323,94130,1447.312554,4.033261399
94710,95864,11PR41,95467,888,94710,3582,95467,2.446013,94710,9.93163966,95285,1461.146320,4.031046843
95865,97019,11PR83D2,96361,904,95865,3482,96361,2.470995,95865,9.55834658,96440,1473.047619,4.023644144
97020,98174,11PR42,97684,928,97020,3504,97684,2.508166,97020,9.52398656,97595,1487.082251,4.022243773
98175,99329,11PR85D2,98764,916,98175,3708,98764,2.453349,98175,9.98053734,98750,1500.614719,4.019602562
99330,100484,11PR43,99581,928,99330,3676,99581,2.468655,99330,9.79916613,99905,1516.812121,4.024129168
100485,101639,11PR87D2,101467,948,100485,3766,101467,2.483060,100485,9.94373926,101060,1532.692641,4.027806620
101640,102794,11PR44,102352,958,101745,3662,102352,2.491281,101745,9.57006945,102215,1550.363636,4.036171875
102795,103949,11PR89D2,103214,956,103740,3802,103214,2.468903,103740,9.77761627,103370,1562.867532,4.031097057
103950,105104,11PR45,104056,962,103950,3660,104056,2.467765,103950,9.39670907,104525,1575.535931,4.026614224
105105,106259,13PR7D2,105883,970,105105,4076,105883,2.452749,105105,10.36966147,105680,1589.812987,4.026355782
106260,107414,11PR46,106298,984,106260,3956,106298,2.480088,106260,9.97370965,106835,1603.570563,4.024832173
107415,108569,11PR93D2,107684,1002,107415,3942,107684,2.498534,107415,9.85001628,107990,1617.331602,4.023420931
108570,109724,11PR47,108874,1012,108570,3874,109717,2.499467,108570,9.59472534,109145,1631.982684,4.024285255
109725,110879,11PR95D2,110281,988,109725,4064,110281,2.415536,109725,9.97762500,110300,1643.918615,4.018551637
110880,112034,11PR48,111058,1014,111930,3846,111058,2.464714,110880,9.31702272,111456,1657.961905,4.018080391
112035,113189,11PR97D2,112106,1030,112035,3998,112681,2.478536,112035,9.64774711,112611,1668.334199,4.008850191
113190,114344,11PR49,113389,1030,113190,3930,113389,2.460935,113190,9.40336623,113766,1681.972294,4.007608757
114345,115499,11PR99D2,114847,1058,114345,3998,115426,2.500222,114345,9.48605693,114921,1696.668398,4.008933702
115500,116654,11PR50,116371,1052,116025,4202,116371,2.460027,116025,9.85034823,116076,1709.795671,4.006626866
116655,117809,11PR101D2,116728,1030,116655,4126,116728,2.402456,116655,9.62888952,117231,1721.672727,4.001487231
117810,118964,11PR51,118894,1064,117810,4384,118894,2.444233,117810,10.14771318,118386,1736.999134,4.004457247
118965,120119,11PR103D2,119458,1076,118965,4148,119458,2.462122,118965,9.52419767,119541,1751.047619,4.004474367
120120,121274,13PR4,121234,1090,120120,4480,121234,2.463828,120120,10.20435862,120696,1768.453680,4.012185647
121275,122429,11PR105D2,121612,1110,121485,4110,121612,2.502568,121485,9.27437145,121851,1781.828571,4.010717278
122430,123584,11PR53,123059,1122,122430,4318,123059,2.504951,122430,9.68124523,123006,1796.909091,4.013154077
123585,124739,11PR107D2,124447,1138,123585,4282,124447,2.517146,123585,9.52613513,124161,1813.762771,4.019512049
124740,125894,11PR54,125479,1134,125580,4406,125479,2.491172,125580,9.67256963,125316,1830.065801,4.024608535
125895,127049,11PR109D2,126397,1166,126945,4408,126397,2.546025,126945,9.59062020,126471,1844.045022,4.024587843
127050,128204,11PR55,127189,1118,127050,4332,127189,2.428594,127050,9.41872620,127626,1854.391342,4.016761214
128205,129359,11PR111D2,129263,1162,128205,4486,129263,2.490514,128205,9.68065367,128781,1872.451948,4.025667709
129360,130514,11PR56,130307,1176,129675,4560,130307,2.503745,129675,9.74766229,129936,1887.051082,4.027098444
130515,131669,11PR113D2,131641,1190,130515,4438,131641,2.512217,130515,9.43615331,131091,1898.940260,4.022805683
131670,132824,11PR57,131888,1176,131670,4726,131888,2.478781,131670,9.97518861,132246,1913.177489,4.023545334
132825,133979,11PR115D2,133174,1184,132825,4738,133174,2.475614,132825,9.92832599,133401,1927.399134,4.024300102
133980,135134,11PR58,134087,1204,133980,4748,134087,2.503206,133980,9.87792028,134556,1939.954978,4.021612239
135135,136289,13PR9D2,135802,1216,135135,4880,135802,2.501586,135135,10.08048184,135711,1951.799134,4.017535287
136290,137444,11PR59,136649,1218,136290,4688,136649,2.492808,136290,9.61557389,136866,1964.819048,4.015957685
137445,138599,11PR119D2,137587,1236,137445,4912,137587,2.515309,137445,10.00469707,138021,1981.058009,4.020977670
138600,139754,11PR60,139511,1226,139230,4924,139511,2.466330,139230,9.92209541,139176,1999.007792,4.029397699
139755,140909,11PR121D2,140009,1244,139755,4778,140009,2.495139,139755,9.59789612,140331,2016.110823,4.036050206
140910,142064,11PR61,141676,1258,140910,4856,141676,2.498497,140910,9.68800166,141486,2027.516883,4.031333687
142065,143219,11PR123D2,142258,1266,142065,4858,142258,2.505830,142065,9.62650566,142641,2039.461472,4.027763806
143220,144374,11PR62,143896,1280,143220,4970,143896,2.509536,143220,9.78228987,143796,2050.853680,4.023192583
144375,145529,11PR125D2,145144,1280,144690,4840,145144,2.491578,144690,9.44585847,144951,2061.610390,4.017469143
145530,146684,11PR63,146176,1294,145530,4922,146176,2.504029,145530,9.55975400,146106,2075.870130,4.018640402
146685,147839,11PR127D2,147401,1312,146685,4886,147401,2.521313,146685,9.42769976,147261,2092.425974,4.024242966
147840,148994,11PR64,148696,1328,148785,4964,148696,2.533538,148785,9.46559343,148416,2106.126407,4.024347730
148995,150149,11PR129D2,149269,1320,148995,5122,149846,2.509766,148995,9.75541957,149571,2119.123810,4.023151910
150150,151304,13PR5,150292,1326,150150,5498,150292,2.507348,150150,10.40441005,150726,2134.432900,4.026362606
151305,152459,11PR131D2,151909,1344,151305,5070,151909,2.518866,151305,9.53353224,151881,2145.710823,4.021994141
152460,153614,11PR66,152506,1342,153510,5130,152914,2.505061,152460,9.54805482,153036,2162.910823,4.028740142
153615,154769,11PR133D2,154702,1358,153615,5376,154702,2.506776,153615,9.98222796,154191,2179.707359,4.034700597
154770,155924,11PR67,155816,1364,155610,5352,155816,2.502854,155610,9.83140567,155346,2188.981818,4.026773927
155925,157079,11PR135D2,156007,1362,156975,5338,156007,2.496651,156975,9.73469089,156501,2200.140260,4.022407378
157080,158234,11PR68,157901,1370,157080,5592,157901,2.486203,157080,10.19215775,157656,2213.262338,4.021694211
158235,159389,11PR137D2,158419,1400,158235,5356,158419,2.533724,158235,9.70269355,158811,2223.790476,4.016325700
159390,160544,11PR69,159407,1412,159390,5502,159407,2.542242,159390,9.90691796,159966,2238.341126,4.018279827
160545,161699,11PR139D2,161659,1400,160545,5306,161659,2.491347,160545,9.49676279,161121,2252.590476,4.019692413
161700,162854,11PR70,162353,1414,162435,5610,162353,2.507294,162435,9.94342578,162276,2264.945455,4.017758246
162855,164009,11PR141D2,163297,1428,162855,5444,163297,2.519915,162855,9.62845767,163431,2279.279654,4.019353558
164010,165164,11PR71,164954,1416,164010,5496,164954,2.477786,164010,9.66328517,164586,2290.891775,4.016191174
165165,166319,13PR11D2,165701,1446,165165,5912,165701,2.520785,165165,10.33415353,165741,2307.974026,4.022622778
166320,167474,11PR72,166351,1454,166320,5378,166351,2.526473,166320,9.34621665,166896,2321.250216,4.022411248
167475,168629,11PR145D2,167809,1444,167475,5590,167809,2.490909,167475,9.65881412,168051,2336.140260,4.024999426
168630,169784,11PR73,168814,1462,169260,5576,168814,2.509419,169260,9.54977310,169206,2347.790476,4.022034655
169785,170939,11PR147D2,170539,1466,169785,5610,170539,2.495056,169785,9.58327895,170361,2362.864069,4.024957212
170940,172094,11PR74,171694,1476,170940,5720,171694,2.497959,170940,9.71603852,171516,2375.380087,4.023540735
172095,173249,11PR149D2,172384,1486,172095,5658,172849,2.504239,172095,9.55695229,172671,2387.899567,4.022165765
173250,174404,11PR75,174214,1470,173250,5606,174214,2.457750,173250,9.41637714,173826,2400.484848,4.020944725
174405,175559,11PR151D2,174814,1508,174405,5708,174814,2.514062,174405,9.53476167,174981,2412.372294,4.018592497
175560,176714,11PR76,176551,1510,175560,6014,176551,2.496728,175560,9.99068066,176136,2423.908225,4.015699244
176715,177869,11PR153D2,177841,1536,176715,6066,177841,2.524335,176715,10.02213411,177291,2441.255411,4.022440444
177870,179024,11PR77,178898,1530,177870,5742,178898,2.502055,177870,9.43533784,178446,2457.944589,4.028049452
179025,180179,11PR155D2,179083,1548,179025,6102,179083,2.529322,179025,9.97293179,179601,2471.201732,4.028028276
180180,181334,13PR6,180379,1540,180180,6376,180379,2.501151,180180,10.36490489,180756,2483.497835,4.026468866
181335,182489,11PR157D2,181919,1572,181545,6040,181919,2.535068,181545,9.75708658,181911,2497.187879,4.027195643
182490,183644,11PR79,182519,1564,182910,5880,182519,2.515243,182910,9.43935091,183066,2508.420779,4.023990057
183645,184799,11PR159D2,184696,1574,183645,6020,184696,2.506373,183645,9.63184388,184221,2524.348052,4.028324584
184800,185954,11PR80,185578,1584,185640,6222,185578,2.512282,185640,9.86556750,185376,2534.564502,4.023576627
185955,187109,11PR161D2,186709,1606,185955,6252,187024,2.533868,185955,9.89916236,186531,2543.577489,4.016995618
187110,188264,11PR81,187471,1604,187110,5986,187471,2.522543,187110,9.42904853,187686,2560.386147,4.022740543
188265,189419,11PR163D2,189094,1608,188370,6176,189094,2.510677,188370,9.67394877,188841,2574.507359,4.024256557
189420,190574,11PR82,189817,1620,189420,6240,189817,2.521375,189420,9.72891497,189996,2587.494372,4.023997173
190575,191729,11PR165D2,191626,1634,190575,6078,191626,2.523077,190575,9.42838069,191151,2596.526407,4.017655764
191730,192884,11PR83,191768,1626,192465,6146,191768,2.509171,191730,9.47654296,192306,2606.138528,4.012279822
192885,194039,11PR167D2,193639,1634,193830,6210,193639,2.501153,193830,9.49772870,193461,2621.106494,4.015177478
194040,195194,11PR84,194767,1654,194040,6186,194767,2.519507,194040,9.45246451,194616,2635.059740,4.016523556
195195,196349,13PR13D2,195751,1660,195195,6716,195751,2.518018,195195,10.21160232,195771,2646.578355,4.014185001
196350,197504,11PR85,196654,1664,196350,6638,197402,2.512439,196350,10.04330323,196926,2659.975758,4.014716931
197505,198659,11PR171D2,198046,1680,197505,6626,198046,2.523633,197505,9.97616591,198081,2672.277056,4.013608666
198660,199814,11PR86,199021,1668,198660,6358,199021,2.495353,198660,9.52606363,199236,2681.892641,4.008515719
199815,200969,11PR173D2,200899,1696,199815,6354,200899,2.517394,199815,9.47408631,200391,2694.713420,4.008257515
200970,202124,11PR87,201904,1702,200970,6584,201904,2.515768,200970,9.76977837,201546,2709.283117,4.010611180
202125,203279,11PR175D2,203128,1714,202125,6416,203128,2.520731,202125,9.47501994,202701,2724.121212,4.013349426
203280,204434,11PR88,203417,1708,203490,6424,203417,2.508934,203490,9.43353629,203856,2737.733333,4.014284246
204435,205589,11PR177D2,204928,1688,204435,6588,204928,2.464243,204435,9.63699648,205011,2749.537662,4.012587773
205590,206744,11PR89,205924,1740,205590,6534,205924,2.529874,205590,9.51302139,206166,2763.212121,4.013633363
206745,207899,11PR179D2,206984,1736,207480,6804,206984,2.513240,207480,9.83057402,207321,2776.680519,4.014391171
207900,209054,11PR90,208129,1744,208845,6932,208129,2.513207,208845,9.96075978,208476,2788.758442,4.013153026
209055,210209,11PR181D2,209362,1758,209055,6530,209362,2.520880,209055,9.37522884,209631,2803.021645,4.015079752
210210,211364,13PR7,210557,1756,210210,7076,210557,2.506060,210210,10.11235236,210786,2817.042424,4.016648927
211365,212519,11PR183D2,211459,1754,211575,6810,211459,2.494267,211575,9.67968337,211941,2830.957576,4.018066645
212520,213674,11PR92,212644,1800,212520,6998,212644,2.547725,212520,9.90982728,213096,2848.013853,4.023932653
213675,214829,11PR185D2,213784,1804,213675,6926,213784,2.541986,213675,9.76352093,214251,2860.379221,4.023163859
214830,215984,11PR93,215854,1834,214830,6908,215854,2.563496,214830,9.69425677,215406,2877.137662,4.028561204
215985,217139,11PR187D2,216917,1814,215985,7244,216917,2.525146,215985,10.12029640,216561,2887.764502,4.025375426
217140,218294,11PR94,217697,1788,217140,6952,217697,2.481485,217140,9.66904020,217716,2902.709957,4.028236363
218295,219449,11PR189D2,218696,1844,218295,6922,219311,2.546183,218295,9.58469141,218871,2916.541991,4.029538355
219450,220604,11PR95,220453,1844,219450,7234,220453,2.532386,219450,9.97249946,220026,2928.599134,4.028400113
220605,221759,11PR191D2,221332,1846,220605,7054,221332,2.526687,220605,9.68174909,221181,2944.590476,4.032678367
221760,222914,11PR96,222634,1864,221760,6926,222634,2.538822,221760,9.46454153,222336,2954.637229,4.028821392
222915,224069,11PR193D2,223469,1876,223860,7000,223469,2.547178,222915,9.51873528,223491,2968.289177,4.029912178
224070,225224,11PR97,224524,1888,224070,7118,225002,2.551522,224070,9.64285201,224646,2981.137662,4.029917500
225225,226379,13PR15D2,225304,1890,225225,7700,225892,2.548480,225225,10.38651143,225801,2996.626840,4.033492164
226380,227534,11PR98,226456,1900,226380,7086,227251,2.549104,226380,9.51737426,226956,3006.048485,4.028910726
227535,228689,11PR197D2,228097,1892,227535,7136,228097,2.525164,227535,9.54379325,228111,3019.047619,4.029162426
228690,229844,11PR99,229234,1896,229425,7022,229234,2.519971,229425,9.32645837,229266,3032.448485,4.029956910
229845,230999,11PR199D2,230848,1906,229845,7174,230848,2.518411,229845,9.51374867,230421,3045.858009,4.030767545
231000,232154,11PR100,231643,1916,232050,7628,231643,2.524351,232050,10.03515508,231576,3058.865801,4.031054496
232155,233309,11PR201D2,232189,1926,232155,7356,232189,2.532524,232155,9.67369366,232731,3071.049351,4.030268709
233310,234464,11PR101,233978,1940,233415,7630,233978,2.534564,233415,9.98860545,233886,3085.348918,4.032269158
234465,235619,11PR203D2,235028,1926,234465,7594,235028,2.506846,234465,9.90414494,235041,3099.338528,4.033860453
235620,236774,11PR102,235684,1956,235620,7704,236092,2.538865,235620,10.00626051,236196,3111.712554,4.033353225
236775,237929,11PR205D2,237271,1990,236775,7496,237883,2.566648,236775,9.69631117,237351,3126.838095,4.036423411
237930,239084,11PR103,238892,1978,237930,7464,238892,2.539570,237930,9.61556689,238506,3137.182684,4.033324370
239085,240239,11PR207D2,239857,1952,239085,7678,239857,2.497741,239085,9.85121425,239661,3150.678788,4.034302409
240240,241394,13PR8,241393,1976,240240,8118,241393,2.514952,240240,10.37370351,240816,3157.773160,4.027115615
241395,242549,11PR209D2,242119,1996,241395,7948,242119,2.534017,241395,10.11574034,241971,3171.113420,4.027935542
242550,243704,11PR105,243043,2004,242550,7500,243043,2.536059,242550,9.50737707,243126,3182.678788,4.026508093
243705,244859,11PR211D2,243736,1998,244335,7490,243736,2.522425,244335,9.43652624,244281,3197.236364,4.028880072
244860,246014,11PR106,245587,2028,244860,7612,245587,2.544113,244860,9.57294212,245436,3210.931602,4.030159626
246015,247169,11PR213D2,246199,2046,246015,7666,246518,2.561050,246015,9.60290960,246591,3218.609524,4.023918805
247170,248324,11PR107,247243,2032,247170,7572,247868,2.534405,247170,9.44792372,247746,3228.012121,4.019881542
248325,249479,11PR215D2,248867,2054,248325,7736,248867,2.548208,248325,9.61491232,248901,3239.624242,4.018629088
249480,250634,11PR108,249512,2042,249480,7694,249512,2.527815,249480,9.52551372,250056,3253.733333,4.020481733
250635,251789,11PR217D2,251081,2058,250635,7956,251081,2.534266,250635,9.81181901,251211,3267.821645,4.022307002
251790,252944,11PR109,252071,2056,252525,7906,252071,2.523456,252525,9.68888102,252366,3278.644156,4.020125731
252945,254099,11PR219D2,253741,2060,252945,7794,253741,2.514393,252945,9.53831198,253521,3292.190476,4.021292909
254100,255254,11PR110,255214,2082,254100,7748,255214,2.528919,254100,9.44579392,254676,3303.729870,4.020022924
255255,270269,17PRD2,255469,2082,255255,9048,259801,2.503359,255255,10.98879350,262655,3393.036164,4.021829226
270270,285284,13PR9,270514,2182,274890,8882,272794,2.510783,270270,10.22605496,277676,3549.920746,4.015871405
285285,300299,13PR19D2,285424,2266,285285,9808,285424,2.505523,285285,10.84921557,292696,3718.325408,4.024227324
300300,315314,13PR10,303904,2396,314160,9852,303904,2.513081,300300,10.24062300,307715,3870.318348,4.016165437
315315,330329,13PR21D2,316804,2492,329175,10284,324223,2.512902,315315,10.31668283,322735,4034.392541,4.021813925
330330,345344,13PR11,331714,2602,330330,10630,340261,2.521429,330330,10.39343794,337754,4197.125142,4.026793339
345345,360359,13PR23D2,345524,2702,345345,11492,354971,2.521369,345345,10.82307543,352772,4357.211189,4.029882034
360360,375374,13PR12,366794,2792,373065,12020,366794,2.499164,373065,10.60647618,367790,4506.254013,4.023749560
375375,390389,13PR25D2,376396,2916,375375,11682,386068,2.523716,375375,10.25464963,382808,4657.899833,4.021013304
390390,405404,13PR13,390748,3004,390390,12048,401509,2.524416,390390,10.23137733,397826,4817.569630,4.025903093
405405,420419,13PR27D2,409663,3112,412335,12560,414448,2.520611,405405,10.26072189,412844,4973.462271,4.028103978
420420,435434,13PR14,420536,3172,420420,12996,431146,2.523703,420420,10.36643500,427861,5115.573760,4.019927599
435435,450449,13PR29D2,438142,3308,435435,13958,448444,2.521152,435435,10.80823080,442878,5267.244755,4.020103598
450450,465464,13PR15,451978,3356,451605,13900,463549,2.513127,451605,10.43630000,457895,5417.516617,4.019759391
465465,480479,13PR31D2,467009,3482,465465,14458,467009,2.541140,465465,10.58097936,472912,5572.659207,4.023431912
480480,495494,13PR16,483946,3588,480480,14546,488339,2.536748,480480,10.36292763,487929,5724.244555,4.024908676
495495,510509,13PR33D2,498436,3660,504735,15234,498436,2.527659,504735,10.40948314,502946,5864.385082,4.018886472
510510,525524,17PR,511036,3756,510510,16294,515611,2.539315,510510,11.02689928,517963,6018.718082,4.023058425
525525,540539,13PR35D2,526681,3888,533715,15984,535858,2.540830,533715,10.41692508,532979,6169.718149,4.025257564
540540,555554,13PR18,548461,3976,540540,15928,548461,2.531963,540540,10.26910471,547996,6315.791009,4.024552943
555555,570569,13PR37D2,562318,4092,569415,16864,569077,2.543991,555555,10.60253259,563012,6462.310490,4.024539918
570570,585584,13PR19,571262,4146,570570,17786,571262,2.550486,570570,10.95264258,578028,6610.427572,4.025788098
585585,600599,13PR39D2,586457,4268,596505,17360,588338,2.563074,596505,10.29423475,593044,6763.180153,4.030077984
600600,615614,13PR20,603182,4352,608685,17966,612022,2.551653,608685,10.47216331,608061,6906.123610,4.028766343
615615,630629,13PR41D2,616169,4444,615615,18382,621472,2.552996,615615,10.61204631,623077,7052.227772,4.029578655
630630,645644,13PR21,633967,4514,636405,18594,633967,2.541689,636405,10.43557144,638093,7186.113087,4.023798991
645645,660659,13PR43D2,646424,4642,645645,19158,656629,2.539026,645645,10.62110639,653109,7323.828571,4.020592872
660660,675674,13PR22,660809,4726,672945,19226,674719,2.554681,660660,10.35016732,668125,7462.671995,4.018334428
675675,690689,13PR45D2,676406,4776,680295,19540,686398,2.527108,680295,10.36163204,683141,7612.499367,4.022226222
690690,705704,13PR23,691151,4896,690690,20546,703568,2.559020,690690,10.75535033,698157,7750.433433,4.020028643
705705,720719,13PR47D2,705779,4978,705705,20286,713309,2.554701,705705,10.42659488,713172,7883.930736,4.015840522
720720,735734,13PR24,722368,5108,726495,20558,733528,2.558252,726495,10.30832542,728188,8030.870729,4.018741810
735735,750749,13PR49D2,736019,5192,746130,21772,748691,2.568782,746130,10.67180211,743204,8181.593340,4.023585152
750750,765764,13PR25,758411,5286,750750,21024,758411,2.555201,750750,10.25109722,758220,8321.525275,4.023248405
765765,780779,17PR3D2,770558,5310,765765,22942,770558,2.532269,765765,10.99909949,773236,8464.412388,4.024490412
780780,795794,13PR26,787162,5470,780780,21988,787162,2.561586,780780,10.36864084,788251,8609.768498,4.027030406
795795,810809,13PR53D2,799031,5538,795795,22720,804191,2.552045,795795,10.54122315,803267,8750.847020,4.027692701
810810,825824,13PR27,819212,5662,823515,22710,819212,2.562766,810810,10.30416841,818283,8889.074925,4.027196054
825825,840839,13PR55D2,831373,5738,825825,23016,831373,2.564720,825825,10.34642760,833298,9023.287246,4.025062212
840840,855854,13PR28,843307,5832,844305,23562,850253,2.564273,844305,10.39372356,848314,9165.928605,4.026854683
855855,870869,13PR57D2,856516,5896,855855,25114,860422,2.564422,855855,10.95061370,863329,9301.712954,4.025773183
870870,885884,13PR29,872428,6006,870870,24716,883648,2.566164,870870,10.61823408,878345,9433.978155,4.023343895
885885,900899,13PR59D2,887533,6086,885885,24754,891427,2.564719,885885,10.48047317,893360,9569.358242,4.022434985
900900,915914,13PR30,909037,6154,903210,25328,909037,2.548728,903210,10.54756236,908376,9706.035298,4.022216434
915915,930929,13PR61D2,915961,6190,915915,25550,915961,2.547074,915915,10.51381724,923391,9849.916484,4.025072320
930930,945944,13PR31,931894,6350,930930,26304,944161,2.565326,930930,10.67473805,938407,9989.130869,4.026097107
945945,960959,13PR63D2,946417,6416,945945,25600,957844,2.549019,945945,10.24796411,953422,10116.566234,4.022507080
960960,975974,13PR32,963349,6532,960960,26046,968299,2.573348,960960,10.28708484,968438,10258.423843,4.024791503
975975,990989,13PR65D2,979592,6628,975975,26492,990586,2.569172,975975,10.32547689,983453,10395.293906,4.025199742
990990,1006004,13PR33,993451,6692,990990,26788,1004449,2.563918,990990,10.30541948,998469,10532.089644,4.025666558
1006005,1021019,13PR67D2,1012663,6792,1009470,27816,1016921,2.561834,1009470,10.53313172,1013484,10672.828238,4.027719492
1021020,1036034,17PR2,1024141,6906,1021020,29390,1034134,2.571303,1021020,11.02138234,1028500,10800.071395,4.024783177
1036035,1051049,13PR69D2,1039972,6956,1036035,29060,1050706,2.556321,1036035,10.76237958,1043515,10931.679121,4.023622894
1051050,1066064,13PR35,1053142,7010,1051050,28124,1053142,2.560025,1051050,10.28826788,1058530,11058.475791,4.020837715
1066065,1081079,13PR71D2,1067611,7106,1066065,28854,1067611,2.564956,1066065,10.42796200,1073546,11193.622910,4.021203287
1081080,1096094,13PR36,1081357,7246,1081080,28908,1093418,2.575284,1081080,10.32313799,1088561,11332.122811,4.022840242
1096095,1111109,13PR73D2,1101119,7316,1096095,29534,1101119,2.571810,1096095,10.42288365,1103576,11464.291841,4.022306998
1111110,1126124,13PR37,1116337,7388,1119195,30596,1116337,2.566773,1111110,10.63423235,1118592,11601.962038,4.023773461
1126125,1141139,13PR75D2,1128184,7502,1138830,30646,1138519,2.571708,1138830,10.46679745,1133607,11737.444955,4.024537527
1141140,1156154,13PR38,1142678,7584,1141140,32144,1154584,2.576126,1141140,10.95938321,1148622,11865.105828,4.022717490
1156155,1171169,13PR77D2,1158461,7678,1156155,30610,1166306,2.582036,1156155,10.32016056,1163638,11995.225441,4.021827352
1171170,1186184,13PR39,1171721,7732,1171170,31016,1171721,2.577143,1171170,10.34206115,1178653,12120.390676,4.019397505
1186185,1201199,13PR79D2,1190542,7834,1186185,31656,1190542,2.575724,1186185,10.44087078,1193668,12254.947453,4.020168808
1201200,1216214,13PR40,1201553,7828,1201200,31682,1201553,2.553525,1201200,10.33738857,1208684,12388.311422,4.020609601
1216215,1231229,13PR81D2,1217017,8002,1217370,32152,1227416,2.574592,1217370,10.37118202,1223699,12521.607060,4.021088374
1231230,1246244,13PR41,1231478,8070,1231230,32898,1239109,2.571541,1231230,10.50932061,1238714,12653.743723,4.021249593
1246245,1261259,13PR83D2,1246537,8136,1246245,32990,1246537,2.571671,1246245,10.42975286,1253730,12793.260340,4.023799887
1261260,1276274,13PR42,1262906,8222,1272810,33536,1271308,2.567174,1272810,10.41230196,1268745,12926.517483,4.024417902
1276275,1291289,17PR5D2,1279129,8382,1276275,35652,1287808,2.580738,1276275,11.04350724,1283760,13066.256677,4.027074837
1291290,1306304,13PR43,1293184,8458,1291290,34246,1305097,2.580555,1291290,10.50208155,1298775,13198.368831,4.027417855
1306305,1321319,13PR87D2,1308529,8478,1306305,35000,1308529,2.570502,1306305,10.62738580,1313791,13322.653347,4.025451379
1321320,1336334,13PR44,1324058,8558,1322685,34880,1327552,2.567012,1322685,10.47831076,1328806,13450.480320,4.024632591
1336335,1351349,13PR89D2,1336696,8698,1336335,34900,1347289,2.580835,1336335,10.39234997,1343821,13589.699234,4.027267113
1351350,1366364,13PR45,1352977,8718,1354815,35820,1352977,2.568573,1354815,10.54130969,1358836,13721.014053,4.027588989
1366365,1381379,13PR91D2,1367291,8830,1366365,35516,1367291,2.578175,1366365,10.37596210,1373851,13846.554645,4.026276558
1381380,1396394,13PR46,1383548,8936,1381380,37420,1392068,2.581279,1381380,10.83011417,1388867,13974.437429,4.025719190
1396395,1411409,13PR93D2,1403569,9024,1396395,37032,1403569,2.576241,1396395,10.61880174,1403882,14104.046354,4.025713446
1411410,1426424,13PR47,1412296,9066,1411410,37330,1421554,2.574203,1411410,10.60638584,1418897,14229.751848,4.024658042
1426425,1441439,13PR95D2,1427329,9110,1426425,38644,1427329,2.563568,1426425,10.88040167,1433912,14363.896104,4.026031243
1441440,1456454,13PR48,1446013,9262,1452990,37564,1446013,2.577389,1452990,10.41000615,1448928,14493.688178,4.026227562
1456455,1471469,13PR97D2,1460213,9362,1456455,37688,1460213,2.583438,1456455,10.42302775,1463943,14619.365834,4.025331189
1471470,1486484,13PR49,1485139,9448,1471470,37540,1485139,2.569529,1471470,10.29100886,1478958,14743.232101,4.024002748
1486485,1501499,13PR99D2,1488233,9504,1492260,39358,1498438,2.572049,1492260,10.66009978,1493973,14877.360373,4.025517063
1501500,1516514,13PR50,1503053,9602,1514205,39050,1508933,2.579741,1514205,10.44481923,1508988,15009.896104,4.026623229
1516515,1531529,13PR101D2,1522463,9736,1516515,38902,1525204,2.588498,1516515,10.39160965,1524004,15139.701898,4.027036835
1531530,1546544,17PR3,1538384,9748,1531530,41194,1538384,2.572062,1531530,10.91105796,1539019,15261.778621,4.025439396
1546545,1561559,13PR103D2,1552613,9862,1546545,39750,1552613,2.581629,1546545,10.44066288,1554034,15383.145388,4.023726303
1561560,1576574,13PR52,1564373,9932,1561560,39540,1568978,2.579733,1561560,10.29958853,1569049,15505.950183,4.022457197
1576575,1591589,13PR105D2,1576774,9982,1576575,40024,1588283,2.576881,1576575,10.34024085,1584064,15633.275258,4.022411570
1591590,1606604,13PR53,1593329,10136,1591590,41042,1600058,2.588112,1591590,10.51716217,1599079,15760.035165,4.022261744
1606605,1621619,13PR107D2,1611293,10186,1606605,40860,1611293,2.582728,1606605,10.38632035,1614095,15885.872527,4.021918847
1621620,1636634,13PR54,1625321,10238,1621620,40756,1625321,2.576631,1621620,10.27732084,1629110,16011.649684,4.021606012
1636635,1651649,13PR109D2,1647964,10332,1636635,41752,1647964,2.569523,1636635,10.44534654,1644125,16140.021978,4.021984051
1651650,1666664,13PR55,1658869,10444,1651650,41498,1658869,2.582682,1651650,10.30055206,1659140,16259.508758,4.020192534
1666665,1681679,13PR111D2,1666909,10538,1666665,43228,1668971,2.593334,1666665,10.64675595,1674155,16388.443290,4.020783708
1681680,1696694,13PR56,1685914,10584,1681680,42246,1693639,2.579746,1681680,10.32490434,1689170,16520.013853,4.022043934
1696695,1711709,13PR113D2,1708321,10680,1708245,43368,1708321,2.575121,1708245,10.45712809,1704185,16643.697769,4.021412794
1711710,1726724,13PR57,1713886,10796,1711710,45248,1725814,2.588012,1711710,10.89142669,1719201,16775.950450,4.022880179
1726725,1741739,13PR115D2,1727272,10854,1726725,45436,1740821,2.579711,1726725,10.85478202,1734216,16900.074992,4.022428970
1741740,1756754,13PR58,1746859,10866,1741740,44894,1746859,2.570141,1741740,10.64565516,1749231,17024.498701,4.022082665
1756755,1771769,13PR117D2,1757194,10996,1763580,44420,1770016,2.583728,1763580,10.42086268,1764246,17150.965301,4.022253889
1771770,1786784,13PR59,1777753,11046,1771770,44772,1777753,2.573578,1771770,10.46162606,1779261,17278.659474,4.022743599
1786785,1801799,17PR7D2,1788806,11186,1786785,47494,1791778,2.589083,1786785,11.01732216,1794276,17403.606127,4.022617109
1801800,1816814,13PR60,1802266,11224,1806420,45704,1802266,2.584393,1806420,10.50277345,1809291,17536.476190,4.024345217
1816815,1831829,13PR121D2,1824668,11336,1826055,45822,1831436,2.577516,1826055,10.43231013,1824307,17652.892308,4.022329809
1831830,1846844,13PR61,1835741,11346,1831830,46112,1835741,2.571404,1831830,10.46981632,1839322,17777.905961,4.022316892
1846845,1861859,13PR123D2,1853806,11506,1846845,46976,1858867,2.583732,1846845,10.59126030,1854337,17898.765634,4.021400750
1861860,1876874,13PR62,1865356,11602,1865325,47834,1872751,2.587271,1865325,10.69260177,1869352,18026.248818,4.022001088
1876875,1891889,13PR125D2,1877164,11594,1887270,46444,1877164,2.577582,1887270,10.27779269,1884367,18162.226840,4.024507507
1891890,1906904,13PR63,1892416,11742,1891890,46822,1892416,2.592349,1891890,10.33963723,1899382,18294.009590,4.026082808
1906905,1921919,13PR127D2,1908661,11796,1909215,47360,1908661,2.585161,1906905,10.38043358,1914397,18416.086713,4.025542803
1921920,1936934,13PR64,1931242,11894,1921920,47160,1931242,2.580351,1921920,10.27390697,1929412,18535.536197,4.024467155
1936935,1951949,13PR129D2,1939141,11996,1936935,48520,1939141,2.593342,1936935,10.49953723,1944428,18658.248685,4.024135023
1951950,1966964,13PR65,1953379,12074,1951950,47918,1953379,2.593798,1951950,10.30047796,1959443,18782.645754,4.024194149
1966965,1981979,13PR131D2,1969936,12072,1966965,48936,1969936,2.574568,1966965,10.45006136,1974458,18907.531535,4.024382568
1981980,1996994,13PR66,1988632,12230,1981980,48692,1988632,2.587112,1981980,10.33001133,1989473,19033.213054,4.024762432
1996995,2012009,13PR133D2,1997902,12274,1996995,51734,1997902,2.586030,1996995,10.90419837,2004488,19158.686647,4.025118630
2012010,2027024,13PR67,2012212,12360,2018940,50092,2021137,2.583325,2012010,10.47254343,2019503,19272.841159,4.023132802
2027025,2042039,13PR135D2,2030653,12474,2040885,49880,2033041,2.591447,2027025,10.33487939,2034518,19391.835498,4.022198520
2042040,2057054,17PR4,2044111,12500,2042040,53378,2053553,2.579809,2042040,11.03638869,2049533,19511.537263,4.021445000
2057055,2072069,13PR137D2,2059984,12652,2057055,50542,2071096,2.585053,2057055,10.38421126,2064548,19641.833233,4.022896776
2072070,2087084,13PR69,2073361,12680,2072070,52924,2076304,2.586796,2072070,10.80561448,2079563,19767.767566,4.023463627
2087085,2102099,13PR139D2,2098952,12778,2087085,51408,2098952,2.580068,2087085,10.43093179,2094579,19890.058475,4.023311267
2102100,2117114,13PR70,2106019,12850,2102100,51002,2106019,2.587094,2102100,10.28475508,2109594,20018.507493,4.024419101
2117115,2132129,13PR141D2,2117629,12938,2117115,52362,2118514,2.592353,2117115,10.49437651,2124609,20146.840759,4.025512532
2132130,2147144,13PR71,2136091,13034,2132130,52496,2136091,2.592237,2132130,10.45727492,2139624,20280.085514,4.027591520
2147145,2162159,13PR143D2,2149759,13154,2147145,52126,2149759,2.601746,2147145,10.32089589,2154639,20406.346986,4.028287809
2162160,2177174,13PR72,2162449,13212,2162160,52276,2166772,2.597074,2162160,10.28854004,2169654,20526.267066,4.027752793
2177175,2192189,13PR145D2,2178409,13282,2177175,54482,2191216,2.591899,2177175,10.65886908,2184669,20651.743856,4.028329271
2192190,2207204,13PR73,2198473,13378,2204475,53888,2198473,2.595378,2192190,10.45346983,2199684,20769.422045,4.027406604
2207205,2222219,13PR147D2,2210389,13448,2207205,53298,2210389,2.596815,2207205,10.30468258,2214699,20887.944056,4.026677475
2222220,2237234,13PR74,2222702,13534,2222220,55264,2222702,2.600920,2222220,10.62244500,2229714,21003.685115,4.025443839
2237235,2252249,13PR149D2,2246323,13634,2238390,55924,2246323,2.596339,2238390,10.68224431,2244729,21121.256477,4.024592444
2252250,2267264,13PR75,2263843,13650,2258025,55898,2263843,2.582011,2258025,10.59708526,2259745,21248.191675,4.025546251
2267265,2282279,13PR151D2,2269093,13724,2277660,55538,2279476,2.588150,2277660,10.45042457,2274760,21372.327406,4.025978655
2282280,2297294,13PR76,2287294,13884,2282280,58298,2294377,2.602427,2282280,10.95059079,2289775,21501.664735,4.027400192
2297295,2312309,17PR9D2,2309311,13956,2297295,58860,2309311,2.594955,2297295,10.99373951,2304790,21624.808791,4.027673859
2312310,2327324,13PR77,2313184,13922,2312310,55634,2316212,2.583454,2312310,10.33290008,2319805,21732.162637,4.025037070
2327325,2342339,13PR155D2,2333168,14066,2327325,57582,2338396,2.592073,2327325,10.63509727,2334820,21840.039028,4.022541072
2342340,2357354,13PR78,2346754,14164,2342340,56122,2352563,2.595422,2342340,10.30803080,2349835,21957.152448,4.021784766
2357355,2372369,13PR157D2,2365508,14236,2357355,56840,2368486,2.590531,2357355,10.38245606,2364850,22064.708492,4.019313096
2372370,2387384,13PR79,2372509,14302,2372370,57448,2375998,2.595066,2372370,10.43612077,2379865,22184.092041,4.019027847
2387385,2402399,13PR159D2,2391856,14334,2387385,58014,2391856,2.585609,2387385,10.48166740,2394880,22303.074659,4.018690516
2402400,2417414,13PR80,2409742,14486,2415105,57678,2409742,2.596264,2415105,10.31755305,2409895,22439.732268,4.021540738
2417415,2432429,13PR161D2,2425117,14544,2417415,60698,2425117,2.592377,2417415,10.84881245,2424910,22567.905162,4.022869406
2432430,2447444,13PR81,2434183,14576,2434740,58768,2434183,2.589718,2434740,10.43924472,2439925,22677.056011,4.020823861
2447445,2462459,13PR163D2,2452288,14712,2447445,58530,2459998,2.595797,2447445,10.35032253,2454941,22804.442624,4.022032785
2462460,2477474,13PR82,2473948,14734,2462460,59800,2473948,2.581392,2462460,10.51916292,2469956,22932.993673,4.023449944
2477475,2492489,13PR165D2,2484971,14872,2477475,58854,2484971,2.595580,2477475,10.29851906,2484971,23061.201865,4.024808104
2492490,2507504,13PR83,2495473,14940,2492490,59980,2495473,2.597962,2492490,10.44088557,2499986,23180.867399,4.024686510
2507505,2522519,13PR167D2,2511253,15050,2507505,59688,2511253,2.602871,2507505,10.33626911,2515001,23291.841492,4.023080303
2522520,2537534,13PR84,2525273,15082,2523675,61292,2525273,2.595884,2523675,10.55523209,2530016,23408.882318,4.022547421
2537535,2552549,13PR169D2,2538412,15166,2545620,60872,2548498,2.597963,2545620,10.40474039,2545031,23530.368698,4.022794438
2552550,2567564,17PR5,2555363,15234,2552550,64448,2555363,2.595337,2552550,10.99012211,2560046,23656.136131,4.023784267
2567565,2582579,13PR171D2,2569481,15326,2567565,64404,2578036,2.596895,2567565,10.92708061,2575061,23772.649883,4.023212457
2582580,2597594,13PR86,2588452,15420,2582580,62530,2594246,2.593958,2582580,10.55578003,2590076,23891.565235,4.023063514
2597595,2612609,13PR173D2,2610973,15494,2611455,63696,2612419,2.590050,2611455,10.64974805,2605091,24014.976757,4.023685953
2612610,2627624,13PR87,2618864,15556,2612610,63814,2622619,2.592665,2612610,10.66539465,2620106,24137.405661,4.024151772
2627625,2642639,13PR175D2,2628709,15668,2627625,61858,2640928,2.597647,2627625,10.28738539,2635121,24260.927606,4.024809131
2642640,2657654,13PR88,2653489,15704,2645370,63584,2653489,2.589649,2645370,10.51306100,2650136,24372.035298,4.023424168
2657655,2672669,13PR177D2,2658287,15806,2657655,63854,2662903,2.599814,2657655,10.51549012,2665151,24487.099167,4.022716774
2672670,2687684,13PR89,2679179,15850,2672670,63760,2683354,2.590833,2672670,10.44897175,2680166,24605.663936,4.022602071
2687685,2702699,13PR179D2,2695961,15942,2687685,63606,2695961,2.593039,2687685,10.37335454,2695182,24734.842491,4.024227501
2702700,2717714,13PR90,2703373,16034,2709630,65032,2717602,2.598752,2709630,10.53157782,2710197,24856.082451,4.024568138
2717715,2732729,13PR181D2,2719121,16072,2717715,64220,2719121,2.594914,2717715,10.37331494,2725212,24977.700833,4.024978108
2732730,2747744,13PR91,2733686,16138,2732730,64260,2739127,2.593271,2732730,10.33041978,2740227,25096.930536,4.025014867
2747745,2762759,13PR183D2,2747873,16270,2747745,65548,2759311,2.597895,2747745,10.48765084,2755242,25205.432168,4.023352199
2762760,2777774,13PR92,2765821,16384,2762760,67596,2774917,2.605239,2762760,10.76445593,2770257,25323.316683,4.023205839
2777775,2792789,13PR185D2,2781718,16382,2777775,66702,2781718,2.593394,2777775,10.57239913,2785272,25446.431835,4.023903189
2792790,2807804,13PR93,2798351,16492,2792790,67600,2798351,2.597376,2792790,10.66486958,2800287,25563.206660,4.023608173
2807805,2822819,17PR11D2,2812492,16576,2807805,70218,2812492,2.599243,2807805,11.02662299,2815302,25685.747586,4.024231407
2822820,2837834,13PR94,2825503,16648,2822820,67330,2825503,2.600128,2822820,10.52442136,2830317,25801.504362,4.023802481
2837835,2852849,13PR189D2,2849842,16772,2847075,67410,2849842,2.600123,2847075,10.45920201,2845332,25924.936131,4.024582850
2852850,2867864,13PR95,2860577,16840,2852850,70558,2863901,2.601423,2852850,10.92845388,2860347,26032.833300,4.022966897
2867865,2882879,13PR191D2,2873672,16872,2867865,67170,2873672,2.596843,2867865,10.35654496,2875362,26146.155045,4.022210890
2882880,2897894,13PR96,2882897,16976,2882880,66770,2895122,2.601897,2882880,10.24844324,2890377,26262.683716,4.021964876
2897895,2912909,13PR193D2,2904764,16996,2905980,67794,2904764,2.591674,2897895,10.35588006,2905392,26374.930003,4.021080406
2912910,2927924,13PR97,2913497,17118,2912910,68090,2919424,2.602268,2912910,10.35772281,2920407,26493.871062,4.021230401
2927925,2942939,13PR195D2,2936938,17132,2927925,68092,2936938,2.587620,2927925,10.31203266,2935422,26605.992541,4.020360575
2942940,2957954,13PR98,2949664,17280,2942940,68194,2949664,2.600223,2942940,10.28184570,2950437,26732.373626,4.021654392
2957955,2972969,13PR197D2,2960456,17352,2957955,69076,2970467,2.599407,2957955,10.36904610,2965452,26857.858009,4.022814467
2972970,2987984,13PR99,2973379,17400,2984520,71382,2980234,2.595608,2984520,10.63257123,2980468,26978.583417,4.023265862
2987985,3002999,13PR199D2,2997242,17512,2987985,69676,2997242,2.598877,2987985,10.36803900,2995483,27098.228571,4.023562616
3003000,3018014,13PR100,3004042,17494,3003000,69462,3004042,2.591117,3003000,10.29142676,3010498,27210.207259,4.022736075
3018015,3033029,13PR201D2,3021439,17590,3028410,71360,3021439,2.592341,3028410,10.49577122,3025513,27317.437096,4.021226614
3033030,3048044,13PR101,3033533,17710,3043425,71236,3040787,2.595932,3043425,10.43275625,3040528,27438.634832,4.021787518
3048045,3063059,13PR203D2,3051956,17852,3048045,72686,3053924,2.607868,3048045,10.63113876,3055543,27557.329737,4.021989996
3063060,3078074,17PR6,3066709,17812,3063060,75364,3066709,2.591466,3063060,10.97601074,3070558,27681.375957,4.022978861
3078075,3093089,13PR205D2,3092806,17982,3078075,73134,3092806,2.597068,3078075,10.60622176,3085573,27800.178089,4.023209995
3093090,3108104,13PR103,3097324,18076,3093090,72110,3107012,2.604617,3093090,10.41372828,3100588,27913.375025,4.022642843
3108105,3123119,13PR207D2,3115766,18120,3108105,75154,3115766,2.600286,3108105,10.80789882,3115603,28027.722411,4.022253902
3123120,3138134,13PR104,3127703,18196,3123120,71560,3127703,2.602558,3123120,10.24817032,3130618,28153.254212,4.023477576
3138135,3153149,13PR209D2,3144191,18302,3138135,76546,3144191,2.605823,3138135,10.91677153,3145633,28269.162171,4.023331036
3153150,3168164,13PR105,3155248,18352,3161235,74534,3159916,2.603373,3161235,10.56250026,3160648,28390.610057,4.023980731
3168165,3183179,13PR211D2,3177964,18442,3168165,73340,3177964,2.601562,3168165,10.37359468,3175663,28505.006860,4.023639305
3183180,3198194,13PR106,3192643,18522,3183180,74736,3192643,2.602437,3183180,10.52783316,3190678,28620.748718,4.023499978
3198195,3213209,13PR213D2,3201973,18542,3198195,74936,3201973,2.598668,3198195,10.51305617,3205693,28735.899034,4.023287949
3213210,3228224,13PR107,3215546,18622,3220140,74242,3226558,2.596537,3213210,10.37266404,3220708,28850.565435,4.023018981
3228225,3243239,13PR215D2,3232981,18752,3228225,75554,3235957,2.604722,3228225,10.51426418,3235723,28969.903696,4.023411058
3243240,3258254,13PR108,3245252,18832,3247860,74558,3245252,2.608783,3247860,10.32127599,3250738,29088.343390,4.023684769
3258255,3273269,13PR217D2,3260314,18878,3258255,77022,3260314,2.604682,3258255,10.63289176,3265753,29210.182884,4.024433214
3273270,3288284,13PR109,3275093,18960,3273270,75792,3275093,2.605763,3273270,10.42147829,3280768,29329.401132,4.024825546
3288285,3303299,13PR219D2,3290396,18998,3288285,76428,3290396,2.600457,3288285,10.46733007,3295783,29448.173427,4.025163069
3303300,3318314,13PR110,3303439,19136,3303300,75486,3317926,2.603487,3303300,10.29757122,3310798,29567.454146,4.025576041
3318315,3333329,17PR13D2,3322247,19210,3318315,81048,3326234,2.605172,3318315,11.01294885,3325814,29691.460406,4.026634724
3333330,3348344,13PR111,3341761,19282,3333330,77950,3341761,2.604131,3333330,10.55061401,3340829,29801.779421,4.025845705
3348345,3363359,13PR223D2,3354079,19292,3357585,79524,3354079,2.597185,3357585,10.69622273,3355844,29914.254013,4.025361133
3363360,3378374,13PR112,3364727,19342,3377220,77070,3364727,2.596771,3377220,10.31388045,3370859,30028.673060,4.025149151
3378375,3393389,13PR225D2,3380669,19488,3378375,77214,3380669,2.605672,3378375,10.33009151,3385874,30147.289244,4.025508021
3393390,3408404,13PR113,3395806,19596,3393390,78380,3395806,2.609983,3393390,10.44584354,3400889,30260.054745,4.025094889
3408405,3423419,13PR227D2,3411274,19626,3416490,78598,3411274,2.603699,3416490,10.41346259,3415904,30374.327140,4.024891933
3423420,3438434,13PR114,3425579,19758,3423420,82228,3434458,2.611137,3423420,10.87527753,3430919,30493.373959,4.025329574
3438435,3453449,13PR229D2,3439621,19830,3438435,78926,3439621,2.611954,3438435,10.39902949,3445934,30608.503363,4.025256631
3453450,3468464,13PR115,3454889,19848,3453450,82014,3464267,2.603425,3453450,10.76513947,3460949,30718.898435,4.024572236
3468465,3483479,13PR231D2,3468611,19950,3468465,78366,3479059,2.604518,3468465,10.24768094,3475964,30841.420446,4.025483918
3483480,3498494,13PR116,3484846,20076,3483480,82156,3489916,2.613878,3483480,10.70311486,3490979,30959.029770,4.025757584
3498495,3513509,13PR233D2,3500176,20128,3498495,79752,3502439,2.610699,3498495,10.35124632,3505994,31074.747652,4.025792507
3513510,3528524,13PR117,3515401,20210,3527160,81496,3515401,2.612171,3527160,10.50300547,3521009,31191.435098,4.025959630
3528525,3543539,13PR235D2,3533066,20258,3528525,81862,3539002,2.606307,3528525,10.54663767,3536024,31311.617982,4.026583556
3543540,3558554,13PR118,3553097,20350,3543540,81680,3553097,2.606045,3543540,10.48450052,3551039,31424.658808,4.026294796
3558555,3573569,13PR237D2,3561149,20366,3558555,81872,3561149,2.602978,3558555,10.47067543,3566054,31539.647419,4.026264792
3573570,3588584,17PR7,3576721,20500,3573570,86698,3576721,2.610207,3573570,11.04745022,3581069,31652.705028,4.025996639
3588585,3603599,13PR239D2,3591949,20582,3588585,81552,3591949,2.611007,3588585,10.35399839,3596084,31769.660206,4.026232476
3603600,3618614,13PR120,3616831,20644,3612840,83586,3616831,2.603235,3612840,10.55040123,3611099,31881.440693,4.025819532
3618615,3633629,13PR241D2,3623068,20710,3632475,82226,3633412,2.606239,3618615,10.34722822,3626114,31994.948385,4.025635009
3633630,3648644,13PR121,3637672,20800,3633630,81918,3644584,2.609578,3633630,10.28851749,3641129,32115.062537,4.026287070
3648645,3663659,13PR243D2,3658834,20878,3652110,83336,3658834,2.606500,3652110,10.42064524,3656144,32221.330403,4.025212531
3663660,3678674,13PR122,3667537,20924,3663660,83984,3675767,2.603042,3663660,10.47294166,3671159,32334.717949,4.025038098
3678675,3693689,13PR245D2,3682709,21000,3691380,82914,3682709,2.606978,3678675,10.29493285,3686174,32448.059274,4.024867300
3693690,3708704,13PR123,3704819,21028,3693690,85510,3704819,2.596930,3693690,10.58797159,3701189,32558.175558,4.024305837
3708705,3723719,13PR247D2,3709561,21130,3708705,88364,3722221,2.602626,3708705,10.90291140,3716204,32669.200932,4.023866840
3723720,3738734,13PR124,3730109,21252,3723720,87012,3735406,2.608630,3723720,10.69851262,3731219,32779.169497,4.023308752
3738735,3753749,13PR249D2,3744226,21264,3738735,85456,3753443,2.600434,3738735,10.47056816,3746234,32891.605328,4.023062701
3753750,3768764,13PR125,3760034,21272,3753750,84844,3760034,2.593551,3753750,10.35948210,3761250,33003.431369,4.022751086
3768765,3783779,13PR251D2,3774767,21460,3768765,85112,3783313,2.604192,3768765,10.35626435,3776265,33110.923210,4.021921762
3783780,3798794,13PR126,3797879,21498,3783780,85002,3797879,2.598422,3783780,10.30724480,3791280,33221.004329,4.021418099
3798795,3813809,13PR253D2,3801443,21580,3798795,89098,3801443,2.606210,3798795,10.76684901,3806295,33347.591608,4.022916147
3813810,3828824,13PR127,3818569,21736,3813810,86346,3822034,2.613491,3813810,10.39862013,3821310,33463.442158,4.023120153
3828825,3843839,17PR15D2,3834151,21676,3828825,91428,3834151,2.598408,3828825,10.97315576,3836325,33571.186147,4.022357090
3843840,3858854,13PR128,3844187,21808,3843840,86450,3853924,2.606403,3843840,10.34050310,3851340,33679.740393,4.021703285
3858855,3873869,13PR257D2,3858931,21790,3858855,86330,3858931,2.597507,3858855,10.29126309,3866355,33786.770563,4.020878111
3873870,3888884,13PR129,3883478,21886,3873870,88820,3883478,2.594628,3873870,10.55245243,3881370,33903.507026,4.021217126
3888885,3903899,13PR259D2,3891541,22024,3888885,88852,3891541,2.606291,3888885,10.52086308,3896385,34011.670330,4.020545431
3903900,3918914,13PR130,3912628,22092,3903900,87358,3912628,2.602100,3903900,10.30940760,3911400,34125.126074,4.020509227
3918915,3933929,13PR261D2,3927556,22150,3918915,90814,3927556,2.600320,3918915,10.68160331,3926415,34246.242557,4.021378411
3933930,3948944,13PR131,3936293,22188,3933930,88736,3936293,2.599760,3933930,10.40258705,3941430,34373.558442,4.022973597
3948945,3963959,13PR263D2,3951764,22354,3948945,88378,3961283,2.606488,3948945,10.32640634,3956445,34497.220380,4.024138896
3963960,3978974,13PR132,3964463,22408,3968055,90202,3974746,2.609044,3968055,10.49543961,3971460,34606.700233,4.023653427
3978975,3993989,13PR265D2,3986531,22532,3978975,90406,3992123,2.608902,3978975,10.49410214,3986475,34715.890376,4.023143571
3993990,4009004,13PR133,3996758,22538,3993990,94150,3996758,2.606043,3993990,10.89300591,4001490,34824.745788,4.022604117
4009005,4024019,13PR267D2,4015034,22544,4009005,90308,4015034,2.596429,4009005,10.41450221,4016505,34942.065668,4.023048883
4024020,4039034,13PR134,4034477,22758,4037880,91582,4034477,2.610102,4037880,10.49579641,4031520,35046.939594,4.022068500
4039035,4054049,13PR269D2,4041242,22790,4039035,90076,4047991,2.608708,4039035,10.32063922,4046535,35158.204329,4.021831044
4054050,4069064,13PR135,4060838,22844,4064445,92644,4060838,2.605187,4064445,10.55721084,4061550,35268.731269,4.021517114
4069065,4084079,13PR271D2,4069376,22904,4081770,90932,4069376,2.607269,4069065,10.35030705,4076565,35384.400266,4.021795132
4084080,4099094,17PR8,4087942,22994,4084080,96428,4087942,2.607185,4084080,10.94251090,4091580,35496.819447,4.021709117
4099095,4114109,13PR273D2,4099112,23084,4103715,94364,4099112,2.611193,4103715,10.66377437,4106595,35615.693773,4.022358141
4114110,4129124,13PR137,4115572,23088,4114110,92194,4115572,2.602570,4114110,10.39567622,4121610,35726.860073,4.022141590
4129125,4144139,13PR275D2,4131313,23148,4129125,91766,4131313,2.600695,4129125,10.31472381,4136625,35837.305361,4.021850158
4144140,4159154,13PR138,4154263,23310,4144140,96308,4154263,2.606322,4144140,10.79117189,4151640,35947.870529,4.021579950
4159155,4174169,13PR277D2,4161457,23352,4159155,92398,4161457,2.607097,4159155,10.32058642,4166655,36061.476124,4.021655998
4174170,4189184,13PR139,4178182,23446,4174170,93244,4186967,2.607727,4174170,10.38252337,4181670,36177.497303,4.022005792
4189185,4204199,13PR279D2,4197376,23402,4189185,96260,4197376,2.593242,4189185,10.68496585,4196685,36302.473793,4.023350912
4204200,4219214,13PR140,4208627,23644,4204200,93160,4208627,2.613973,4204200,10.30876436,4211700,36416.726873,4.023509256
4219215,4234229,13PR281D2,4222718,23650,4221525,93622,4222718,2.607053,4219215,10.32718690,4226715,36530.492174,4.023617649
4234230,4249244,13PR141,4237082,23752,4234230,95924,4242659,2.608260,4234230,10.54917717,4241730,36638.720879,4.023122790
4249245,4264259,13PR283D2,4254164,23806,4260795,95314,4254164,2.607386,4260795,10.42528304,4256745,36742.504829,4.022150162
4264260,4279274,13PR142,4270639,23852,4264260,95500,4270639,2.603665,4264260,10.43824882,4271760,36852.409457,4.021855956
4279275,4294289,13PR285D2,4280083,23930,4279275,100412,4280083,2.607170,4279275,10.94166570,4286775,36961.868132,4.021520777
4294290,4309304,13PR143,4298422,24040,4294290,94824,4298422,2.609440,4294290,10.30134765,4301790,37071.234898,4.021182097
4309305,4324319,13PR287D2,4315589,24148,4309305,97566,4323628,2.609173,4309305,10.56712859,4316805,37180.600999,4.020851456
4324320,4339334,13PR144,4325491,24196,4324320,95068,4333132,2.610882,4324320,10.26549522,4331820,37292.052481,4.020751812
4339335,4354349,17PR17D2,4342687,24232,4339335,101888,4342687,2.606964,4339335,10.96883103,4346836,37407.532201,4.021091658
4354350,4369364,13PR145,4354381,24358,4354350,99660,4354381,2.614402,4354350,10.69680869,4361851,37519.093839,4.021014181
4369365,4384379,13PR291D2,4372499,24328,4369365,96868,4372499,2.601775,4369365,10.36607529,4376866,37633.430969,4.021238895
4384380,4399394,13PR146,4385287,24456,4384380,98018,4392541,2.607219,4384380,10.45790658,4391881,37750.374958,4.021744801
4399395,4414409,13PR293D2,4400353,24486,4408950,98794,4400353,2.604258,4408950,10.48962189,4406896,37871.733067,4.022721394
4414410,4429424,13PR147,4416868,24556,4414410,97246,4416868,2.603212,4414410,10.31415798,4421911,37977.449084,4.022041120
4429425,4444439,13PR295D2,4431307,24718,4429425,98974,4441462,2.609455,4429425,10.46649597,4436926,38090.867932,4.022182729
4444440,4459454,13PR148,4447771,24768,4444440,100404,4447771,2.609820,4444440,10.58652575,4451941,38200.354446,4.021914345
4459455,4474469,13PR297D2,4464007,24816,4459455,97838,4469884,2.605726,4459455,10.28576806,4466956,38308.824509,4.021545179
4474470,4489484,13PR149,4475881,24832,4476780,101694,4475881,2.602272,4476780,10.65516977,4481971,38428.297036,4.022334861
4489485,4504499,13PR299D2,4499059,25040,4489485,103410,4499059,2.612312,4489485,10.80830584,4496986,38544.021046,4.022733610
4504500,4519514,13PR150,4512502,25038,4516050,101732,4512502,2.605336,4516050,10.57851838,4512001,38656.956777,4.022844930
4519515,4534529,13PR301D2,4520101,25120,4519515,101288,4520101,2.610048,4519515,10.52533041,4527016,38760.595405,4.021995027
4534530,4549544,13PR151,4540321,25218,4542615,101328,4540321,2.610081,4542615,10.48291438,4542031,38868.335798,4.021579018
4549545,4564559,13PR303D2,4562161,25266,4555320,101132,4562161,2.604160,4555320,10.43725636,4557046,38980.466334,4.021623006
4564560,4579574,13PR152,4568336,25406,4564560,105830,4568336,2.615511,4564560,10.90288200,4572061,39102.804928,4.022721252
4579575,4594589,13PR305D2,4586221,25442,4579575,102182,4593406,2.608216,4579575,10.49703780,4587076,39219.995738,4.023290282
4594590,4609604,17PR9,4602932,25540,4594590,107514,4602932,2.612112,4594590,11.01339102,4602091,39331.055211,4.023233351
4609605,4624619,13PR307D2,4617244,25648,4614225,101192,4621748,2.615499,4614225,10.32741737,4617106,39441.701232,4.023138639
4624620,4639634,13PR154,4626646,25710,4624620,101254,4638149,2.615785,4624620,10.31353930,4632121,39561.569897,4.023986672
4639635,4654649,13PR309D2,4642907,25616,4639635,102248,4642907,2.600257,4639635,10.38546941,4647136,39680.186747,4.024708101
4654650,4669664,13PR155,4657141,25676,4654650,105490,4657141,2.599418,4654650,10.68469431,4662151,39789.706027,4.024509562
4669665,4684679,13PR311D2,4674077,25868,4669665,102346,4674077,2.610601,4669665,10.33725577,4677166,39899.347985,4.024328656
4684680,4699694,13PR156,4687861,25908,4684680,102494,4687861,2.607950,4684680,10.32333667,4692181,40020.863004,4.025347055
4699695,4714709,13PR313D2,4705297,26022,4699695,102698,4710718,2.609368,4699695,10.31513516,4707196,40138.173027,4.025943411
4714710,4729724,13PR157,4729297,26098,4714710,103864,4729297,2.607043,4714710,10.40334266,4722211,40244.888711,4.025480148
4729725,4744739,13PR315D2,4734448,26170,4729725,103258,4734448,2.611760,4729725,10.31407935,4737226,40359.678988,4.025829173
4744740,4759754,13PR158,4749676,26224,4744740,104688,4749676,2.609849,4744740,10.42812311,4752241,40468.674525,4.025604496
4759755,4774769,13PR317D2,4759882,26324,4762065,104114,4765841,2.612665,4762065,10.33811798,4767256,40575.042424,4.025124212
4774770,4789784,13PR159,4785362,26422,4774770,105832,4785362,2.612487,4774770,10.48437688,4782271,40681.760773,4.024685547
4789785,4804799,13PR319D2,4792159,26212,4789785,108192,4792159,2.588525,4789785,10.68893925,4797286,40791.021911,4.024504094
4804800,4819814,13PR160,4818013,26546,4804800,104908,4818013,2.609266,4804800,10.33630704,4812301,40903.240892,4.024618876
4819815,4834829,13PR321D2,4824811,26498,4819815,105306,4824811,2.601355,4819815,10.34739624,4827316,41015.197469,4.024711348
4834830,4849844,13PR161,4837909,26606,4834830,110354,4837909,2.605804,4834830,10.81410703,4842331,41126.196337,4.024713835
4849845,5105099,19PRD2,4854547,26762,4849845,118980,4918721,2.600756,4849845,11.62799825,4975835,42119.423949,4.024411754
5105100,5360354,17PR10,5105552,27934,5135130,117466,5167067,2.597599,5105100,10.97303266,5231170,43985.739351,4.023686727
5360355,5615609,17PR21D2,5365252,29226,5525520,123730,5572393,2.607352,5360355,10.99622825,5486498,45840.519833,4.022964162
5615610,5870864,17PR11,5632078,30372,5705700,128356,5638274,2.605302,5615610,11.01714111,5741819,47693.788361,4.023037671
5870865,6126119,17PR23D2,5878723,31520,5870865,139510,5878723,2.605254,5870865,11.54450968,5997134,49544.245840,4.023694375
6126120,6381374,17PR12,6134516,32760,6276270,139620,6175451,2.603294,6126120,10.95829981,6252445,51375.976102,4.023550826
6381375,6636629,17PR25D2,6389524,34014,6561555,152194,6634582,2.604438,6561555,11.42982677,6507751,53184.547241,4.022334722
6636630,6891884,17PR13,6670333,35188,6846840,150564,6670333,2.604986,6636630,10.98066604,6763053,54982.861907,4.021064077
6891885,7147139,17PR27D2,6924206,36434,7132125,156266,6924206,2.610703,6891885,10.95984173,7018352,56809.652638,4.022449893
7147140,7402394,17PR14,7152863,37658,7147140,157576,7376626,2.610535,7147140,10.98307933,7273647,58624.778484,4.023505405
7402395,7657649,17PR29D2,7415123,38812,7402395,168962,7515967,2.611962,7402395,11.42121537,7528940,60410.076316,4.022992598
7657650,7912904,17PR15,7662268,39896,7657650,167464,7808617,2.611891,7657650,10.98958001,7784231,62198.203843,4.023149444
7912905,8168159,17PR31D2,7917194,41124,7912905,177818,8143934,2.607556,7912905,11.33939488,8039519,63982.127950,4.023468173
8168160,8423414,17PR16,8172473,42320,8273265,184600,8377064,2.615094,8273265,11.32235425,8294805,65759.060986,4.023739626
8423415,8678669,17PR33D2,8426206,43384,8580495,188356,8527412,2.609130,8580495,11.19012985,8550090,67533.693718,4.024239679
8678670,8933924,17PR17,8679646,44510,8843835,195128,8870593,2.615707,8843835,11.28989879,8805372,69278.150712,4.023322672
8933925,9189179,17PR35D2,8945779,45768,9129120,193866,9121549,2.613892,8933925,10.95727078,9060653,71012.869758,4.022226405
9189180,9444434,17PR18,9198368,46820,9414405,199054,9307022,2.615493,9189180,10.99290802,9315933,72770.960459,4.022797450
9444435,9699689,17PR37D2,9448771,48002,9444435,207180,9601418,2.616651,9444435,11.31732022,9571211,74514.141270,4.022828740
