DECADE,n_0,C_min,Npred_0,Cpred_min,n_1,C_max,Npred_1,Cpred_max,n_geom,C_avg,Cpred_avg
4,4,1.921812,4,2.87013700,4,1.921812,4,2.87013699,4,1.921812,2.87013699
5,5,2.590290,5,4.26609300,5,2.590290,5,4.26609329,5,2.590290,4.26609329
6,6,2.140268,6,6.21887500,6,2.140268,6,6.21887455,6,2.140268,6.21887455
7,7,0.000000,7,3.39303600,7,0.000000,7,3.39303648,7,0.000000,3.39303648
8,8,2.162039,8,2.81463800,8,2.162039,8,2.81463781,8,2.162039,2.81463780
9,9,4.827796,9,5.82036700,9,4.827796,9,5.82036707,9,4.827796,5.82036707
10,10,2.120759,10,3.85537200,10,2.120759,10,3.85537204,10,2.120759,3.85537204
11,11,0.000000,11,3.09746800,11,0.000000,11,3.09746822,11,0.000000,3.09746822
12,12,4.116507,12,5.56593700,12,4.116507,12,5.56593708,12,4.116507,5.56593708
13,13,2.192988,13,3.09023800,13,2.192988,13,3.09023772,13,2.192988,3.09023772
14,14,1.989892,14,3.39054100,14,1.989892,14,3.39054128,14,1.989892,3.39054128
(5#)/2,19,0.000000,16,2.76514200,21,5.561470,15,7.37996871,21,2.633998,4.13492530
(5#),43,0.000000,32,2.73462400,30,6.169677,30,7.34072410,36,2.876782,4.15727910
(5#)3/2,59,1.146642,59,2.76459700,45,6.586672,45,7.28666194,52,3.324713,4.05651799
(5#)2,64,1.081019,64,2.71538500,60,6.705463,60,7.24494775,67,3.469063,4.09451391
(5#)5/2,79,0.979081,89,2.74316900,75,7.053239,75,7.23135463,82,3.512849,4.10174810
(5#)3,97,0.871999,103,2.73265700,90,5.399543,90,7.23185422,97,3.245242,4.07170108
(7#)/2,113,1.596300,113,2.73130500,105,8.330518,105,8.66686583,112,3.577188,4.15012938
(5#)4,128,2.207081,128,2.70246600,120,6.876023,120,7.20928755,127,3.760342,4.07911963
(5#)9/2,146,1.360895,149,2.72030400,135,6.464343,135,7.20410054,142,3.435240,4.06265594
(5#)5,157,1.311058,163,2.71559900,150,5.356046,150,7.20511157,157,3.400776,4.04097085
(5#)11/2,178,1.810172,179,2.71281900,165,7.630443,165,8.00082618,172,3.595329,4.11560196
(5#)6,181,1.801625,193,2.71205400,189,7.015126,180,7.19355883,187,3.875746,4.05333677
(5#)13/2,199,1.132084,199,2.70990500,195,7.452759,195,7.84428932,202,3.549984,4.10600660
(7#),223,1.053604,223,2.70701900,210,8.169017,210,8.62979456,217,3.643744,4.10096787
(5#)15/2,236,1.517972,239,2.70537700,225,6.285888,231,7.18508610,232,3.386986,4.09183067
(5#)8,241,1.504150,251,2.70426500,252,6.794352,240,7.18404410,247,3.644143,4.05370703
(5#)17/2,262,2.366905,256,2.69327500,255,7.253292,255,7.66085308,262,3.641143,4.05274239
(5#)9,283,1.808288,283,2.70169900,270,6.964962,270,7.18281338,277,3.604857,4.07307828
(5#)19/2,292,2.207228,293,2.70179000,294,6.152967,285,7.60337193,292,3.835434,4.11158878
(5#)10,313,1.693274,313,2.70043700,300,6.940402,300,7.17743292,307,3.852221,4.01919122
(7#)3/2,316,2.096745,317,2.70018400,315,8.431106,315,8.61115415,322,3.848927,4.10513781
(5#)11,337,1.613017,337,2.69899700,330,7.744970,330,7.97401946,337,3.814751,4.09403521
(5#)23/2,349,1.970222,359,2.69720200,345,7.941165,345,7.51690411,352,3.812565,4.07838372
(5#)12,362,1.917761,373,2.69713500,360,6.159328,360,7.17246315,367,3.603982,4.05244315
(5#)25/2,379,1.492247,389,2.69640200,375,6.011286,375,7.17131417,382,3.609332,4.03511805
(5#)13,391,1.826947,401,2.69588400,390,6.571367,390,7.82387510,397,3.493630,4.10093745
(5#)27/2,412,2.111809,419,2.69464000,405,6.067260,405,7.17078622,412,3.760777,4.03838097
(7#)2,433,1.364958,433,2.69462200,420,7.991882,420,8.60223889,427,3.810424,4.11955932
(5#)29/2,439,2.366648,449,2.69404800,435,7.484021,435,7.43306573,442,4.104867,4.04809123
(5#)15,463,1.956971,463,2.69311600,462,7.496438,462,7.16743359,457,3.989478,4.11083597
(5#)31/2,466,1.944258,479,2.69261900,465,7.479882,465,7.41434850,472,3.818292,4.02358945
(5#)16,481,1.907067,491,2.69226400,483,6.655973,480,7.16531086,487,3.612001,4.06818712
(5#)33/2,496,1.863948,509,2.69216300,495,7.792821,495,7.96058969,502,3.868767,4.06555805
(5#)17,524,2.394277,512,2.68642900,510,7.011460,510,7.64264747,517,3.912217,4.03012858
(7#)5/2,526,2.089567,538,2.69644800,525,7.786138,525,8.59706998,532,3.817657,4.13550700
(5#)18,548,2.031998,547,2.69077500,540,7.037128,540,7.16260023,547,3.840468,4.05584231
(5#)37/2,569,1.983900,569,2.69061100,555,6.919167,555,7.36656045,562,3.620023,4.06907089
(5#)19,577,2.245675,577,2.69042400,570,7.912132,570,7.58365556,577,3.703510,4.03221845
(5#)39/2,599,2.188595,599,2.68959600,585,7.507745,585,7.81275465,592,3.860058,4.09891719
(5#)20,601,1.910627,613,2.68963100,609,7.032215,600,7.16027293,607,3.829508,4.04457759
(5#)41/2,617,1.876316,619,2.68918500,615,7.253455,615,7.34327566,622,3.819727,4.07386159
(7#)3,631,2.111378,643,2.68871800,630,7.913772,630,8.59207809,637,3.791617,4.06559571
(5#)43/2,649,2.329513,659,2.68842300,645,6.238688,645,7.33412050,652,3.782370,4.04144972
(5#)22,661,1.788981,673,2.68846400,660,7.918936,660,7.95360276,667,3.875934,4.12446582
(5#)45/2,677,2.010889,683,2.68800000,675,7.304469,675,7.15773218,682,3.849407,4.00473416
(5#)23,697,2.216917,701,2.68797500,693,7.172064,690,7.49893355,697,3.939480,4.11156809
(5#)47/2,706,1.706515,719,2.68740700,714,7.256555,705,7.31662958,712,3.962780,4.05169749
(5#)24,734,2.135493,733,2.68745200,720,6.733463,720,7.15644784,727,3.841887,3.99845428
(7#)7/2,743,2.355865,743,2.68703700,735,8.545496,735,8.58719170,742,4.196813,4.14547208
(5#)25,751,2.338294,761,2.68702400,750,7.245794,750,7.15630777,757,3.951471,4.03414473
(5#)51/2,766,2.072834,773,2.68684800,765,7.155636,765,7.63291811,772,3.867464,4.06877276
(5#)26,788,1.806384,787,2.68640500,780,7.049908,780,7.80528485,787,3.860158,4.05935529
(5#)53/2,802,1.784236,809,2.68634400,795,6.515906,795,7.29471835,802,3.869580,4.05983663
(5#)27,821,1.976976,823,2.68592800,810,6.644484,810,7.15472752,817,3.804628,4.04902295
(5#)55/2,839,2.379710,839,2.68572600,825,7.662005,825,7.94924953,832,3.989217,4.04439974
(7#)4,841,2.159749,853,2.68577500,840,8.204146,840,8.58407866,847,3.938706,4.08818560
(5#)57/2,859,1.914982,863,2.68543400,855,7.471700,855,7.57379415,862,3.918843,4.10148657
(5#)29,883,2.295458,883,2.68520000,870,7.793391,870,7.41823750,877,4.052501,4.05914853
(5#)59/2,886,2.287381,887,2.68515400,885,7.917102,885,7.27842450,892,3.949773,4.03325537
(5#)30,904,2.050129,911,2.68488600,900,6.786644,900,7.15208551,907,3.780001,4.06453694
(5#)61/2,919,1.825774,929,2.68489100,915,6.918699,915,7.27296264,922,3.763695,4.05357131
(5#)31,943,1.991920,941,2.68476200,930,6.631190,930,7.39862282,937,3.707657,4.02275343
(7#)9/2,958,2.164457,953,2.68463500,945,7.557932,945,8.58200080,952,3.745684,4.12436242
(5#)32,967,1.761041,971,2.68426000,960,7.073216,960,7.15088425,967,3.873249,4.04574787
(5#)65/2,982,1.933461,983,2.68414200,975,7.586652,975,7.80062493,982,3.779940,4.08755016
(5#)33,997,2.106150,997,2.68419000,990,7.497192,990,7.94534790,997,3.802746,4.02873027
(5#)67/2,1009,1.898450,1019,2.68380100,1005,6.853771,1005,7.26051298,1012,3.775322,4.03578870
(5#)34,1024,2.252124,1024,2.68114100,1020,7.339809,1020,7.62643108,1027,3.986142,4.09109309
(5#)69/2,1048,2.030676,1049,2.68370200,1035,7.084544,1035,7.48994347,1042,3.809638,4.01372642
(7#)5,1063,2.195023,1063,2.68340700,1050,8.664745,1050,8.57966186,1057,4.027402,4.10750186
(5#)71/2,1072,2.361462,1069,2.68352500,1071,6.913789,1065,7.25304850,1072,4.035682,4.07186612
(5#)36,1094,2.506504,1093,2.68331800,1092,7.708615,1080,7.14875727,1087,4.127243,4.07196083
(5#)73/2,1109,1.952088,1109,2.68318300,1095,6.984228,1095,7.24917329,1102,3.945217,4.01375731
(5#)37,1123,2.110511,1123,2.68290900,1110,7.441910,1110,7.35295362,1117,4.106924,4.09358223
(5#)75/2,1126,2.104611,1129,2.68302000,1125,6.850425,1125,7.14844049,1132,4.009979,4.02936955
(5#)38,1147,2.252003,1153,2.68282900,1140,7.127451,1140,7.56826738,1147,3.914328,3.98680114
(11#)/2,1244,2.122683,1259,2.68191500,1155,9.135596,1155,9.53007910,1206,3.934787,4.06623371
(7#)6,1319,1.723241,1361,2.68139600,1260,8.736587,1260,8.57531312,1311,3.861564,4.05603609
(7#)13/2,1402,1.647631,1459,2.68071200,1365,8.558090,1365,9.35356312,1416,3.893630,4.05871976
(7#)7,1489,1.865276,1571,2.68014000,1470,7.815395,1470,8.57264344,1521,3.844801,4.05708800
(7#)15/2,1676,2.104753,1669,2.67978700,1575,8.539645,1575,8.57093822,1626,3.994843,4.05730551
(7#)8,1774,2.019039,1783,2.67920500,1680,8.404363,1680,8.56975153,1731,3.840676,4.05426709
(7#)17/2,1849,2.204669,1889,2.67888300,1785,8.798305,1785,9.14018451,1836,4.002059,4.05995548
(7#)9,1966,1.989272,1993,2.67850800,1890,8.432140,1890,8.56789132,1941,4.008652,4.05048058
(7#)19/2,2029,1.715762,2048,2.67693700,1995,8.570591,1995,9.07056300,2046,3.923622,4.05421303
(7#)10,2104,2.003507,2203,2.67775600,2145,8.123796,2145,8.65214719,2151,3.871467,4.05471095
(7#)21/2,2287,1.989104,2309,2.67752100,2205,8.067147,2205,8.56514666,2256,3.834199,4.04939920
(11#),2347,2.156625,2411,2.67717700,2310,9.140582,2310,9.51595498,2361,3.941892,4.05889235
(7#)23/2,2447,2.190317,2503,2.67694300,2415,8.646399,2415,8.97116580,2466,3.949622,4.05291158
(7#)12,2623,2.363446,2621,2.67672000,2520,7.983995,2520,8.56269466,2571,3.967332,4.05497860
(7#)25/2,2633,2.168203,2729,2.67647400,2625,8.598050,2625,8.56221025,2676,3.944872,4.04661239
(7#)13,2809,2.065835,2833,2.67624900,2730,9.539146,2730,9.33990552,2782,4.016696,4.05612356
(7#)27/2,2909,2.274897,2939,2.67598000,2835,8.563346,2835,8.56078760,2887,4.011164,4.05248688
(7#)14,2974,2.064698,3041,2.67583300,2940,8.677392,2940,8.56022332,2992,3.961016,4.05172644
(7#)29/2,3076,1.845344,3137,2.67565400,3135,8.850708,3045,8.87685877,3097,3.958835,4.05216538
(7#)15,3221,2.107297,3253,2.67544800,3150,8.074648,3150,8.55930633,3202,3.902501,4.04974358
(7#)31/2,3334,2.210551,3359,2.67522300,3255,9.086519,3255,8.85376750,3307,3.906135,4.05116909
(7#)16,3386,2.340982,3463,2.67505600,3360,8.555133,3360,8.55816779,3412,3.934967,4.04328813
(11#)3/2,3559,2.029695,3559,2.67490800,3465,9.205098,3465,9.50870704,3517,3.925535,4.05807616
(7#)17,3571,2.249487,3673,2.67477900,3570,8.472487,3570,9.12788635,3622,3.909336,4.05344426
(7#)35/2,3769,1.943543,3779,2.67458700,3675,8.657968,3675,8.55682377,3727,3.952744,4.04498570
(7#)18,3799,2.075010,3881,2.67448600,3795,8.163449,3780,8.55641678,3832,3.956936,4.04932570
(7#)37/2,3964,2.216472,3989,2.67434200,3885,8.652843,3885,8.80059383,3937,4.031398,4.04623792
(7#)19,4051,2.044491,4093,2.67420800,3990,8.615256,3990,9.05902910,4042,3.955871,4.05808445
(7#)39/2,4153,2.340594,4096,2.67351700,4095,9.260206,4095,9.33300293,4147,3.964585,4.05000865
(7#)20,4282,2.220909,4297,2.67395900,4200,8.219780,4290,8.64111668,4252,4.026057,4.05018829
(7#)41/2,4393,2.306710,4409,2.67382900,4305,8.459134,4305,8.77400021,4357,3.961867,4.04740920
(7#)21,4486,2.143577,4513,2.67371200,4410,8.622790,4410,8.55431361,4462,3.990033,4.04732260
(7#)43/2,4603,2.102361,4603,2.67358300,4515,8.785192,4515,8.76250498,4567,3.997206,4.04521890
(11#)2,4651,2.085780,4723,2.67345700,4620,9.432003,4620,9.50395507,4672,4.016742,4.05133170
(7#)45/2,4801,1.856187,4817,2.67339100,4725,8.485605,4725,8.55334142,4777,3.959576,4.04905831
(7#)23,4909,2.178086,4933,2.67327500,4830,9.236400,4830,8.96032980,4882,3.940226,4.04800768
(7#)47/2,4987,2.151973,5039,2.67314500,4935,8.559950,4935,8.74270751,4987,3.928459,4.05125564
(7#)24,5086,2.176695,5119,2.67307000,5040,8.479144,5040,8.55236744,5092,3.991574,4.04307515
(7#)49/2,5242,2.126897,5237,2.67299000,5145,8.234373,5145,8.55217279,5197,4.029584,4.05358644
(7#)25,5308,2.217466,5351,2.67286200,5250,8.888987,5250,8.55190387,5302,3.987333,4.04003063
(7#)51/2,5416,1.965120,5449,2.67280300,5355,8.591447,5355,9.12165173,5407,3.958874,4.05379552
(7#)26,5557,2.301782,5563,2.67268200,5460,8.734048,5460,9.32868501,5512,3.932998,4.04660091
(7#)53/2,5596,2.182571,5669,2.67262000,5565,8.448369,5565,8.71878830,5617,3.935196,4.05019984
(7#)27,5728,2.248387,5749,2.67255500,5670,8.273705,5670,8.55087561,5722,3.886062,4.04319846
(11#)5/2,5857,2.159168,5879,2.67242900,5775,9.302545,5775,9.50061339,5827,3.949550,4.04951399
(7#)28,5906,2.349289,5981,2.67237500,5880,8.404214,5880,8.55032099,5932,3.965007,4.04808930
(7#)57/2,6038,2.309643,6089,2.67229500,5985,8.999710,5985,9.05311257,6037,3.969178,4.04389713
(7#)29,6131,2.233345,6173,2.67223300,6090,8.529314,6090,8.86660386,6142,3.971519,4.04860189
(7#)59/2,6218,2.356115,6299,2.67212100,6195,8.615973,6195,8.69963656,6247,4.002366,4.04613966
(7#)30,6353,2.124621,6397,2.67207500,6300,8.260687,6300,8.54943114,6352,4.044700,4.04958640
(7#)61/2,6421,2.298798,6491,2.67198900,6405,8.781065,6405,8.69418887,6457,4.017797,4.04212295
(7#)31,6568,2.399779,6607,2.67191200,6510,8.480654,6510,8.84387731,6562,4.059555,4.05109821
(7#)63/2,6719,2.265862,6719,2.67183900,6615,8.518159,6615,8.54880788,6667,4.043818,4.04367214
(7#)32,6791,2.430712,6823,2.67177200,6765,7.911785,6720,8.54861281,6772,3.992505,4.04416691
(7#)65/2,6863,2.365471,6917,2.67173300,6825,9.182816,6825,9.32561359,6877,4.055639,4.04604218
(11#)3,7024,2.323062,7027,2.67164600,6930,9.570228,6930,9.49810045,6982,4.034484,4.05100295
(7#)67/2,7108,2.390305,7129,2.67160400,7035,8.657545,7035,8.67954514,7087,4.008336,4.04855060
(7#)34,7219,2.055910,7243,2.67151800,7140,8.998678,7140,9.11771327,7192,4.006742,4.04366513
(7#)69/2,7246,2.136908,7349,2.67147500,7245,8.898695,7245,8.95476755,7297,3.982325,4.04730685
(7#)35,7351,2.199762,7451,2.67139900,7350,8.151811,7350,8.54755750,7402,3.981201,4.04530429
(7#)71/2,7522,2.372402,7559,2.67133800,7455,8.831682,7455,8.67119566,7507,3.968242,4.04355264
(7#)36,7561,2.321013,7649,2.67130700,7560,8.650793,7560,8.54715332,7612,3.972123,4.04879185
(7#)73/2,7727,2.199214,7759,2.67123000,7665,8.559782,7665,8.66741947,7717,3.945572,4.04470627
(7#)37,7846,2.336977,7873,2.67118700,7770,9.129686,7770,8.79107181,7822,3.939594,4.04514316
(7#)75/2,7951,2.232082,7963,2.67112300,7875,7.932160,7875,8.54665467,7927,3.925289,4.04129891
(7#)38,8062,2.328303,8081,2.67108000,7980,8.861511,7980,9.04923277,8032,3.952136,4.04450221
(11#)7/2,8116,2.236375,8179,2.67101400,8085,9.494047,8085,9.49598970,8137,3.953393,4.04999288
(7#)39,8224,2.292547,8192,2.67068200,8190,9.199795,8190,9.32316868,8242,3.956252,4.04796648
(7#)79/2,8311,2.234912,8389,2.67092700,8295,8.678196,8295,8.65701829,8347,3.967198,4.04672296
(7#)40,8429,2.249292,8501,2.67087300,8400,8.398189,8400,8.54588363,8452,4.005788,4.04347415
(7#)81/2,8599,2.329117,8609,2.67082200,8505,8.549372,8580,8.63195161,8557,3.959131,4.04091777
(7#)41,8614,2.287560,8713,2.67077400,8610,8.810293,8610,8.76475917,8662,4.000405,4.04736297
(7#)83/2,8777,2.179478,8819,2.67071100,8715,8.501738,8715,8.65094459,8767,4.001009,4.04543175
(7#)42,8839,2.279660,8923,2.67066400,8820,8.721193,8820,8.54530676,8872,4.004901,4.04198508
(7#)85/2,9014,2.281605,9029,2.67063200,8925,9.643464,8925,9.11489376,8977,4.002710,4.04962590
(7#)43,9091,2.412999,9133,2.67058700,9030,8.342063,9030,8.75349434,9082,3.981217,4.04170901
(7#)87/2,9173,2.323530,9239,2.67052700,9135,8.486567,9135,8.86137132,9187,4.001248,4.04216411
(11#)4,9283,2.301998,9343,2.67048300,9240,9.637497,9240,9.49418124,9292,4.012813,4.04757807
(7#)89/2,9349,2.396602,9439,2.67044400,9345,8.480367,9345,8.64288941,9397,4.007555,4.04622212
(7#)45,9511,2.294051,9551,2.67039800,9450,8.618555,9450,8.54454716,9502,3.954109,4.04112167
(7#)91/2,9649,2.163663,9649,2.67037200,9555,9.354148,9555,9.32113413,9607,3.959602,4.04838892
(7#)46,9748,2.284701,9749,2.67033200,9660,8.924952,9660,8.95111839,9712,3.979257,4.04180957
(7#)93/2,9817,2.375649,9859,2.67027500,9765,8.574123,9765,8.83879237,9817,4.001682,4.05095042
(7#)47,9941,2.284239,9973,2.67024400,9870,8.741772,9870,8.73391281,9922,3.985420,4.03652038
(7#)95/2,10078,2.360845,10079,2.67019000,9975,9.248575,9975,9.04646099,10027,3.995647,4.04907482
(7#)48,10174,2.343381,10181,2.67016500,10080,8.329116,10080,8.54376264,10132,3.973715,4.04161749
(7#)97/2,10273,2.292671,10289,2.67012500,10185,8.329507,10185,8.63361722,10237,3.994393,4.04375738
(7#)49,10369,2.243034,10391,2.67007500,10290,8.593845,10290,8.54356903,10342,4.024021,4.04104102
(11#)9/2,10462,2.194423,10499,2.67003500,10395,9.448356,10395,9.49267980,10447,4.027247,4.04914392
(7#)50,10501,2.449522,10601,2.67001100,10500,8.524160,10500,8.54330046,10552,4.035725,4.04307566
(7#)101/2,10687,2.319381,10709,2.66997300,10605,8.847616,10605,8.62952079,10657,4.053754,4.04100188
(7#)51,10786,2.430362,10799,2.66993000,10710,8.907306,10710,9.11265762,10762,4.070227,4.04846205
(7#)103/2,10883,2.318296,10909,2.66990300,10815,8.648719,10815,8.62755052,10867,4.004331,4.03908770
(7#)52,11023,2.452351,11003,2.66986000,10920,9.437686,10920,9.31948435,10972,4.036042,4.05008639
(7#)105/2,11054,2.258518,11119,2.66982100,11025,8.550569,11025,8.54278948,11077,3.992546,4.04099962
(7#)53,11197,2.391314,11213,2.66980100,11130,8.579993,11130,8.71018917,11182,4.025832,4.04867440
(7#)107/2,11272,2.131467,11329,2.66976300,11235,8.734519,11235,8.62390003,11287,3.981372,4.03902405
(7#)54,11353,2.334737,11443,2.66971400,11385,8.429395,11340,8.54244131,11392,4.001539,4.04365738
(7#)109/2,11461,2.347919,11549,2.66969200,11445,8.577796,11445,8.62220880,11497,3.971368,4.03929622
(11#)5,11593,2.296655,11633,2.66966500,11550,9.485451,11550,9.49141587,11602,4.004036,4.04400919
(7#)111/2,11749,2.392249,11743,2.66962000,11655,8.606500,11655,8.78619854,11707,3.996074,4.04752755
(7#)56,11839,2.348206,11863,2.66958200,11760,8.395878,11760,8.54204077,11812,3.976595,4.04063177
(7#)113/2,11932,2.392674,11969,2.66956100,11865,8.367746,11865,8.61893084,11917,3.981940,4.04135701
(7#)57,11971,2.386736,12073,2.66952900,11970,8.986934,11970,9.04434477,12022,4.002692,4.04128497
(7#)115/2,12101,2.395745,12163,2.66949200,12075,8.574915,12075,8.94850011,12127,4.044790,4.04831587
(7#)58,12281,2.223656,12281,2.66946700,12180,8.864733,12180,8.85801523,12232,4.019047,4.04416261
(7#)117/2,12326,2.217079,12379,2.66942800,12285,9.181055,12285,9.31810444,12337,4.042544,4.04366356
(7#)59,12422,2.346659,12491,2.66939600,12390,8.402070,12390,8.69135577,12442,4.009926,4.04055324
(7#)119/2,12574,2.295932,12589,2.66937800,12495,8.660430,12495,9.11080432,12547,4.017812,4.05076596
(7#)60,12671,2.225896,12703,2.66933500,12600,8.631114,12600,8.54129031,12652,3.944461,4.03387485
(11#)11/2,12757,2.354186,12809,2.66931600,12705,9.165957,12705,9.49025683,12757,3.949004,4.04785314
(7#)61,12878,2.336543,12911,2.66927800,12810,8.463508,12810,8.68590906,12862,3.934691,4.04344777
(7#)123/2,12982,2.377047,13009,2.66926000,12915,8.715155,12915,8.76002368,12967,3.968793,4.03878586
(7#)62,13049,2.340065,13121,2.66923000,13020,8.714150,13020,8.83545298,13072,3.980025,4.04814912
(7#)125/2,13142,2.381559,13229,2.66920100,13125,8.495334,13125,8.54088118,13177,3.977088,4.04229318
(7#)63,13241,2.313245,13331,2.66916400,13230,8.332516,13230,8.54079737,13282,3.958165,4.04098992
(7#)127/2,13339,2.408045,13421,2.66915000,13335,8.768441,13335,8.60900658,13387,3.984332,4.04133259
(7#)64,13451,2.365320,13537,2.66911900,13440,8.632976,13440,8.54059921,13492,4.007290,4.04416972
(7#)129/2,13646,2.418129,13649,2.66909000,13545,8.821299,13545,8.74885075,13597,3.987941,4.03513514
(7#)65,13729,2.380300,13751,2.66905500,13650,8.952978,13650,9.31687000,13702,3.991798,4.05084151
(7#)131/2,13807,2.343338,13859,2.66902800,13755,8.371422,13755,8.60655649,13807,3.982027,4.03996949
(11#)6,13943,2.508139,13963,2.66900200,13860,9.554326,13860,9.48919262,13912,3.985947,4.04450413
(7#)133/2,14051,2.389016,14057,2.66898700,13965,8.871930,13965,9.04258698,14017,3.956587,4.04385566
(7#)67,14096,2.408715,14173,2.66895900,14070,8.326095,14070,8.67153022,14122,3.976917,4.04158189
(7#)135/2,14243,2.286441,14251,2.66893100,14175,8.406814,14175,8.54003543,14227,3.967667,4.04209634
(7#)68,14332,2.428418,14369,2.66891100,14280,8.793110,14280,9.10929007,14332,3.989706,4.04370159
(7#)137/2,14411,2.316236,14489,2.66888200,14385,8.309587,14385,8.60316769,14437,3.994566,4.04237494
(7#)69,14528,2.225437,14593,2.66885800,14490,8.894874,14490,8.94649302,14542,4.003207,4.04222876
(7#)139/2,14699,2.430591,14699,2.66882400,14595,8.441621,14595,8.60206380,14647,4.007548,4.04271847
(7#)70,14779,2.470069,14797,2.66881000,14700,8.493504,14700,8.53965669,14752,4.017751,4.03842710
(7#)141/2,14831,2.313924,14897,2.66878700,14805,8.919746,14805,8.72937727,14857,4.036712,4.04452109
(7#)71,14951,2.398094,15013,2.66876000,14910,8.472977,14910,8.66329734,14962,4.021344,4.03607191
(13#)/2,15784,2.297078,16141,2.66851400,15015,10.422348,15015,10.35083057,15581,4.022986,4.04255169
(11#)7,17218,2.342733,16384,2.66829400,16170,9.362340,16170,9.48744417,16737,4.017232,4.04146192
(11#)15/2,18322,2.313856,18461,2.66807100,17745,9.322075,17325,9.48666633,17893,4.009270,4.04147891
(11#)8,18637,2.262025,19609,2.66787700,18480,9.317703,18480,9.48592884,19048,3.999206,4.04073269
(11#)17/2,20509,2.288028,20789,2.66769300,19635,9.854074,19635,10.11761783,20204,3.982392,4.04117229
(11#)9,20816,2.279925,21943,2.66751900,20790,9.509176,20790,9.48467315,21359,3.983191,4.04066583
(11#)19/2,22354,2.333078,23099,2.66736100,21945,10.036306,21945,10.04198433,22515,4.019335,4.04017369
(11#)10,23201,2.282149,24251,2.66721300,23205,9.963427,23205,9.93182028,23670,4.027253,4.04033749
(11#)21/2,24256,2.336632,25409,2.66707800,24255,9.263166,24255,9.48303126,24825,4.024633,4.03977282
(11#)11,25496,2.309603,26561,2.66694600,25935,10.005154,25935,9.85758127,25981,4.000939,4.03990070
(11#)23/2,27182,2.331847,27701,2.66682200,26565,9.689038,26565,9.93364518,27136,4.000845,4.03949944
(11#)12,27904,2.328254,28871,2.66669800,28665,9.643002,27720,9.48167174,28291,4.029672,4.03948721
(11#)25/2,29738,2.340355,30029,2.66658900,28875,9.338060,28875,9.48126293,29446,4.023199,4.03861141
(13#),30332,2.331433,31183,2.66647700,30030,10.293246,30030,10.34278742,30602,4.005681,4.03960496
(11#)27/2,31294,2.341935,32327,2.66637500,31395,9.616924,31395,9.75130720,31757,3.986567,4.03912564
(11#)14,32972,2.389670,32768,2.66625600,32340,9.255797,32340,9.48014915,32912,4.000521,4.03822166
(11#)29/2,34274,2.354215,34649,2.66618500,33495,9.866028,33495,9.83091290,34067,4.007956,4.03885849
(11#)15,35792,2.297694,35803,2.66609100,34650,9.321536,34650,9.47949526,35222,4.012041,4.03853207
(11#)31/2,36436,2.373766,36947,2.66600500,35805,9.802526,35805,9.80604971,36377,4.001639,4.03825506
(11#)16,37201,2.393769,38113,2.66592400,36960,9.338029,36960,9.47886983,37533,4.012229,4.03830342
(11#)33/2,38188,2.401751,39251,2.66584100,38115,9.353586,38115,9.47857955,38688,4.042901,4.03758591
(11#)17,39992,2.425829,40423,2.66576200,39270,10.201100,39270,10.11019819,39843,4.043836,4.03819516
(11#)35/2,40597,2.307754,41579,2.66568700,41055,9.763031,41055,9.53204684,40998,4.028247,4.03799362
(11#)18,41851,2.392174,42727,2.66561500,42315,9.558485,42315,9.62616082,42153,4.022976,4.03770311
(11#)37/2,43531,2.348344,43889,2.66554700,42735,9.801362,42735,9.74830457,43308,4.011115,4.03775260
(11#)19,44533,2.418503,45013,2.66548100,43890,9.903415,43890,10.03477120,44463,4.004938,4.03717752
(13#)3/2,45259,2.407217,46199,2.66541000,45045,10.267641,45045,10.33859678,45618,4.011821,4.03764463
(11#)20,46369,2.380141,47353,2.66534900,46410,9.792153,46410,9.92477041,46773,3.995088,4.03732947
(11#)41/2,47834,2.378831,48497,2.66528700,47355,9.544881,47355,9.71957662,47929,4.001174,4.03799320
(11#)21,48931,2.430664,49663,2.66522400,49140,9.403788,48510,9.47637982,49084,4.005415,4.03670950
(11#)43/2,50461,2.416903,50789,2.66516900,49665,9.652483,49665,9.70729564,50239,4.016569,4.03713913
(11#)22,51826,2.346624,51973,2.66511100,51870,9.998061,51870,9.85076268,51394,4.012629,4.03683607
(11#)45/2,52876,2.469593,53129,2.66505500,51975,9.319346,51975,9.47575949,52549,4.013069,4.03679898
(11#)23,53624,2.388364,54277,2.66500200,53130,9.893287,53130,9.92679171,53704,4.013727,4.03718822
(11#)47/2,54421,2.447211,55439,2.66494700,54285,9.782592,54285,9.68594932,54859,4.026321,4.03669296
(11#)24,56176,2.444148,56591,2.66489500,55440,9.563992,55965,9.54137925,56014,4.022016,4.03660355
(11#)49/2,57172,2.426083,57737,2.66484800,56595,9.412843,56595,9.47501581,57169,4.018045,4.03655495
(11#)25,58789,2.355012,58901,2.66479800,58695,9.539198,58695,9.52932283,58324,4.009461,4.03652932
(11#)51/2,59074,2.411060,60041,2.66475100,58905,10.142189,58905,10.10632240,59479,4.004974,4.03613277
(13#)2,61058,2.418361,61211,2.66470200,60060,10.288579,60060,10.33582324,60634,4.021213,4.03645577
(11#)53/2,61444,2.421746,62351,2.66465700,61215,9.645349,61215,9.66011306,61789,4.027165,4.03644536
(11#)27,63421,2.436905,63521,2.66461400,62790,9.835401,62790,9.74482144,62944,4.027227,4.03638674
(11#)55/2,64198,2.443219,64679,2.66456900,64155,9.503376,64155,9.50839434,64099,4.042465,4.03640078
(11#)28,65336,2.468498,65536,2.66449600,64680,9.447565,64680,9.47387515,65254,4.025187,4.03591714
(11#)57/2,66602,2.429966,66977,2.66448600,65835,9.775358,65835,10.03100388,66409,4.022208,4.03592961
(11#)29,67904,2.413565,68141,2.66444500,66990,9.806397,66990,9.82445943,67565,4.014983,4.03611239
(11#)59/2,69239,2.447118,69263,2.66440500,68145,9.553680,68145,9.63964334,68720,4.021830,4.03596731
(11#)30,69911,2.449157,70451,2.66436400,69615,10.095145,69615,9.92108617,69875,4.013554,4.03602174
(11#)61/2,70544,2.431070,71597,2.66432700,70455,9.493966,70455,9.63372183,71030,4.017318,4.03577902
(11#)31,71633,2.358847,72763,2.66428800,71610,9.744888,71610,9.79968688,72185,4.013949,4.03586419
(11#)63/2,73016,2.438849,73907,2.66425100,73185,9.469595,72765,9.47289828,73340,4.017545,4.03560000
(11#)32,74716,2.474061,75041,2.66421700,73920,9.405647,73920,9.47276386,74495,4.011600,4.03564071
(13#)5/2,75968,2.467098,76213,2.66418100,75075,10.186498,75075,10.33378523,75650,4.009473,4.03541024
(11#)33,77144,2.383605,77383,2.66414400,76230,9.455901,76230,9.47251671,76805,4.011181,4.03577049
(11#)67/2,78427,2.494035,78539,2.66410900,77805,9.767826,77805,9.84719137,77960,4.011397,4.03503252
(11#)34,79312,2.406904,79693,2.66407700,78540,10.054790,78540,10.10375340,79115,4.010841,4.03566212
(11#)69/2,79784,2.452666,80849,2.66404400,79695,9.826196,79695,9.92320502,80270,4.009339,4.03593022
(11#)35,81749,2.460417,82003,2.66401000,80850,9.539833,80850,9.47203871,81425,4.023757,4.03507986
(11#)71/2,82252,2.460452,83137,2.66398000,82005,9.591568,82005,9.60919834,82580,4.022988,4.03514226
(11#)36,84046,2.459958,84313,2.66394800,83160,9.450770,83160,9.47180737,83735,4.018975,4.03503737
(11#)73/2,84562,2.471941,85469,2.66391600,84630,9.473560,84630,9.62013006,84890,4.010615,4.03550395
(11#)37,86248,2.426071,86599,2.66388500,85470,9.638199,85470,9.74220918,86045,4.012185,4.03544605
(11#)75/2,87316,2.472748,87767,2.66385500,86625,9.633766,86625,9.47148493,87200,4.016880,4.03463489
(11#)38,88498,2.433762,88919,2.66382500,87780,9.960052,87780,10.02851528,88355,4.017290,4.03552541
(11#)77/2,89459,2.383150,90089,2.66379700,88935,9.479594,88935,9.47127161,89510,4.013390,4.03430690
(13#)3,90526,2.492321,91243,2.66376700,90090,10.384689,90090,10.33218950,90665,4.019602,4.03556101
(11#)79/2,92357,2.434532,92399,2.66373900,91245,9.527128,91245,9.59407381,91820,4.027853,4.03524774
(11#)40,92656,2.473194,93553,2.66371200,92820,9.906542,92820,9.91865121,92975,4.027672,4.03457811
(11#)81/2,94228,2.450231,94709,2.66368500,94185,9.749013,94185,9.74141833,94130,4.033261,4.03492762
(11#)41,95467,2.446013,95857,2.66365800,94710,9.931640,94710,9.71362050,95285,4.031047,4.03473426
(11#)83/2,96361,2.470995,97007,2.66363100,95865,9.558347,95865,9.58760698,96440,4.023644,4.03546693
(11#)42,97684,2.508166,98143,2.66360500,97020,9.523987,97020,9.47058789,97595,4.022244,4.03388100
(11#)85/2,98764,2.453349,99317,2.66357900,98175,9.980537,98175,10.10186193,98750,4.019603,4.03457480
(11#)43,99581,2.468655,100483,2.66355300,99330,9.799166,99330,9.70139408,99905,4.024129,4.03462256
(11#)87/2,101467,2.483060,101627,2.66352800,100485,9.943739,100485,9.82107121,101060,4.027807,4.03496879
(11#)44,102352,2.491281,102793,2.66350400,101745,9.570069,101745,9.62620237,102215,4.036172,4.03464759
(11#)89/2,103214,2.468903,103919,2.66347900,103740,9.777616,103740,9.84482054,103370,4.031097,4.03470217
(11#)45,104056,2.467765,105097,2.66345500,103950,9.396709,103950,9.47005704,104525,4.026614,4.03394933
(13#)7/2,105883,2.452749,106243,2.66343000,105105,10.369661,105105,10.33087844,105680,4.026356,4.03448692
(11#)46,106298,2.480088,107377,2.66340800,106260,9.973710,106260,9.92083173,106835,4.024832,4.03463677
(11#)93/2,107684,2.498534,108557,2.66338500,107415,9.850016,107415,9.79634681,107990,4.023421,4.03451494
(11#)47,109717,2.499467,109721,2.66336100,108570,9.594725,108570,9.68016198,109145,4.024285,4.03439941
(11#)95/2,110281,2.415536,110879,2.66333800,109725,9.977625,109725,10.02668062,110300,4.018552,4.03458149
(11#)48,111058,2.464714,112031,2.66331500,110880,9.317023,111930,9.53571186,111456,4.018080,4.03401538
(11#)97/2,112681,2.478536,113189,2.66329400,112035,9.647747,112035,9.56915994,112611,4.008850,4.03454060
(11#)49,113389,2.460935,114343,2.66327100,113190,9.403366,113190,9.46940676,113766,4.007609,4.03420643
(11#)99/2,115426,2.500222,115499,2.66325000,114345,9.486057,114345,9.46932977,114921,4.008934,4.03408641
(11#)50,116371,2.460027,116639,2.66322900,116025,9.850348,116025,9.91685549,116076,4.006627,4.03434063
(11#)101/2,116728,2.402456,117809,2.66320800,116655,9.628890,116655,9.56482404,117231,4.001487,4.03381303
(11#)51,118894,2.444233,118931,2.66318700,117810,10.147713,117810,10.10037850,118386,4.004457,4.03457748
(11#)103/2,119458,2.462122,120103,2.66316600,118965,9.524198,118965,9.56278420,119541,4.004474,4.03352142
(13#)4,121234,2.463828,121271,2.66314600,120120,10.204359,120120,10.32977036,120696,4.012186,4.03411071
(11#)105/2,121612,2.502568,122401,2.66312700,121485,9.274371,121275,9.46888443,121851,4.010717,4.03430314
(11#)53,123059,2.504951,123583,2.66310600,122430,9.681245,122430,9.65447974,123006,4.013154,4.03395887
(11#)107/2,124447,2.517146,124739,2.66308600,123585,9.526135,123585,9.55892504,124161,4.019512,4.03383925
(11#)54,125479,2.491172,125887,2.66306700,125580,9.672570,125580,9.73915681,125316,4.024609,4.03417049
(11#)109/2,126397,2.546025,127037,2.66304800,126945,9.590620,126945,9.61695694,126471,4.024588,4.03384589
(11#)55,127189,2.428594,128203,2.66302800,127050,9.418726,127050,9.46854111,127626,4.016761,4.03355726
(11#)111/2,129263,2.490514,129347,2.66301000,128205,9.680654,128205,9.73900177,128781,4.025668,4.03382357
(11#)56,130307,2.503745,130513,2.66299200,129675,9.747662,129675,9.84307178,129936,4.027098,4.03421811
(11#)113/2,131641,2.512217,131072,2.66296200,130515,9.436153,130515,9.55363966,131091,4.022806,4.03360691
(11#)57,131888,2.478781,132817,2.66295500,131670,9.975189,131670,10.02523467,132246,4.023545,4.03379543
(11#)115/2,133174,2.475614,133979,2.66293600,132825,9.928326,132825,9.91908007,133401,4.024300,4.03402587
(11#)58,134087,2.503206,135131,2.66291800,133980,9.877920,133980,9.81881880,134556,4.021612,4.03312546
(13#)9/2,135802,2.501586,136277,2.66290100,135135,10.080482,135135,10.32881851,135711,4.017535,4.03414187
(11#)59,136649,2.492808,137443,2.66288300,136290,9.615574,136290,9.63412971,136866,4.015958,4.03305575
(11#)119/2,137587,2.515309,138599,2.66286600,137445,10.004697,137445,10.09915967,138021,4.020978,4.03401920
(11#)60,139511,2.466330,139753,2.66284900,139230,9.922095,139230,9.91544010,139176,4.029398,4.03395778
(11#)121/2,140009,2.495139,140909,2.66283200,139755,9.597896,139755,9.46783811,140331,4.036050,4.03347728
(11#)61,141676,2.498497,142061,2.66281500,140910,9.688002,140910,9.62825168,141486,4.031334,4.03313871
(11#)123/2,142258,2.505830,143197,2.66279900,142065,9.626506,142065,9.71048346,142641,4.027764,4.03354567
(11#)62,143896,2.509536,144349,2.66278300,143220,9.782290,143220,9.79413135,143796,4.023193,4.03357687
(11#)125/2,145144,2.491578,145517,2.66276600,144690,9.445858,144690,9.47771452,144951,4.017469,4.03390823
(11#)63,146176,2.504029,146683,2.66274900,145530,9.559754,145530,9.46754688,146106,4.018640,4.03335961
(11#)127/2,147401,2.521313,147827,2.66273300,146685,9.427700,146685,9.54322957,147261,4.024243,4.03338246
(11#)64,148696,2.533538,148991,2.66271700,148785,9.465593,147840,9.46743083,148416,4.024348,4.03370130
(11#)129/2,149846,2.509766,150131,2.66270200,148995,9.755420,148995,9.69828626,149571,4.023152,4.03268328
(13#)5,150292,2.507348,151303,2.66268600,150150,10.404410,150150,10.32798717,150726,4.026363,4.03359878
(11#)131/2,151909,2.518866,152459,2.66267000,151305,9.533532,151515,9.56069720,151881,4.021994,4.03347809
(11#)66,152914,2.505061,153611,2.66265500,152460,9.548055,152460,9.46720970,153036,4.028740,4.03304603
(11#)133/2,154702,2.506776,154769,2.66264000,153615,9.982228,153615,10.02404704,154191,4.034701,4.03344125
(11#)67,155816,2.502854,155921,2.66262500,155610,9.831406,155610,9.84169818,155346,4.026774,4.03345921
(11#)135/2,156007,2.496651,157061,2.66261100,156975,9.734691,156975,9.73748674,156501,4.022407,4.03325845
(11#)68,157901,2.486203,158233,2.66259500,157080,10.192158,157080,10.09812943,157656,4.021694,4.03288695
(11#)137/2,158419,2.533724,159389,2.66258100,158235,9.702694,158340,9.63906561,158811,4.016326,4.03309624
(11#)69,159407,2.542242,160541,2.66256600,159390,9.906918,159390,9.91769910,159966,4.018280,4.03341445
(11#)139/2,161659,2.491347,161683,2.66255100,160545,9.496763,160545,9.53594422,161121,4.019692,4.03316814
(11#)70,162353,2.507294,162853,2.66253800,162435,9.943426,162435,9.91427750,162276,4.017758,4.03345693
(11#)141/2,163297,2.519915,163997,2.66252300,162855,9.628458,162855,9.67711174,163431,4.019354,4.03301957
(11#)71,164954,2.477786,165161,2.66250900,164010,9.663285,164010,9.60389037,164586,4.016191,4.03249263
(13#)11/2,165701,2.520785,166319,2.66249500,165165,10.334154,165165,10.32724606,165741,4.022623,4.03349955
(11#)72,166351,2.526473,167471,2.66248100,166320,9.346217,166320,9.46659105,166896,4.022411,4.03295793
(11#)145/2,167809,2.490909,168629,2.66246800,167475,9.658814,167475,9.81715484,168051,4.024999,4.03298821
(11#)73,168814,2.509419,169783,2.66245400,169260,9.549773,169575,9.62237255,169206,4.022035,4.03334956
(11#)147/2,170539,2.495056,170927,2.66244000,169785,9.583279,169785,9.46644780,170361,4.024957,4.03296982
(11#)74,171694,2.497959,172093,2.66242700,170940,9.716039,170940,9.73686678,171516,4.023541,4.03317016
(11#)149/2,172849,2.504239,173249,2.66241400,172095,9.556952,172095,9.53074787,172671,4.022166,4.03278915
(11#)75,174214,2.457750,174389,2.66240100,173250,9.416377,173250,9.46630613,173826,4.020945,4.03252202
(11#)151/2,174814,2.514062,175543,2.66238700,174405,9.534762,174405,9.52979147,174981,4.018592,4.03299889
(11#)76,176551,2.496728,176713,2.66237500,175560,9.990681,175560,10.02304749,176136,4.015699,4.03310280
(11#)153/2,177841,2.524335,177841,2.66236200,176715,10.022134,176715,10.09724336,177291,4.022440,4.03266880
(11#)77,178898,2.502055,179021,2.66234900,177870,9.435338,177870,9.46612223,178446,4.028049,4.03293097
(11#)155/2,179083,2.529322,180179,2.66233600,179025,9.972932,179025,9.79249350,179601,4.028028,4.03245573
(13#)6,180379,2.501151,181303,2.66232400,180180,10.364905,180180,10.32657872,180756,4.026469,4.03308453
(11#)157/2,181919,2.535068,182489,2.66231100,181545,9.757087,181545,9.84056942,181911,4.027196,4.03279842
(11#)79,182519,2.515243,183637,2.66229900,182910,9.439351,182490,9.58887822,183066,4.023990,4.03277293
(11#)159/2,184696,2.506373,184777,2.66228700,183645,9.631844,183645,9.65150593,184221,4.028325,4.03316325
(11#)80,185578,2.512282,185951,2.66227400,185640,9.865567,185640,9.91329877,185376,4.023577,4.03271149
(11#)161/2,187024,2.533868,187091,2.66226200,185955,9.899162,185955,9.91656461,186531,4.016996,4.03272852
(11#)81,187471,2.522543,188261,2.66225000,187110,9.429049,187110,9.46577079,187686,4.022741,4.03246882
(11#)163/2,189094,2.510677,189407,2.66223800,188370,9.673949,188370,9.73617373,188841,4.024257,4.03283205
(11#)82,189817,2.521375,190573,2.66222600,189420,9.728915,189420,9.70839418,189996,4.023997,4.03259830
(11#)165/2,191626,2.523077,191717,2.66221500,190575,9.428381,190575,9.46564238,191151,4.017656,4.03265607
(11#)83,191768,2.509171,192883,2.66220200,191730,9.476543,191730,9.58246195,192306,4.012280,4.03277419
(11#)167/2,193639,2.501153,194027,2.66219100,193830,9.497729,192885,9.52292833,193461,4.015177,4.03286044
(11#)84,194767,2.519507,195193,2.66218000,194040,9.452465,194040,9.46551863,194616,4.016524,4.03170422
(13#)13/2,195751,2.518018,196337,2.66216800,195195,10.211602,195195,10.32597584,195771,4.014185,4.03251936
(11#)85,197402,2.512439,197479,2.66215700,196350,10.043303,196350,10.09646852,196926,4.014717,4.03298337
(11#)171/2,198046,2.523633,198659,2.66214500,197505,9.976166,197505,10.02218719,198081,4.013609,4.03281666
(11#)86,199021,2.495353,199813,2.66213400,198660,9.526064,198660,9.69621990,199236,4.008516,4.03243334
(11#)173/2,200899,2.517394,200929,2.66212400,199815,9.474086,199815,9.52067059,200391,4.008258,4.03218752
(11#)87,201904,2.515768,202121,2.66211200,200970,9.769778,200970,9.81584623,201546,4.010611,4.03296287
(11#)175/2,203128,2.520731,203279,2.66210100,202125,9.475020,202125,9.46524115,202701,4.013349,4.03224451
(11#)88,203417,2.508934,204431,2.66209000,203490,9.433536,203490,9.62109273,203856,4.014284,4.03236606
(11#)177/2,204928,2.464243,205589,2.66208000,204435,9.636996,204435,9.63121763,205011,4.012588,4.03268456
(11#)89,205924,2.529874,206699,2.66206900,205590,9.513021,205590,9.57392014,206166,4.013633,4.03261541
(11#)179/2,206984,2.513240,207877,2.66205800,207480,9.830574,207480,9.83961511,207321,4.014391,4.03218962
(11#)90,208129,2.513207,209039,2.66204700,208845,9.960760,208845,9.91245622,208476,4.013153,4.03223719
(11#)181/2,209362,2.520880,210209,2.66203700,209055,9.375229,209055,9.51788769,209631,4.015080,4.03209569
(13#)7,210557,2.506060,211349,2.66202600,210210,10.112352,210210,10.32542719,210786,4.016649,4.03276193
(11#)183/2,211459,2.494267,212507,2.66201600,211575,9.679683,211365,9.62536047,211941,4.018067,4.03240080
(11#)92,212644,2.547725,213659,2.66200500,212520,9.909827,212520,9.91560897,213096,4.023933,4.03238063
(11#)185/2,213784,2.541986,214817,2.66199500,213675,9.763521,213675,9.73528747,214251,4.023164,4.03211795
(11#)93,215854,2.563496,215983,2.66198500,214830,9.694257,214830,9.79120150,215406,4.028561,4.03228726
(11#)187/2,216917,2.525146,217121,2.66197500,215985,10.120296,215985,10.09577805,216561,4.025375,4.03229274
(11#)94,217697,2.481485,218287,2.66196400,217140,9.669040,217140,9.67508243,217716,4.028236,4.03243678
(11#)189/2,219311,2.546183,219437,2.66195500,218295,9.584691,218295,9.46471882,218871,4.029538,4.03203443
(11#)95,220453,2.532386,220589,2.66194500,219450,9.972499,219450,10.02143115,220026,4.028400,4.03260451
(11#)191/2,221332,2.526687,221747,2.66193500,220605,9.681749,220605,9.51472718,221181,4.032678,4.03199540
(11#)96,222634,2.538822,222913,2.66192500,221760,9.464542,221760,9.46461322,222336,4.028821,4.03227022
(11#)193/2,223469,2.547178,224069,2.66191500,222915,9.518735,223860,9.53073578,223491,4.029912,4.03247467
(11#)97,225002,2.551522,225223,2.66190500,224070,9.642852,224070,9.56417213,224646,4.029917,4.03174993
(13#)15/2,225892,2.548480,226379,2.66189500,225225,10.386511,225225,10.32492096,225801,4.033492,4.03218097
(11#)98,227251,2.549104,227533,2.66188600,226380,9.517374,226380,9.46447531,226956,4.028911,4.03236025
(11#)197/2,228097,2.525164,228677,2.66187700,227535,9.543793,227535,9.51297687,228111,4.029162,4.03222265
(11#)99,229234,2.519971,229841,2.66186700,229425,9.326458,228690,9.46440904,229266,4.029957,4.03223188
(11#)199/2,230848,2.518411,230999,2.66185700,229845,9.513749,229845,9.51241792,230421,4.030768,4.03210592
(11#)100,231643,2.524351,232153,2.66184800,232050,10.035155,232050,9.91171578,231576,4.031054,4.03189361
(11#)201/2,232189,2.532524,233297,2.66183900,232155,9.673694,232155,9.60991216,232731,4.030269,4.03203946
(11#)101,233978,2.534564,234463,2.66182900,233415,9.988605,233415,9.83879344,233886,4.032269,4.03200356
(11#)203/2,235028,2.506846,235607,2.66182000,234465,9.904145,234465,9.81477062,235041,4.033860,4.03190318
(11#)102,236092,2.538865,236773,2.66181100,235620,10.006261,235620,10.09515643,236196,4.033353,4.03203904
(11#)205/2,237883,2.566648,237929,2.66180200,236775,9.696311,236775,9.70684787,237351,4.036423,4.03240473
(11#)103,238892,2.539570,239081,2.66179300,237930,9.615567,237930,9.55785034,238506,4.033324,4.03182722
(11#)207/2,239857,2.497741,240209,2.66178400,239085,9.851214,239085,9.91478590,239661,4.034302,4.03167871
(13#)8,241393,2.514952,241393,2.66177500,240240,10.373704,240240,10.32445160,240816,4.027116,4.03206460
(11#)209/2,242119,2.534017,242533,2.66176600,241395,10.115740,241395,10.02075765,241971,4.027936,4.03255440
(11#)105,243043,2.536059,243703,2.66175700,242550,9.507377,242550,9.46401883,243126,4.026508,4.03162913
(11#)211/2,243736,2.522425,244859,2.66174800,244335,9.436526,243705,9.50926967,244281,4.028880,4.03213520
(11#)106,245587,2.544113,246011,2.66173900,244860,9.572942,244860,9.64952273,245436,4.030160,4.03233668
(11#)213/2,246518,2.561050,247141,2.66173100,246015,9.602910,246015,9.60108227,246591,4.023919,4.03154637
(11#)107,247868,2.534405,248323,2.66172200,247170,9.447924,247170,9.55402688,247746,4.019882,4.03164447
(11#)215/2,248867,2.548208,249463,2.66171400,248325,9.614912,248325,9.69468979,248901,4.018629,4.03178668
(11#)108,249512,2.527815,250619,2.66170500,249480,9.525514,249480,9.46383210,250056,4.020482,4.03204395
(11#)217/2,251081,2.534266,251789,2.66169700,250635,9.811819,250635,9.79013972,251211,4.022307,4.03246391
(11#)109,252071,2.523456,252937,2.66168800,252525,9.688881,252525,9.55716228,252366,4.020126,4.03111309
(11#)219/2,253741,2.514393,254083,2.66168000,252945,9.538312,253890,9.61205271,253521,4.021293,4.03225864
(11#)110,255214,2.528919,255253,2.66167100,254100,9.445794,254100,9.46371186,254676,4.020023,4.03125413
(17#)/2,259801,2.503359,262144,2.66161200,255255,10.988793,255255,11.01228466,262655,4.021829,4.03173688
(13#)9,272794,2.510783,285283,2.66146700,270270,10.226055,270270,10.32361264,277676,4.015871,4.03158852
(13#)19/2,285424,2.505523,300299,2.66137500,285285,10.849216,285285,10.93048147,292696,4.024227,4.03148816
(13#)10,303904,2.513081,315313,2.66128800,300300,10.240623,300300,10.32287406,307715,4.016165,4.03129558
(13#)21/2,324223,2.512902,330329,2.66120500,315315,10.316683,315315,10.32253710,322735,4.021814,4.03120815
(13#)11,340261,2.521429,345329,2.66112700,330330,10.393438,330330,10.32221960,337754,4.026793,4.03105185
(13#)23/2,354971,2.521369,360337,2.66105300,345345,10.823075,345345,10.81343727,352772,4.029882,4.03095388
(13#)12,366794,2.499164,375373,2.66098200,373065,10.606476,373065,10.68568261,367790,4.023750,4.03083304
(13#)25/2,386068,2.523716,390389,2.66091400,375375,10.254650,375375,10.32135581,382808,4.021013,4.03073028
(13#)13,401509,2.524416,405401,2.66085000,390390,10.231377,390390,10.32109578,397826,4.025903,4.03066035
(13#)27/2,414448,2.520611,420419,2.66078800,405405,10.260722,405405,10.32084621,412844,4.028104,4.03054414
(13#)14,431146,2.523703,435427,2.66072800,420420,10.366435,420420,10.32060646,427861,4.019928,4.03041941
(13#)29/2,448444,2.521152,450431,2.66067100,435435,10.808231,435435,10.70261344,442878,4.020104,4.03038146
(13#)15,463549,2.513127,465463,2.66061700,451605,10.436300,451605,10.57131934,457895,4.019759,4.03029261
(13#)31/2,467009,2.541140,480463,2.66056400,465465,10.580979,465465,10.67580632,472912,4.023432,4.03018165
(13#)16,488339,2.536748,495491,2.66051300,480480,10.362928,480480,10.31974148,487929,4.024909,4.03013025
(13#)33/2,498436,2.527659,510481,2.66046400,504735,10.409483,504735,10.49286298,502946,4.018886,4.03002728
(17#),515611,2.539315,524288,2.66041500,510510,11.026899,510510,11.00731275,517963,4.023058,4.02999237
(13#)35/2,535858,2.540830,540539,2.66037100,533715,10.416925,533715,10.37804023,532979,4.025258,4.02987887
(13#)18,548461,2.531963,555523,2.66032600,540540,10.269105,540540,10.31899420,547996,4.024553,4.02984974
(13#)37/2,569077,2.543991,570569,2.66028300,555555,10.602533,555555,10.61364589,563012,4.024540,4.02975282
(13#)19,571262,2.550486,585581,2.66024200,570570,10.952643,570570,10.92563636,578028,4.025788,4.02972731
(13#)39/2,588338,2.563074,600577,2.66020100,596505,10.294235,585585,10.31849508,593044,4.030078,4.02964547
(13#)20,612022,2.551653,615607,2.66016200,608685,10.472163,608685,10.43685650,608061,4.028766,4.02957413
(13#)41/2,621472,2.552996,630613,2.66012300,615615,10.612046,615615,10.58275446,623077,4.029579,4.02951534
(13#)21,633967,2.541689,645641,2.66008600,636405,10.435571,636405,10.38542014,638093,4.023799,4.02948428
(13#)43/2,656629,2.539026,660659,2.66005000,645645,10.621106,645645,10.56955020,653109,4.020593,4.02940941
(13#)22,674719,2.554681,675643,2.66001500,660660,10.350167,660660,10.31775367,668125,4.018334,4.02934011
(13#)45/2,686398,2.527108,690689,2.65998000,680295,10.361632,680295,10.35943223,683141,4.022226,4.02928441
(13#)23,703568,2.559020,705689,2.65994700,690690,10.755350,690690,10.80879355,698157,4.020029,4.02928464
(13#)47/2,713309,2.554701,720703,2.65991400,705705,10.426595,705705,10.54662963,713172,4.015841,4.02920334
(13#)24,733528,2.558252,735733,2.65988200,726495,10.308325,726495,10.37613560,728188,4.018742,4.02915453
(13#)49/2,748691,2.568782,750749,2.65985100,746130,10.671802,746130,10.68115151,743204,4.023585,4.02910259
(13#)25,758411,2.555201,765763,2.65982100,750750,10.251097,750750,10.31698454,758220,4.023248,4.02905137
(17#)3/2,770558,2.532269,780733,2.65979100,765765,10.999099,765765,11.00465781,773236,4.024490,4.02901799
(13#)26,787162,2.561586,795793,2.65976200,780780,10.368641,780780,10.31675112,788251,4.027030,4.02895034
(13#)53/2,804191,2.552045,810809,2.65973300,795795,10.541223,795795,10.51892550,803267,4.027693,4.02893204
(13#)27,819212,2.562766,825821,2.65970500,810810,10.304168,810810,10.31652871,818283,4.027196,4.02889549
(13#)55/2,831373,2.564720,840839,2.65967800,825825,10.346428,825825,10.31642083,833298,4.025062,4.02886340
(13#)28,850253,2.564273,855851,2.65965100,844305,10.393724,844305,10.33306561,848314,4.026855,4.02877482
(13#)57/2,860422,2.564422,870853,2.65962500,855855,10.950614,855855,10.92304735,863329,4.025773,4.02875221
(13#)29,883648,2.566164,885883,2.65960000,870870,10.618234,870870,10.69818857,878345,4.023344,4.02871216
(13#)59/2,891427,2.564719,900869,2.65957400,885885,10.480473,885885,10.49699368,893360,4.022435,4.02872867
(13#)30,909037,2.548728,915911,2.65955000,903210,10.547562,903210,10.56697357,908376,4.022216,4.02863004
(13#)61/2,915961,2.547074,930911,2.65952500,915915,10.513817,915915,10.49066203,923391,4.025072,4.02862333
(13#)31,944161,2.565326,945943,2.65950200,930930,10.674738,930930,10.67143888,938407,4.026097,4.02854916
(13#)63/2,957844,2.549019,960941,2.65947800,945945,10.247964,945945,10.31563219,953422,4.022507,4.02852973
(13#)32,968299,2.573348,975967,2.65945500,960960,10.287085,960960,10.31554150,968438,4.024792,4.02853008
(13#)65/2,990586,2.569172,990989,2.65943300,975975,10.325477,975975,10.31545274,983453,4.025200,4.02846752
(13#)33,1004449,2.563918,1006003,2.65941100,990990,10.305419,990990,10.31536589,998469,4.025667,4.02841781
(13#)67/2,1016921,2.561834,1021019,2.65938900,1009470,10.533132,1009470,10.48862638,1013484,4.027719,4.02838038
(17#)2,1034134,2.571303,1036027,2.65936800,1021020,11.021382,1021020,11.00287541,1028500,4.024783,4.02839806
(13#)69/2,1050706,2.556321,1048576,2.65934700,1036035,10.762380,1036035,10.80630875,1043515,4.023623,4.02832996
(13#)35,1053142,2.560025,1066063,2.65932600,1051050,10.288268,1051050,10.31503181,1058530,4.020838,4.02830789
(13#)71/2,1067611,2.564956,1081079,2.65930600,1066065,10.427962,1066065,10.46444377,1073546,4.021203,4.02826195
(13#)36,1093418,2.575284,1096079,2.65928600,1081080,10.323138,1081080,10.31487264,1088561,4.022840,4.02825261
(13#)73/2,1101119,2.571810,1111091,2.65926600,1096095,10.422884,1096095,10.46007390,1103576,4.022307,4.02823138
(13#)37,1116337,2.566773,1126093,2.65924700,1111110,10.634232,1119195,10.67872565,1118592,4.023773,4.02814287
(13#)75/2,1138519,2.571708,1141139,2.65922700,1138830,10.466797,1138830,10.45890051,1133607,4.024538,4.02816276
(13#)38,1154584,2.576126,1156151,2.65920900,1141140,10.959383,1141140,10.92130907,1148622,4.022717,4.02814537
(13#)77/2,1166306,2.582036,1171133,2.65919000,1156155,10.320161,1156155,10.31449679,1163638,4.021827,4.02810772
(13#)39,1171721,2.577143,1186181,2.65917200,1171170,10.342061,1171170,10.31442529,1178653,4.019398,4.02805581
(13#)79/2,1190542,2.575724,1201183,2.65915400,1186185,10.440871,1186185,10.44830720,1193668,4.020169,4.02804274
(13#)40,1201553,2.553525,1216213,2.65913600,1201200,10.337389,1201200,10.31428458,1208684,4.020610,4.02801920
(13#)81/2,1227416,2.574592,1231229,2.65911900,1217370,10.371182,1217370,10.43276504,1223699,4.021088,4.02800208
(13#)41,1239109,2.571541,1246243,2.65910100,1231230,10.509321,1231230,10.57861374,1238714,4.021250,4.02794885
(13#)83/2,1246537,2.571671,1261259,2.65908400,1246245,10.429753,1246245,10.44141593,1253730,4.023800,4.02795164
(13#)42,1271308,2.567174,1276271,2.65906700,1272810,10.412302,1272810,10.38137721,1268745,4.024418,4.02787031
(17#)5/2,1287808,2.580738,1291271,2.65905100,1276275,11.043507,1276275,11.00154720,1283760,4.027075,4.02790863
(13#)43,1305097,2.580555,1306289,2.65903500,1291290,10.502082,1291290,10.56544487,1298775,4.027418,4.02783462
(13#)87/2,1308529,2.570502,1321319,2.65901800,1306305,10.627386,1306305,10.69581686,1313791,4.025451,4.02788381
(13#)44,1327552,2.567012,1336333,2.65900300,1322685,10.478311,1322685,10.48362898,1328806,4.024633,4.02779808
(13#)89/2,1347289,2.580835,1351327,2.65898700,1336335,10.392350,1336335,10.43224742,1343821,4.027267,4.02778373
(13#)45,1352977,2.568573,1366349,2.65897100,1354815,10.541310,1354815,10.56464386,1358836,4.027589,4.02776522
(13#)91/2,1367291,2.578175,1381349,2.65895600,1366365,10.375962,1366365,10.31357855,1373851,4.026277,4.02772331
(13#)46,1392068,2.581279,1396393,2.65894100,1381380,10.830114,1381380,10.80463901,1388867,4.025719,4.02773653
(13#)93/2,1403569,2.576241,1411387,2.65892600,1396395,10.618802,1396395,10.66909708,1403882,4.025713,4.02770222
(13#)47,1421554,2.574203,1426393,2.65891100,1411410,10.606386,1411410,10.54258966,1418897,4.024658,4.02765059
(13#)95/2,1427329,2.563568,1441439,2.65889700,1426425,10.880402,1426425,10.92001320,1433912,4.026031,4.02767759
(13#)48,1446013,2.577389,1456451,2.65888200,1452990,10.410006,1452990,10.37217927,1448928,4.026228,4.02762390
(13#)97/2,1460213,2.583438,1471447,2.65886800,1456455,10.423028,1456455,10.42179375,1463943,4.025331,4.02762568
(13#)49,1485139,2.569529,1486451,2.65885400,1471470,10.291009,1471470,10.31317853,1478958,4.024003,4.02758305
(13#)99/2,1498438,2.572049,1501499,2.65884000,1492260,10.660100,1492260,10.67709497,1493973,4.025517,4.02757191
(13#)50,1508933,2.579741,1516513,2.65882600,1514205,10.444819,1514205,10.48635334,1508988,4.026623,4.02751176
(13#)101/2,1525204,2.588498,1531499,2.65881300,1516515,10.391610,1516515,10.41718872,1524004,4.027037,4.02751617
(17#)3,1538384,2.572062,1546537,2.65879900,1531530,10.911058,1531530,11.00049541,1539019,4.025439,4.02754136
(13#)103/2,1552613,2.581629,1561559,2.65878600,1546545,10.440663,1546545,10.41502046,1554034,4.023726,4.02746182
(13#)52,1568978,2.579733,1576571,2.65877300,1561560,10.299589,1561560,10.31286079,1569049,4.022457,4.02746025
(13#)105/2,1588283,2.576881,1591589,2.65876000,1576575,10.340241,1576575,10.31280992,1584064,4.022412,4.02742185
(13#)53,1600058,2.588112,1606603,2.65874700,1591590,10.517162,1591590,10.51497078,1599079,4.022262,4.02747650
(13#)107/2,1611293,2.582728,1621619,2.65873400,1606605,10.386320,1606605,10.41092631,1614095,4.021919,4.02737137
(13#)54,1625321,2.576631,1636627,2.65872200,1621620,10.277321,1621620,10.31266060,1629110,4.021606,4.02738609
(13#)109/2,1647964,2.569523,1651621,2.65871000,1636635,10.445347,1636635,10.40899143,1644125,4.021984,4.02737712
(13#)55,1658869,2.582682,1666657,2.65869700,1651650,10.300552,1651650,10.31256387,1659140,4.020193,4.02735306
(13#)111/2,1668971,2.593334,1681679,2.65868500,1666665,10.646756,1666665,10.60715947,1674155,4.020784,4.02732573
(13#)56,1693639,2.579746,1696693,2.65867300,1681680,10.324904,1688610,10.32921553,1689170,4.022044,4.02730614
(13#)113/2,1708321,2.575121,1711687,2.65866100,1708245,10.457128,1708245,10.45667512,1704185,4.021413,4.02727225
(13#)57,1725814,2.588012,1726693,2.65864900,1711710,10.891427,1711710,10.91898631,1719201,4.022880,4.02729683
(13#)115/2,1740821,2.579711,1741723,2.65863700,1726725,10.854782,1726725,10.80339350,1734216,4.022429,4.02725438
(13#)58,1746859,2.570141,1756747,2.65862600,1741740,10.645655,1741740,10.69422112,1749231,4.022083,4.02724159
(13#)117/2,1770016,2.583728,1771751,2.65861400,1763580,10.420863,1763580,10.48206782,1764246,4.022254,4.02720844
(13#)59,1777753,2.573578,1786781,2.65860300,1771770,10.461626,1771770,10.49311119,1779261,4.022744,4.02720968
(17#)7/2,1791778,2.589083,1801781,2.65859200,1786785,11.017322,1786785,10.99962821,1794276,4.022617,4.02722214
(13#)60,1802266,2.584393,1816813,2.65858100,1806420,10.502773,1806420,10.56307655,1809291,4.024345,4.02711231
(13#)121/2,1831436,2.577516,1831811,2.65857000,1826055,10.432310,1826055,10.43056730,1824307,4.022330,4.02716793
(13#)61,1835741,2.571404,1846843,2.65855900,1831830,10.469816,1831830,10.48680193,1839322,4.022317,4.02714288
(13#)123/2,1858867,2.583732,1861859,2.65854800,1846845,10.591260,1846845,10.57638925,1854337,4.021401,4.02714542
(13#)62,1872751,2.587271,1876859,2.65853700,1865325,10.692602,1865325,10.67587830,1869352,4.022001,4.02709181
(13#)125/2,1877164,2.577582,1891889,2.65852600,1887270,10.277793,1876875,10.31189578,1884367,4.024508,4.02708805
(13#)63,1892416,2.592349,1906889,2.65851600,1891890,10.339637,1891890,10.31185474,1899382,4.026083,4.02708688
(13#)127/2,1908661,2.585161,1921919,2.65850500,1906905,10.380434,1906905,10.39430840,1914397,4.025543,4.02702754
(13#)64,1931242,2.580351,1936889,2.65849500,1921920,10.273907,1921920,10.31177327,1929412,4.024467,4.02705186
(13#)129/2,1939141,2.593342,1951949,2.65848500,1936935,10.499537,1936935,10.56323884,1944428,4.024135,4.02703780
(13#)65,1953379,2.593798,1966963,2.65847500,1951950,10.300478,1951950,10.31169356,1959443,4.024194,4.02699179
(13#)131/2,1969936,2.574568,1981963,2.65846500,1966965,10.450061,1966965,10.39158946,1974458,4.024383,4.02701674
(13#)66,1988632,2.587112,1996979,2.65845500,1981980,10.330011,1981980,10.31161495,1989473,4.024762,4.02695461
(13#)133/2,1997902,2.586030,2012009,2.65844500,1996995,10.904198,1996995,10.91813952,2004488,4.025119,4.02696764
(13#)67,2021137,2.583325,2027023,2.65843500,2012010,10.472543,2018940,10.48482309,2019503,4.023133,4.02694669
(13#)135/2,2033041,2.591447,2042039,2.65842500,2027025,10.334879,2040885,10.35329657,2034518,4.022199,4.02693151
(17#)4,2053553,2.579809,2057053,2.65841500,2042040,11.036389,2042040,10.99889284,2049533,4.021445,4.02694664
(13#)137/2,2071096,2.585053,2072053,2.65840600,2057055,10.384211,2057055,10.38780553,2064548,4.022897,4.02687581
(13#)69,2076304,2.586796,2087081,2.65839600,2072070,10.805614,2072070,10.80240611,2079563,4.023464,4.02690582
(13#)139/2,2098952,2.580068,2097152,2.65838900,2087085,10.430932,2087085,10.38661618,2094579,4.023311,4.02687197
(13#)70,2106019,2.587094,2117099,2.65837800,2102100,10.284755,2102100,10.31131420,2109594,4.024419,4.02687715
(13#)141/2,2118514,2.592353,2132129,2.65836800,2117115,10.494377,2117115,10.54041751,2124609,4.025513,4.02685733
(13#)71,2136091,2.592237,2147137,2.65835900,2132130,10.457275,2132130,10.46068053,2139624,4.027592,4.02681673
(13#)143/2,2149759,2.601746,2162137,2.65835000,2147145,10.320896,2147145,10.31120661,2154639,4.028288,4.02682824
(13#)72,2166772,2.597074,2177167,2.65834100,2162160,10.288540,2162160,10.31117114,2169654,4.027753,4.02679913
(13#)145/2,2191216,2.591899,2192161,2.65833200,2177175,10.658869,2177175,10.69303001,2184669,4.028329,4.02678453
(13#)73,2198473,2.595378,2207203,2.65832300,2192190,10.453470,2204475,10.48090249,2199684,4.027407,4.02679693
(13#)147/2,2210389,2.596815,2222219,2.65831400,2207205,10.304683,2207205,10.31106693,2214699,4.026677,4.02673255
(13#)74,2222702,2.600920,2237219,2.65830600,2222220,10.622445,2222220,10.60563349,2229714,4.025444,4.02678569
(13#)149/2,2246323,2.596339,2252233,2.65829700,2238390,10.682244,2238390,10.67491363,2244729,4.024592,4.02672688
(13#)75,2263843,2.582011,2267263,2.65828800,2258025,10.597085,2258025,10.56190649,2259745,4.025546,4.02672518
(13#)151/2,2279476,2.588150,2282257,2.65828000,2277660,10.450425,2277660,10.45517626,2274760,4.025979,4.02671021
(13#)76,2294377,2.602427,2297291,2.65827100,2282280,10.950591,2282280,10.91742164,2289775,4.027400,4.02671137
(17#)9/2,2309311,2.594955,2312293,2.65826300,2297295,10.993740,2297295,10.99825627,2304790,4.027674,4.02668802
(13#)77,2316212,2.583454,2327323,2.65825400,2312310,10.332900,2312310,10.31083268,2319805,4.025037,4.02665653
(13#)155/2,2338396,2.592073,2342309,2.65824600,2327325,10.635097,2327325,10.66634505,2334820,4.022541,4.02669273
(13#)78,2352563,2.595422,2357353,2.65823800,2342340,10.308031,2342340,10.31076786,2349835,4.021785,4.02664444
(13#)157/2,2368486,2.590531,2372369,2.65823000,2357355,10.382456,2357355,10.37725674,2364850,4.019313,4.02663675
(13#)79,2375998,2.595066,2387383,2.65822100,2372370,10.436121,2372370,10.44460949,2379865,4.019028,4.02660057
(13#)159/2,2391856,2.585609,2402383,2.65821300,2387385,10.481667,2387385,10.51284276,2394880,4.018691,4.02662979
(13#)80,2409742,2.596264,2417399,2.65820500,2415105,10.317553,2415105,10.33999007,2409895,4.021541,4.02658993
(13#)161/2,2425117,2.592377,2432429,2.65819700,2417415,10.848812,2417415,10.80159164,2424910,4.022869,4.02658269
(13#)81,2434183,2.589718,2447437,2.65818900,2434740,10.439245,2434740,10.42908697,2439925,4.020824,4.02660025
(13#)163/2,2459998,2.595797,2462443,2.65818200,2447445,10.350323,2447445,10.37458950,2454941,4.022033,4.02656233
(13#)82,2473948,2.581392,2477471,2.65817400,2462460,10.519163,2462460,10.57489055,2469956,4.023450,4.02655652
(13#)165/2,2484971,2.595580,2492461,2.65816600,2477475,10.298519,2477475,10.31048807,2484971,4.024808,4.02653753
(13#)83,2495473,2.597962,2507489,2.65815800,2492490,10.440886,2492490,10.43774779,2499986,4.024687,4.02653111
(13#)167/2,2511253,2.602871,2522503,2.65815100,2507505,10.336269,2507505,10.37291583,2515001,4.023080,4.02650821
(13#)84,2525273,2.595884,2537527,2.65814300,2523675,10.555232,2523675,10.48368037,2530016,4.022547,4.02652089
(13#)169/2,2548498,2.597963,2552531,2.65813600,2545620,10.404740,2545620,10.37774147,2545031,4.022794,4.02645929
(17#)5,2555363,2.595337,2567557,2.65812800,2552550,10.990122,2552550,10.99769622,2560046,4.023784,4.02649415
(13#)171/2,2578036,2.596895,2582551,2.65812100,2567565,10.927081,2567565,10.91680009,2575061,4.023212,4.02646877
(13#)86,2594246,2.593958,2597591,2.65811300,2582580,10.555780,2582580,10.56175258,2590076,4.023064,4.02648283
(13#)173/2,2612419,2.590050,2612549,2.65810600,2611455,10.649748,2611455,10.67411780,2605091,4.023686,4.02642322
(13#)87,2622619,2.592665,2627617,2.65809900,2612610,10.665395,2612610,10.69208555,2620106,4.024152,4.02647692
(13#)175/2,2640928,2.597647,2642639,2.65809100,2627625,10.287385,2627625,10.31019711,2635121,4.024809,4.02643077
(13#)88,2653489,2.589649,2657651,2.65808400,2645370,10.513061,2645370,10.47997845,2650136,4.023424,4.02637602
(13#)177/2,2662903,2.599814,2672639,2.65807700,2657655,10.515490,2657655,10.49102074,2665151,4.022717,4.02644069
(13#)89,2683354,2.590833,2687677,2.65807000,2672670,10.448972,2672670,10.42862055,2680166,4.022602,4.02637357
(13#)179/2,2695961,2.593039,2702681,2.65806300,2687685,10.373355,2687685,10.36833505,2695182,4.024228,4.02639290
(13#)90,2717602,2.598752,2717713,2.65805600,2709630,10.531578,2709630,10.56097842,2710197,4.024568,4.02636255
(13#)181/2,2719121,2.594914,2732701,2.65804900,2717715,10.373315,2717715,10.36762930,2725212,4.024978,4.02634151
(13#)91,2739127,2.593271,2747713,2.65804200,2732730,10.330420,2732730,10.31000447,2740227,4.025015,4.02639275
(13#)183/2,2759311,2.597895,2762759,2.65803500,2747745,10.487651,2747745,10.48472303,2755242,4.023352,4.02632995
(13#)92,2774917,2.605239,2777771,2.65802800,2762760,10.764456,2762760,10.80090092,2770257,4.023206,4.02631908
(13#)185/2,2781718,2.593394,2792773,2.65802200,2777775,10.572399,2777775,10.60449365,2785272,4.023903,4.02633703
(13#)93,2798351,2.597376,2807789,2.65801500,2792790,10.664870,2792790,10.66541189,2800287,4.023608,4.02629351
(17#)11/2,2812492,2.599243,2822819,2.65800800,2807805,11.026623,2807805,10.99719679,2815302,4.024231,4.02631658
(13#)94,2825503,2.600128,2837803,2.65800100,2822820,10.524421,2822820,10.53895356,2830317,4.023802,4.02629508
(13#)189/2,2849842,2.600123,2852849,2.65799500,2847075,10.459202,2847075,10.45405660,2845332,4.024583,4.02626368
(13#)95,2863901,2.601423,2867861,2.65798800,2852850,10.928454,2852850,10.91625293,2860347,4.022967,4.02625850
(13#)191/2,2873672,2.596843,2882863,2.65798200,2867865,10.356545,2867865,10.36431793,2875362,4.022211,4.02628536
(13#)96,2895122,2.601897,2897893,2.65797500,2882880,10.248443,2882880,10.30974340,2890377,4.021965,4.02628698
(13#)193/2,2904764,2.591674,2912893,2.65796900,2897895,10.355880,2905980,10.36861723,2905392,4.021080,4.02621151
(13#)97,2919424,2.602268,2927917,2.65796200,2912910,10.357723,2912910,10.41821626,2920407,4.021230,4.02624046
(13#)195/2,2936938,2.587620,2942909,2.65795600,2927925,10.312033,2927925,10.30966823,2935422,4.020361,4.02621210
(13#)98,2949664,2.600223,2957947,2.65794900,2942940,10.281846,2942940,10.30964334,2950437,4.021654,4.02619460
(13#)197/2,2970467,2.599407,2972969,2.65794300,2957955,10.369046,2957955,10.36248852,2965452,4.022814,4.02622091
(13#)99,2980234,2.595608,2987983,2.65793700,2984520,10.632571,2984520,10.67344279,2980468,4.023266,4.02618015
(13#)199/2,2997242,2.598877,3002981,2.65793100,2987985,10.368039,2987985,10.36190275,2995483,4.023563,4.02621109
(13#)100,3004042,2.591117,3018013,2.65792400,3003000,10.291427,3003000,10.30954559,3010498,4.022736,4.02615625
(13#)201/2,3021439,2.592341,3033011,2.65791800,3028410,10.495771,3028410,10.48277399,3025513,4.021227,4.02615573
(13#)101,3040787,2.595932,3048043,2.65791200,3043425,10.432756,3043425,10.42798092,3040528,4.021788,4.02614758
(13#)203/2,3053924,2.607868,3063059,2.65790600,3048045,10.631139,3048045,10.69130618,3055543,4.021990,4.02613624
(17#)6,3066709,2.591466,3078073,2.65790000,3063060,10.976011,3063060,10.99674671,3070558,4.022979,4.02616290
(13#)205/2,3092806,2.597068,3093071,2.65789400,3078075,10.606222,3078075,10.57377076,3085573,4.023210,4.02615158
(13#)103,3107012,2.604617,3108103,2.65788800,3093090,10.413728,3093090,10.41147647,3100588,4.022643,4.02607724
(13#)207/2,3115766,2.600286,3123091,2.65788200,3108105,10.807899,3108105,10.80030273,3115603,4.022254,4.02610762
(13#)104,3127703,2.602558,3138131,2.65787600,3123120,10.248170,3123120,10.30935662,3130618,4.023478,4.02611340
(13#)209/2,3144191,2.605823,3153149,2.65787000,3138135,10.916772,3138135,10.91576497,3145633,4.023331,4.02609847
(13#)105,3159916,2.603373,3168119,2.65786400,3161235,10.562500,3161235,10.56021253,3160648,4.023981,4.02609014
(13#)211/2,3177964,2.601562,3183179,2.65785800,3168165,10.373595,3182025,10.37664789,3175663,4.023639,4.02606967
(13#)106,3192643,2.602437,3198191,2.65785200,3183180,10.527833,3183180,10.51140769,3190678,4.023500,4.02605656
(13#)213/2,3201973,2.598668,3213163,2.65784700,3198195,10.513056,3198195,10.45865200,3205693,4.023288,4.02606046
(13#)107,3226558,2.596537,3228223,2.65784100,3213210,10.372664,3213210,10.40740341,3220708,4.023019,4.02605035
(13#)215/2,3235957,2.604722,3243239,2.65783500,3228225,10.514264,3228225,10.56064191,3235723,4.023411,4.02602073
(13#)108,3245252,2.608783,3258247,2.65783000,3247860,10.321276,3243240,10.30917579,3250738,4.023685,4.02605031
(13#)217/2,3260314,2.604682,3273269,2.65782400,3258255,10.632892,3258255,10.66464178,3265753,4.024433,4.02601162
(13#)109,3275093,2.605763,3288269,2.65781800,3273270,10.421478,3273270,10.40547889,3280768,4.024826,4.02601479
(13#)219/2,3290396,2.600457,3303281,2.65781300,3288285,10.467330,3288285,10.45430876,3295783,4.025163,4.02598991
(13#)110,3317926,2.603487,3318307,2.65780700,3303300,10.297571,3303300,10.30908822,3310798,4.025576,4.02600358
(17#)13/2,3326234,2.605172,3333313,2.65780200,3318315,11.012949,3318315,10.99633771,3325814,4.026635,4.02600739
(13#)111,3341761,2.604131,3348307,2.65779600,3333330,10.550614,3333330,10.60358935,3340829,4.025846,4.02596718
(13#)223/2,3354079,2.597185,3363343,2.65779000,3357585,10.696223,3357585,10.67285814,3355844,4.025361,4.02597701
(13#)112,3364727,2.596771,3378373,2.65778500,3377220,10.313880,3377220,10.32574548,3370859,4.025149,4.02593786
(13#)225/2,3380669,2.605672,3393373,2.65778000,3378375,10.330092,3378375,10.30898128,3385874,4.025508,4.02599421
(13#)113,3395806,2.609983,3408389,2.65777400,3393390,10.445844,3393390,10.40183382,3400889,4.025095,4.02594032
(13#)227/2,3411274,2.603699,3423419,2.65776900,3416490,10.413463,3416490,10.45316826,3415904,4.024892,4.02589003
(13#)114,3434458,2.611137,3438419,2.65776300,3423420,10.875278,3423420,10.91532538,3430919,4.025330,4.02597047
(13#)229/2,3439621,2.611954,3453409,2.65775800,3438435,10.399029,3438435,10.35431131,3445934,4.025257,4.02589375
(13#)115,3464267,2.603425,3468463,2.65775300,3453450,10.765139,3453450,10.79977602,3460949,4.024572,4.02594304
(13#)231/2,3479059,2.604518,3483463,2.65774800,3468465,10.247681,3468465,10.30885657,3475964,4.025484,4.02589804
(13#)116,3489916,2.613878,3498493,2.65774200,3483480,10.703115,3483480,10.69064479,3490979,4.025758,4.02589469
(13#)233/2,3502439,2.610699,3513491,2.65773700,3498495,10.351246,3498495,10.35344261,3505994,4.025793,4.02592555
(13#)117,3515401,2.612171,3528521,2.65773200,3527160,10.503005,3527160,10.47856878,3521009,4.025960,4.02583902
(13#)235/2,3539002,2.606307,3543523,2.65772700,3528525,10.546638,3528525,10.53785931,3536024,4.026584,4.02588954
(13#)118,3553097,2.606045,3558553,2.65772200,3543540,10.484501,3543540,10.48961064,3551039,4.026295,4.02585579
(13#)237/2,3561149,2.602978,3573529,2.65771600,3558555,10.470675,3558555,10.44261502,3566054,4.026265,4.02584037
(17#)7,3576721,2.610207,3588527,2.65771100,3573570,11.047450,3573570,10.99596328,3581069,4.025997,4.02586552
(13#)239/2,3591949,2.611007,3603583,2.65770600,3588585,10.353998,3588585,10.35219242,3596084,4.026232,4.02587346
(13#)120,3616831,2.603235,3618583,2.65770100,3612840,10.550401,3612840,10.55956272,3611099,4.025820,4.02581033
(13#)241/2,3633412,2.606239,3633583,2.65769600,3618615,10.347228,3632475,10.36754503,3626114,4.025635,4.02581938
(13#)121,3644584,2.609578,3648643,2.65769100,3633630,10.288517,3633630,10.30863711,3641129,4.026287,4.02583403
(13#)243/2,3658834,2.606500,3663659,2.65768600,3652110,10.420645,3652110,10.42710307,3656144,4.025213,4.02581512
(13#)122,3675767,2.603042,3678671,2.65768100,3663660,10.472942,3663660,10.48332036,3671159,4.025038,4.02579636
(13#)245/2,3682709,2.606978,3693689,2.65767600,3678675,10.294933,3678675,10.30857915,3686174,4.024867,4.02581121
(13#)123,3704819,2.596930,3708697,2.65767100,3693690,10.587972,3693690,10.57288217,3701189,4.024306,4.02576860
(13#)247/2,3722221,2.602626,3723719,2.65766700,3708705,10.902911,3708705,10.91492586,3716204,4.023867,4.02579764
(13#)124,3735406,2.608630,3738733,2.65766200,3723720,10.698513,3730650,10.67234333,3731219,4.023309,4.02577269
(13#)249/2,3753443,2.600434,3753721,2.65765700,3738735,10.470568,3738735,10.43576869,3746234,4.023063,4.02575739
(13#)125,3760034,2.593551,3768731,2.65765200,3753750,10.359482,3753750,10.30848454,3761250,4.022751,4.02578699
(13#)251/2,3783313,2.604192,3783739,2.65764700,3768765,10.356264,3768765,10.34986532,3776265,4.021922,4.02575587
(13#)126,3797879,2.598422,3798793,2.65764200,3783780,10.307245,3783780,10.30844719,3791280,4.021418,4.02572815
(13#)253/2,3801443,2.606210,3813773,2.65763800,3798795,10.766849,3798795,10.79930623,3806295,4.022916,4.02572876
(13#)127,3822034,2.613491,3828821,2.65763300,3813810,10.398620,3813810,10.39087761,3821310,4.023120,4.02573496
(17#)15/2,3834151,2.598408,3843823,2.65762800,3828825,10.973156,3828825,10.99561811,3836325,4.022357,4.02574293
(13#)128,3853924,2.606403,3858851,2.65762400,3843840,10.340503,3843840,10.30837365,3851340,4.021703,4.02570719
(13#)257/2,3858931,2.597507,3873847,2.65761900,3858855,10.291263,3858855,10.34878038,3866355,4.020878,4.02569575
(13#)129,3883478,2.594628,3888851,2.65761400,3873870,10.552452,3873870,10.55976030,3881370,4.021217,4.02570830
(13#)259/2,3891541,2.606291,3903899,2.65761000,3888885,10.520863,3888885,10.60284283,3896385,4.020545,4.02572439
(13#)130,3912628,2.602100,3918913,2.65760500,3903900,10.309408,3903900,10.30830140,3911400,4.020509,4.02565586
(13#)261/2,3927556,2.600320,3933929,2.65760000,3918915,10.681603,3918915,10.69007182,3926415,4.021378,4.02568214
(13#)131,3936293,2.599760,3948911,2.65759600,3933930,10.402587,3933930,10.38817487,3941430,4.022974,4.02571038
(13#)263/2,3961283,2.606488,3963959,2.65759100,3948945,10.326406,3948945,10.34774332,3956445,4.024139,4.02566142
(13#)132,3974746,2.609044,3978971,2.65758700,3968055,10.495440,3968055,10.47800816,3971460,4.023653,4.02564641
(13#)265/2,3992123,2.608902,3993959,2.65758200,3978975,10.494102,3978975,10.51033468,3986475,4.023144,4.02564798
(13#)133,3996758,2.606043,4009003,2.65757800,3993990,10.893006,3993990,10.91455989,4001490,4.022604,4.02564992
(13#)267/2,4015034,2.596429,4024003,2.65757300,4009005,10.414502,4009005,10.42666285,4016505,4.023049,4.02566079
(13#)134,4034477,2.610102,4039019,2.65756900,4037880,10.495796,4037880,10.48139085,4031520,4.022068,4.02564885
(13#)269/2,4047991,2.608708,4054033,2.65756400,4039035,10.320639,4039035,10.34675067,4046535,4.021831,4.02561068
(13#)135,4060838,2.605187,4069063,2.65756000,4064445,10.557211,4064445,10.55899975,4061550,4.021517,4.02561461
(13#)271/2,4069376,2.607269,4084079,2.65755600,4069065,10.350307,4081770,10.34991257,4076565,4.021795,4.02559380
(17#)8,4087942,2.607185,4099093,2.65755100,4084080,10.942511,4084080,10.99529819,4091580,4.021709,4.02562741
(13#)273/2,4099112,2.611193,4114087,2.65754700,4103715,10.663774,4103715,10.67188411,4106595,4.022358,4.02560250
(13#)137,4115572,2.602570,4129109,2.65754300,4114110,10.395676,4114110,10.38441425,4121610,4.022142,4.02560312
(13#)275/2,4131313,2.600695,4144121,2.65753800,4129125,10.314724,4129125,10.30804143,4136625,4.021850,4.02557203
(13#)138,4154263,2.606322,4159153,2.65753400,4144140,10.791172,4144140,10.79888292,4151640,4.021580,4.02559656
(13#)277/2,4161457,2.607097,4174151,2.65753000,4159155,10.320586,4159155,10.34549158,4166655,4.021656,4.02559094
(13#)139,4186967,2.607727,4189183,2.65752500,4174170,10.382523,4174170,10.38323218,4181670,4.022006,4.02554083
(13#)279/2,4197376,2.593242,4194304,2.65752300,4189185,10.684966,4189185,10.66342222,4196685,4.023351,4.02558385
(13#)140,4208627,2.613973,4219211,2.65751700,4204200,10.308764,4204200,10.30795826,4211700,4.023509,4.02554390
(13#)281/2,4222718,2.607053,4234229,2.65751300,4219215,10.327187,4219215,10.34488787,4226715,4.023618,4.02554418
(13#)141,4242659,2.608260,4249241,2.65750800,4234230,10.549177,4234230,10.53699058,4241730,4.023123,4.02553222
(13#)283/2,4254164,2.607386,4264259,2.65750400,4260795,10.425283,4260795,10.42637830,4256745,4.022150,4.02553256
(13#)142,4270639,2.603665,4279267,2.65750000,4264260,10.438249,4264260,10.45728274,4271760,4.021856,4.02556357
(13#)285/2,4280083,2.607170,4294259,2.65749600,4279275,10.941666,4279275,10.91422253,4286775,4.021521,4.02552039
(13#)143,4298422,2.609440,4309297,2.65749200,4294290,10.301348,4294290,10.30786081,4301790,4.021182,4.02550345
(13#)287/2,4323628,2.609173,4324303,2.65748800,4309305,10.567129,4309305,10.57214850,4316805,4.020851,4.02552259
(13#)144,4333132,2.610882,4339333,2.65748400,4324320,10.265495,4324320,10.30782876,4331820,4.020752,4.02549725
(17#)17/2,4342687,2.606964,4354349,2.65748000,4339335,10.968831,4339335,10.99500038,4346836,4.021092,4.02548793
(13#)145,4354381,2.614402,4369349,2.65747500,4354350,10.696809,4354350,10.68956735,4361851,4.021014,4.02550616
(13#)291/2,4372499,2.601775,4384379,2.65747100,4369365,10.366075,4369365,10.41628427,4376866,4.021239,4.02546112
(13#)146,4392541,2.607219,4399363,2.65746700,4384380,10.457907,4384380,10.45294533,4391881,4.021745,4.02551618
(13#)293/2,4400353,2.604258,4414379,2.65746300,4408950,10.489622,4408950,10.47751456,4406896,4.022721,4.02548029
(13#)147,4416868,2.603212,4429417,2.65745900,4414410,10.314158,4414410,10.30773436,4421911,4.022041,4.02543244
(13#)295/2,4441462,2.609455,4444409,2.65745500,4429425,10.466496,4429425,10.48855600,4436926,4.022183,4.02545874
(13#)148,4447771,2.609820,4459451,2.65745100,4444440,10.586526,4444440,10.60220910,4451941,4.021914,4.02549449
(13#)297/2,4469884,2.605726,4474469,2.65744700,4459455,10.285768,4459455,10.30768788,4466956,4.021545,4.02543929
(13#)149,4475881,2.602272,4489483,2.65744300,4476780,10.655170,4476780,10.67147029,4481971,4.022335,4.02541661
(13#)299/2,4499059,2.612312,4504457,2.65744000,4489485,10.808306,4489485,10.79849812,4496986,4.022734,4.02546600
(13#)150,4512502,2.605336,4519499,2.65743600,4516050,10.578518,4516050,10.55850393,4512001,4.022845,4.02542530
(13#)301/2,4520101,2.610048,4534501,2.65743200,4519515,10.525330,4519515,10.55903235,4527016,4.021995,4.02543478
(13#)151,4540321,2.610081,4549537,2.65742800,4542615,10.482914,4542615,10.48084061,4542031,4.021579,4.02540934
(13#)303/2,4562161,2.604160,4564559,2.65742400,4555320,10.437256,4555320,10.45181229,4557046,4.021623,4.02540144
(13#)152,4568336,2.615511,4579567,2.65742000,4564560,10.902882,4564560,10.91390996,4572061,4.022721,4.02541308
(13#)305/2,4593406,2.608216,4594589,2.65741600,4579575,10.497038,4579575,10.48227120,4587076,4.023290,4.02539871
(17#)9,4602932,2.612112,4609597,2.65741200,4594590,11.013391,4594590,10.99472197,4602091,4.023233,4.02541219
(13#)307/2,4621748,2.615499,4624603,2.65740900,4614225,10.327417,4609605,10.34133221,4617106,4.023139,4.02540167
(13#)154,4638149,2.615785,4639633,2.65740500,4624620,10.313539,4624620,10.30752216,4632121,4.023987,4.02539279
(13#)309/2,4642907,2.600257,4654649,2.65740100,4639635,10.385469,4639635,10.40956196,4647136,4.024708,4.02536158
(13#)155,4657141,2.599418,4669627,2.65739700,4654650,10.684694,4654650,10.66292360,4662151,4.024510,4.02538781
(13#)311/2,4674077,2.610601,4684661,2.65739400,4669665,10.337256,4669665,10.34083573,4677166,4.024329,4.02537210
(13#)156,4687861,2.607950,4699691,2.65739000,4684680,10.323337,4684680,10.30746356,4692181,4.025347,4.02534243
(13#)313/2,4710718,2.609368,4714691,2.65738600,4699695,10.315135,4699695,10.34059197,4707196,4.025943,4.02537004
(13#)157,4729297,2.607043,4729693,2.65738200,4714710,10.403343,4714710,10.37393423,4722211,4.025480,4.02533177
(13#)315/2,4734448,2.611760,4744711,2.65737900,4729725,10.314079,4729725,10.30742023,4737226,4.025829,4.02539465
(13#)158,4749676,2.609849,4759753,2.65737500,4744740,10.428123,4744740,10.44126823,4752241,4.025604,4.02530642
(13#)317/2,4765841,2.612665,4774769,2.65737100,4762065,10.338118,4762065,10.34920434,4767256,4.025124,4.02530897
(13#)159,4785362,2.612487,4789783,2.65736800,4774770,10.484377,4774770,10.50948275,4782271,4.024686,4.02536887
(13#)319/2,4792159,2.588525,4804799,2.65736400,4789785,10.688939,4789785,10.68911730,4797286,4.024504,4.02530406
(13#)160,4818013,2.609266,4819813,2.65736000,4804800,10.336307,4804800,10.30734890,4812301,4.024619,4.02533851
(13#)321/2,4824811,2.601355,4834829,2.65735700,4819815,10.347396,4819815,10.40549989,4827316,4.024711,4.02528138
(13#)161,4837909,2.605804,4849843,2.65735300,4834830,10.814107,4834830,10.79814560,4842331,4.024714,4.02528505
(19#)/2,4918721,2.600756,5105063,2.65729400,4849845,11.627998,4849845,11.64119356,4975835,4.024412,4.02526037
(17#)10,5167067,2.597599,5360353,2.65723700,5105100,10.973033,5105100,10.99421436,5231170,4.023687,4.02517167
(17#)21/2,5572393,2.607352,5615609,2.65718400,5360355,10.996228,5360355,10.99398182,5486498,4.022964,4.02509024
(17#)11,5638274,2.605302,5870857,2.65713300,5615610,11.017141,5615610,10.99376161,5741819,4.023038,4.02500762
(17#)23/2,5878723,2.605254,6126091,2.65708500,5870865,11.544510,5870865,11.51705495,5997134,4.023694,4.02493829
(17#)12,6175451,2.603294,6381371,2.65703900,6126120,10.958300,6126120,10.99335334,6252445,4.023551,4.02486326
(17#)25/2,6634582,2.604438,6636611,2.65699600,6561555,11.429827,6561555,11.43183220,6507751,4.022335,4.02479810
(17#)13,6670333,2.604986,6891883,2.65695400,6636630,10.980666,6636630,10.99298213,6763053,4.021064,4.02473123
(17#)27/2,6924206,2.610703,7147139,2.65691300,6891885,10.959842,6891885,10.99280847,7018352,4.022450,4.02466845
(17#)14,7376626,2.610535,7402363,2.65687500,7147140,10.983079,7147140,10.99264193,7273647,4.023505,4.02460821
(17#)29/2,7515967,2.611962,7657613,2.65683800,7402395,11.421215,7402395,11.39961102,7528940,4.022993,4.02455322
(17#)15,7808617,2.611891,7912889,2.65680200,7657650,10.989580,7657650,10.99232835,7784231,4.023149,4.02449553
(17#)31/2,8143934,2.607556,8168117,2.65676700,7912905,11.339395,7912905,11.37122102,8039519,4.023468,4.02444648
(17#)16,8377064,2.615094,8388608,2.65673800,8273265,11.322354,8273265,11.31527384,8294805,4.023740,4.02439130
(17#)33/2,8527412,2.609130,8678669,2.65670200,8580495,11.190130,8580495,11.17655382,8550090,4.024240,4.02434302
(17#)17,8870593,2.615707,8933917,2.65667100,8843835,11.289899,8843835,11.28709838,8805372,4.023323,4.02429482
(17#)35/2,9121549,2.613892,9189157,2.65664000,8933925,10.957271,8933925,10.99163805,9060653,4.022226,4.02424841
(17#)18,9307022,2.615493,9444403,2.65661100,9189180,10.992908,9189180,10.99151340,9315933,4.022797,4.02420328
(17#)37/2,9601418,2.616651,9699667,2.65658300,9444435,11.317320,9444435,11.30543243,9571211,4.022829,4.02415900
