START,n_1,C_max,Npred_1,Cpred_max,Lambda_max
4,4,3.843624,4,2.870137,2.920559e-01
5,5,2.590290,5,4.266093,-4.989285e-01
6,6,3.210402,6,5.413807,-5.225564e-01
8,8,2.162039,8,2.814638,-2.637820e-01
9,9,4.827796,9,5.820367,-1.869733e-01
10,10,2.120759,10,3.855372,-5.976934e-01
12,12,4.116507,12,5.565937,-3.016603e-01
13,13,2.192988,13,3.090238,-3.429828e-01
14,14,1.989892,14,3.390541,-5.329090e-01
5PR/2,21,5.561470,15,7.379969,-2.829069e-01
5PR,30,6.169677,30,7.340724,-1.737911e-01
5PR3/2,45,6.586672,45,7.286662,-1.009973e-01
5PR2,60,6.705463,60,7.244948,-7.738180e-02
5PR5/2,75,7.053239,75,7.231355,-2.493941e-02
5PR3,90,5.399543,90,7.231854,-2.921811e-01
7PR/2,105,8.330518,105,8.666866,-3.958158e-02
5PR4,120,6.876023,120,7.209288,-4.732968e-02
5PR9/2,135,6.464343,135,7.204101,-1.083490e-01
5PR5,150,5.356046,150,7.205112,-2.965647e-01
5PR11/2,165,7.630443,165,8.000826,-4.739895e-02
5PR6,189,7.015126,180,7.193559,-2.511729e-02
5PR13/2,195,7.452759,195,7.844289,-5.120148e-02
7PR,210,8.169017,210,8.629795,-5.487214e-02
5PR15/2,225,6.285888,225,7.188834,-1.342219e-01
5PR8,252,6.794352,240,7.184044,-5.577072e-02
5PR17/2,255,7.253292,255,7.660853,-5.466795e-02
5PR9,270,6.964962,270,7.182813,-3.079901e-02
5PR19/2,294,6.152967,285,7.603372,-2.116574e-01
5PR10,300,6.940402,300,7.177433,-3.358208e-02
7PR3/2,315,8.431106,315,8.611154,-2.113037e-02
5PR11,330,7.744970,330,7.974019,-2.914507e-02
5PR23/2,345,7.941165,345,7.516904,5.490568e-02
5PR12,360,6.159328,360,7.172463,-1.522814e-01
5PR25/2,375,6.011286,375,7.171314,-1.764502e-01
5PR13,390,6.571367,390,7.823875,-1.744580e-01
5PR27/2,405,6.067260,405,7.170786,-1.671083e-01
7PR2,420,7.991882,420,8.602239,-7.359628e-02
5PR29/2,435,7.484021,435,7.433066,6.831787e-03
5PR15,462,7.496438,450,7.168104,4.478683e-02
5PR31/2,465,7.479882,465,7.414349,8.799939e-03
5PR16,483,6.655973,480,7.165311,-7.373683e-02
5PR33/2,495,7.792821,495,7.960590,-2.130012e-02
5PR17,510,7.011460,510,7.642647,-8.619809e-02
7PR5/2,525,7.786138,525,8.597070,-9.907645e-02
5PR18,540,7.037128,540,7.162600,-1.767301e-02
5PR37/2,555,6.919167,555,7.366560,-6.265555e-02
5PR19,570,7.912132,570,7.583656,4.240194e-02
5PR39/2,585,7.507745,585,7.812755,-3.982242e-02
5PR20,609,7.032215,600,7.160273,-1.804630e-02
5PR41/2,615,7.253455,615,7.343276,-1.230717e-02
7PR3,630,7.913772,630,8.592078,-8.223607e-02
5PR43/2,645,6.238688,645,7.334121,-1.617676e-01
5PR22,660,7.918936,660,7.953603,-4.368088e-03
5PR45/2,675,7.304469,675,7.157732,2.029310e-02
5PR23,693,7.172064,690,7.498934,-4.456729e-02
5PR47/2,714,7.256555,705,7.316630,-8.244569e-03
5PR24,720,6.733463,720,7.156448,-6.092420e-02
7PR7/2,735,8.545496,735,8.587192,-4.867430e-03
5PR25,750,7.245794,750,7.156308,1.242704e-02
5PR51/2,765,7.155636,765,7.632918,-6.456992e-02
5PR26,780,7.049908,780,7.805285,-1.017865e-01
5PR53/2,795,6.515906,795,7.294718,-1.129043e-01
5PR27,810,6.644484,810,7.154728,-7.398628e-02
5PR55/2,825,7.662005,825,7.949250,-3.680379e-02
7PR4,840,8.204146,840,8.584079,-4.526954e-02
5PR57/2,855,7.471700,855,7.573794,-1.357158e-02
5PR29,870,7.793391,870,7.418238,4.933455e-02
5PR59/2,885,7.917102,885,7.278424,8.411083e-02
5PR30,900,6.786644,900,7.152086,-5.244739e-02
5PR61/2,915,6.918699,915,7.272963,-4.993601e-02
5PR31,930,6.631190,930,7.398623,-1.095096e-01
7PR9/2,945,7.557932,945,8.582001,-1.270695e-01
5PR32,960,7.073216,960,7.150884,-1.092078e-02
5PR65/2,975,7.586652,975,7.800625,-2.781340e-02
5PR33,990,7.497192,990,7.945348,-5.805805e-02
5PR67/2,1005,6.853771,1005,7.260513,-5.765150e-02
5PR34,1020,7.339809,1020,7.626431,-3.830717e-02
5PR69/2,1035,7.084544,1035,7.489943,-5.564580e-02
7PR5,1050,8.664745,1050,8.579662,9.868031e-03
5PR71/2,1071,6.913789,1065,7.253049,-4.790411e-02
5PR36,1092,7.708615,1080,7.148757,7.540005e-02
5PR73/2,1095,6.984228,1095,7.249173,-3.723297e-02
5PR37,1110,7.441910,1110,7.352954,1.202542e-02
5PR75/2,1125,6.850425,1125,7.148440,-4.258356e-02
5PR38,1140,7.127451,1140,7.568267,-6.001055e-02
11PR/2,1155,9.135596,1155,9.530079,-4.227461e-02
7PR6,1260,8.736587,1260,8.575313,1.863206e-02
7PR13/2,1365,8.558090,1365,9.353563,-8.888028e-02
7PR7,1470,7.815395,1470,8.572643,-9.248059e-02
7PR15/2,1575,8.539645,1575,8.570938,-3.657751e-03
7PR8,1680,8.404363,1680,8.569752,-1.948778e-02
7PR17/2,1785,8.798305,1785,9.140185,-3.812152e-02
7PR9,1890,8.432140,1890,8.567891,-1.597102e-02
7PR19/2,1995,8.570591,1995,9.070563,-5.669761e-02
7PR10,2145,8.123796,2145,8.652147,-6.301004e-02
7PR21/2,2205,8.067147,2205,8.565147,-5.990141e-02
11PR,2310,9.140582,2310,9.515955,-4.024582e-02
7PR23/2,2415,8.646399,2415,8.971166,-3.687270e-02
7PR12,2520,7.983995,2520,8.562695,-6.997608e-02
7PR25/2,2625,8.598050,2625,8.562210,4.177105e-03
7PR13,2730,9.539146,2730,9.339906,2.110780e-02
7PR27/2,2835,8.563346,2835,8.560788,2.987795e-04
7PR14,2940,8.677392,2940,8.560223,1.359471e-02
7PR29/2,3135,8.850708,3045,8.876859,-2.950283e-03
7PR15,3150,8.074648,3150,8.559306,-5.828985e-02
7PR31/2,3255,9.086519,3255,8.853768,2.594881e-02
7PR16,3360,8.555133,3360,8.558168,-3.546411e-04
11PR3/2,3465,9.205098,3465,9.508707,-3.245040e-02
7PR17,3570,8.472487,3570,9.127886,-7.451010e-02
7PR35/2,3675,8.657968,3675,8.556824,1.175102e-02
7PR18,3795,8.163449,3780,8.556417,-4.701475e-02
7PR37/2,3885,8.652843,3885,8.800594,-1.693131e-02
7PR19,3990,8.615256,3990,9.059029,-5.022736e-02
7PR39/2,4095,9.260206,4095,9.333003,-7.830553e-03
7PR20,4200,8.219780,4290,8.641117,-4.998837e-02
7PR41/2,4305,8.459134,4305,8.774000,-3.654606e-02
7PR21,4410,8.622790,4410,8.554314,7.973053e-03
7PR43/2,4515,8.785192,4515,8.762505,2.585798e-03
11PR2,4620,9.432003,4620,9.503955,-7.599560e-03
7PR45/2,4725,8.485605,4725,8.553341,-7.950825e-03
7PR23,4830,9.236400,4830,8.960330,3.034512e-02
7PR47/2,4935,8.559950,4935,8.742708,-2.112557e-02
7PR24,5040,8.479144,5040,8.552367,-8.598650e-03
7PR49/2,5145,8.234373,5145,8.552173,-3.786820e-02
7PR25,5250,8.888987,5250,8.551904,3.865915e-02
7PR51/2,5355,8.591447,5355,9.121652,-5.988367e-02
7PR26,5460,8.734048,5460,9.328685,-6.586512e-02
7PR53/2,5565,8.448369,5565,8.718788,-3.150690e-02
7PR27,5670,8.273705,5670,8.550876,-3.295130e-02
11PR5/2,5775,9.302545,5775,9.500613,-2.106840e-02
7PR28,5880,8.404214,5880,8.550321,-1.723554e-02
7PR57/2,5985,8.999710,5985,9.053113,-5.916289e-03
7PR29,6090,8.529314,6090,8.866604,-3.878286e-02
7PR59/2,6195,8.615973,6195,8.699637,-9.663428e-03
7PR30,6300,8.260687,6300,8.549431,-3.435695e-02
7PR61/2,6405,8.781065,6405,8.694189,9.942791e-03
7PR31,6510,8.480654,6510,8.843877,-4.193779e-02
7PR63/2,6615,8.518159,6615,8.548808,-3.591565e-03
7PR32,6765,7.911785,6720,8.548613,-7.741556e-02
7PR65/2,6825,9.182816,6825,9.325614,-1.543085e-02
11PR3,6930,9.570228,6930,9.498100,7.565197e-03
7PR67/2,7035,8.657545,7035,8.679545,-2.537981e-03
7PR34,7140,8.998678,7140,9.117713,-1.314132e-02
7PR69/2,7245,8.898695,7245,8.954768,-6.281394e-03
7PR35,7350,8.151811,7350,8.547557,-4.740549e-02
7PR71/2,7455,8.831682,7455,8.671196,1.833882e-02
7PR36,7560,8.650793,7560,8.547153,1.205268e-02
7PR73/2,7665,8.559782,7665,8.667419,-1.249638e-02
7PR37,7770,9.129686,7770,8.791072,3.779464e-02
7PR75/2,7875,7.932160,7875,8.546655,-7.461461e-02
7PR38,7980,8.861511,7980,9.049233,-2.096272e-02
11PR7/2,8085,9.494047,8085,9.495990,-2.045515e-04
7PR39,8190,9.199795,8190,9.323169,-1.332132e-02
7PR79/2,8295,8.678196,8295,8.657018,2.443291e-03
7PR40,8400,8.398189,8400,8.545884,-1.743362e-02
7PR81/2,8505,8.549372,8580,8.631952,-9.612805e-03
7PR41,8610,8.810293,8610,8.764759,5.181688e-03
7PR83/2,8715,8.501738,8715,8.650945,-1.739789e-02
7PR42,8820,8.721193,8820,8.545307,2.037379e-02
7PR85/2,8925,9.643464,8925,9.114894,5.637067e-02
7PR43,9030,8.342063,9030,8.753494,-4.814239e-02
7PR87/2,9135,8.486567,9135,8.861371,-4.321695e-02
11PR4,9240,9.637497,9240,9.494181,1.498227e-02
7PR89/2,9345,8.480367,9345,8.642889,-1.898325e-02
7PR45,9450,8.618555,9450,8.544547,8.624101e-03
7PR91/2,9555,9.354148,9555,9.321134,3.535618e-03
7PR46,9660,8.924952,9660,8.951118,-2.927571e-03
7PR93/2,9765,8.574123,9765,8.838792,-3.040152e-02
7PR47,9870,8.741772,9870,8.733913,8.994704e-04
7PR95/2,9975,9.248575,9975,9.046461,2.209580e-02
7PR48,10080,8.329116,10080,8.543763,-2.544421e-02
7PR97/2,10185,8.329507,10185,8.633617,-3.585927e-02
7PR49,10290,8.593845,10290,8.543569,5.867440e-03
11PR9/2,10395,9.448356,10395,9.492680,-4.680156e-03
7PR50,10500,8.524160,10500,8.543300,-2.242872e-03
7PR101/2,10605,8.847616,10605,8.629521,2.495906e-02
7PR51,10710,8.907306,10710,9.112658,-2.279253e-02
7PR103/2,10815,8.648719,10815,8.627551,2.450600e-03
7PR52,10920,9.437686,10920,9.319484,1.260350e-02
7PR105/2,11025,8.550569,11025,8.542789,9.102939e-04
7PR53,11130,8.579993,11130,8.710189,-1.506037e-02
7PR107/2,11235,8.734519,11235,8.623900,1.274547e-02
7PR54,11385,8.429395,11340,8.542441,-1.332188e-02
7PR109/2,11445,8.577796,11445,8.622209,-5.164269e-03
11PR5,11550,9.485451,11550,9.491416,-6.286148e-04
7PR111/2,11655,8.606500,11655,8.786199,-2.066443e-02
7PR56,11760,8.395878,11760,8.542041,-1.725910e-02
7PR113/2,11865,8.367746,11865,8.618931,-2.957653e-02
7PR57,11970,8.986934,11970,9.044345,-6.367927e-03
7PR115/2,12075,8.574915,12075,8.948500,-4.264490e-02
7PR58,12180,8.864733,12180,8.858015,7.581037e-04
7PR117/2,12285,9.181055,12285,9.318104,-1.481710e-02
7PR59,12390,8.402070,12390,8.691356,-3.385082e-02
7PR119/2,12495,8.660430,12495,9.110804,-5.069661e-02
7PR60,12600,8.631114,12600,8.541290,1.046154e-02
11PR11/2,12705,9.165957,12705,9.490257,-3.476935e-02
7PR61,12810,8.463508,12810,8.685909,-2.593834e-02
7PR123/2,12915,8.715155,12915,8.760024,-5.135098e-03
7PR62,13020,8.714150,13020,8.835453,-1.382424e-02
7PR125/2,13125,8.495334,13125,8.540881,-5.347081e-03
7PR63,13230,8.332516,13230,8.540797,-2.468889e-02
7PR127/2,13335,8.768441,13335,8.609007,1.835005e-02
7PR64,13440,8.632976,13440,8.540599,1.075808e-02
7PR129/2,13545,8.821299,13545,8.748851,8.246768e-03
7PR65,13650,8.952978,13650,9.316870,-3.984054e-02
7PR131/2,13755,8.371422,13755,8.606556,-2.770048e-02
11PR6,13860,9.554326,13860,9.489193,6.840510e-03
7PR133/2,13965,8.871930,13965,9.042587,-1.905297e-02
7PR67,14070,8.326095,14070,8.671530,-4.065067e-02
7PR135/2,14175,8.406814,14175,8.540035,-1.572256e-02
7PR68,14280,8.793110,14280,9.109290,-3.532629e-02
7PR137/2,14385,8.309587,14385,8.603168,-3.472057e-02
7PR69,14490,8.894874,14490,8.946493,-5.786445e-03
7PR139/2,14595,8.441621,14595,8.602064,-1.882780e-02
7PR70,14700,8.493504,14700,8.539657,-5.419213e-03
7PR141/2,14805,8.919746,14805,8.729377,2.157345e-02
7PR71,14910,8.472977,14910,8.663297,-2.221351e-02
13PR/2,15015,10.422348,15015,10.350831,6.885571e-03
11PR7,16170,9.362340,16170,9.487444,-1.327401e-02
11PR15/2,17745,9.322075,17325,9.486666,-1.750204e-02
11PR8,18480,9.317703,18480,9.485929,-1.789336e-02
11PR17/2,19635,9.854074,19635,10.117618,-2.639329e-02
11PR9,20790,9.509176,20790,9.484673,2.580091e-03
11PR19/2,21945,10.036306,21945,10.041984,-5.656308e-04
11PR10,23205,9.963427,23205,9.931820,3.177345e-03
11PR21/2,24255,9.263166,24255,9.483031,-2.345818e-02
11PR11,25935,10.005154,25935,9.857581,1.485953e-02
11PR23/2,26565,9.689038,26565,9.933645,-2.493238e-02
11PR12,28665,9.643002,27720,9.481672,1.687185e-02
11PR25/2,28875,9.338060,28875,9.481263,-1.521904e-02
13PR,30030,10.293246,30030,10.342787,-4.801415e-03
11PR27/2,31395,9.616924,31395,9.751307,-1.387684e-02
11PR14,32340,9.255797,32340,9.480149,-2.394996e-02
11PR29/2,33495,9.866028,33495,9.830913,3.565520e-03
11PR15,34650,9.321536,34650,9.479495,-1.680362e-02
11PR31/2,35805,9.802526,35805,9.806050,-3.593611e-04
11PR16,36960,9.338029,36960,9.478870,-1.496986e-02
11PR33/2,38115,9.353586,38115,9.478580,-1.327471e-02
11PR17,39270,10.201100,39270,10.110198,8.950908e-03
11PR35/2,41055,9.763031,41055,9.532047,2.394348e-02
11PR18,42315,9.558485,42315,9.626161,-7.055237e-03
11PR37/2,42735,9.801362,42735,9.748305,5.428016e-03
11PR19,43890,9.903415,43890,10.034771,-1.317653e-02
13PR3/2,45045,10.267641,45045,10.338597,-6.886825e-03
11PR20,46410,9.792153,46410,9.924770,-1.345231e-02
11PR41/2,47355,9.544881,47355,9.719577,-1.813708e-02
11PR21,49140,9.403788,48510,9.476380,-7.689743e-03
11PR43/2,49665,9.652483,49665,9.707296,-5.662544e-03
11PR22,51870,9.998061,51870,9.850763,1.484227e-02
11PR45/2,51975,9.319346,51975,9.475759,-1.664450e-02
11PR23,53130,9.893287,53130,9.926792,-3.380855e-03
11PR47/2,54285,9.782592,54285,9.685949,9.928155e-03
11PR24,55440,9.563992,55965,9.541379,2.367152e-03
11PR49/2,56595,9.412843,56595,9.475016,-6.583339e-03
11PR25,58695,9.539198,58695,9.529323,1.035774e-03
11PR51/2,58905,10.142189,58905,10.106322,3.542626e-03
13PR2,60060,10.288579,60060,10.335823,-4.581379e-03
11PR53/2,61215,9.645349,61215,9.660113,-1.529514e-03
11PR27,62790,9.835401,62790,9.744821,9.252216e-03
11PR55/2,64155,9.503376,64155,9.508394,-5.279393e-04
11PR28,64680,9.447565,64680,9.473875,-2.780966e-03
11PR57/2,65835,9.775358,65835,10.031004,-2.581598e-02
11PR29,66990,9.806397,66990,9.824459,-1.840228e-03
11PR59/2,68145,9.553680,68145,9.639643,-8.957677e-03
11PR30,69615,10.095145,69615,9.921086,1.739225e-02
11PR61/2,70455,9.493966,70455,9.633722,-1.461324e-02
11PR31,71610,9.744888,71610,9.799687,-5.607549e-03
11PR63/2,73185,9.469595,72765,9.472898,-3.487672e-04
11PR32,73920,9.405647,73920,9.472764,-7.110469e-03
13PR5/2,75075,10.186498,75075,10.333785,-1.435557e-02
11PR33,76230,9.455901,76230,9.472517,-1.755612e-03
11PR67/2,77805,9.767826,77805,9.847191,-8.092349e-03
11PR34,78540,10.054790,78540,10.103753,-4.857834e-03
11PR69/2,79695,9.826196,79695,9.923205,-9.824103e-03
11PR35,80850,9.539833,80850,9.472039,7.131811e-03
11PR71/2,82005,9.591568,82005,9.609198,-1.836378e-03
11PR36,83160,9.450770,83160,9.471807,-2.223539e-03
11PR73/2,84630,9.473560,84630,9.620130,-1.535305e-02
11PR37,85470,9.638199,85470,9.742209,-1.073360e-02
11PR75/2,86625,9.633766,86625,9.471485,1.698849e-02
11PR38,87780,9.960052,87780,10.028515,-6.850275e-03
11PR77/2,88935,9.479594,88935,9.471272,8.782977e-04
13PR3,90090,10.384689,90090,10.332190,5.068264e-03
11PR79/2,91245,9.527128,91245,9.594074,-7.002254e-03
11PR40,92820,9.906542,92820,9.918651,-1.221632e-03
11PR81/2,94185,9.749013,94185,9.741418,7.793466e-04
11PR41,94710,9.931640,94710,9.713620,2.219651e-02
11PR83/2,95865,9.558347,95865,9.587607,-3.056565e-03
11PR42,97020,9.523987,97020,9.470588,5.622533e-03
11PR85/2,98175,9.980537,98175,10.101862,-1.208283e-02
11PR43,99330,9.799166,99330,9.701394,1.002770e-02
11PR87/2,100485,9.943739,100485,9.821071,1.241293e-02
11PR44,101745,9.570069,101745,9.626202,-5.848331e-03
11PR89/2,103740,9.777616,103740,9.844821,-6.849764e-03
11PR45,103950,9.396709,103950,9.470057,-7.775401e-03
13PR7/2,105105,10.369661,105105,10.330878,3.747059e-03
11PR46,106260,9.973710,106260,9.920832,5.315834e-03
11PR93/2,107415,9.850016,107415,9.796347,5.463566e-03
11PR47,108570,9.594725,108570,9.680162,-8.865131e-03
11PR95/2,109725,9.977625,109725,10.026681,-4.904516e-03
11PR48,110880,9.317023,111930,9.535712,-2.320077e-02
11PR97/2,112035,9.647747,112035,9.569160,8.179007e-03
11PR49,113190,9.403366,113190,9.469407,-6.998526e-03
11PR99/2,114345,9.486057,114345,9.469330,1.764898e-03
11PR50,116025,9.850348,116025,9.916855,-6.729076e-03
11PR101/2,116655,9.628890,116655,9.564824,6.675698e-03
11PR51,117810,10.147713,117810,10.100378,4.675479e-03
11PR103/2,118965,9.524198,118965,9.562784,-4.043236e-03
13PR4,120120,10.204359,120120,10.329770,-1.221511e-02
11PR105/2,121485,9.274371,121275,9.468884,-2.075626e-02
11PR53,122430,9.681245,122430,9.654480,2.768503e-03
11PR107/2,123585,9.526135,123585,9.558925,-3.436190e-03
11PR54,125580,9.672570,125580,9.739157,-6.860538e-03
11PR109/2,126945,9.590620,126945,9.616957,-2.742330e-03
11PR55,127050,9.418726,127050,9.468541,-5.274985e-03
11PR111/2,128205,9.680654,128205,9.739002,-6.009198e-03
11PR56,129675,9.747662,129675,9.843072,-9.740344e-03
11PR113/2,130515,9.436153,130515,9.553640,-1.237379e-02
11PR57,131670,9.975189,131670,10.025235,-5.004511e-03
11PR115/2,132825,9.928326,132825,9.919080,9.317007e-04
11PR58,133980,9.877920,133980,9.818819,6.001162e-03
13PR9/2,135135,10.080482,135135,10.328819,-2.433684e-02
11PR59,136290,9.615574,136290,9.634130,-1.927908e-03
11PR119/2,137445,10.004697,137445,10.099160,-9.397530e-03
11PR60,139230,9.922095,139230,9.915440,6.709816e-04
11PR121/2,139755,9.597896,139755,9.467838,1.364333e-02
11PR61,140910,9.688002,140910,9.628252,6.186518e-03
11PR123/2,142065,9.626506,142065,9.710483,-8.685771e-03
11PR62,143220,9.782290,143220,9.794131,-1.209770e-03
11PR125/2,144690,9.445858,144690,9.477715,-3.366815e-03
11PR63,145530,9.559754,145530,9.467547,9.692162e-03
11PR127/2,146685,9.427700,146685,9.543230,-1.217982e-02
11PR64,148785,9.465593,147840,9.467431,-1.940947e-04
11PR129/2,148995,9.755420,148995,9.698286,5.873788e-03
13PR5,150150,10.404410,150150,10.327987,7.372348e-03
11PR131/2,151305,9.533532,151515,9.560697,-2.845360e-03
11PR66,152460,9.548055,152460,9.467210,8.503232e-03
11PR133/2,153615,9.982228,153615,10.024047,-4.180602e-03
11PR67,155610,9.831406,155610,9.841698,-1.046354e-03
11PR135/2,156975,9.734691,156975,9.737487,-2.871636e-04
11PR68,157080,10.192158,157080,10.098129,9.268375e-03
11PR137/2,158235,9.702694,158340,9.639066,6.579357e-03
11PR69,159390,9.906918,159390,9.917699,-1.087652e-03
11PR139/2,160545,9.496763,160545,9.535944,-4.117279e-03
11PR70,162435,9.943426,162435,9.914278,2.935717e-03
11PR141/2,162855,9.628458,162855,9.677112,-5.040429e-03
11PR71,164010,9.663285,164010,9.603890,6.165407e-03
13PR11/2,165165,10.334154,165165,10.327246,6.686353e-04
11PR72,166320,9.346217,166320,9.466591,-1.279724e-02
11PR145/2,167475,9.658814,167475,9.817155,-1.626047e-02
11PR73,169260,9.549773,169575,9.622373,-7.573466e-03
11PR147/2,169785,9.583279,169785,9.466448,1.226607e-02
11PR74,170940,9.716039,170940,9.736867,-2.141404e-03
11PR149/2,172095,9.556952,172095,9.530748,2.745688e-03
11PR75,173250,9.416377,173250,9.466306,-5.288349e-03
11PR151/2,174405,9.534762,174405,9.529791,5.214075e-04
11PR76,175560,9.990681,175560,10.023047,-3.234466e-03
11PR153/2,176715,10.022134,176715,10.097243,-7.466394e-03
11PR77,177870,9.435338,177870,9.466122,-3.257359e-03
11PR155/2,179025,9.972932,179025,9.792494,1.825848e-02
13PR6,180180,10.364905,180180,10.326579,3.704540e-03
11PR157/2,181545,9.757087,181545,9.840569,-8.519728e-03
11PR79,182910,9.439351,182490,9.588878,-1.571669e-02
11PR159/2,183645,9.631844,183645,9.651506,-2.039278e-03
11PR80,185640,9.865567,185640,9.913299,-4.826501e-03
11PR161/2,185955,9.899162,185955,9.916565,-1.756408e-03
11PR81,187110,9.429049,187110,9.465771,-3.887024e-03
11PR163/2,188370,9.673949,188370,9.736174,-6.411621e-03
11PR82,189420,9.728915,189420,9.708394,2.111485e-03
11PR165/2,190575,9.428381,190575,9.465642,-3.944288e-03
11PR83,191730,9.476543,191730,9.582462,-1.111496e-02
11PR167/2,193830,9.497729,192885,9.522928,-2.649713e-03
11PR84,194040,9.452465,194040,9.465519,-1.380075e-03
13PR13/2,195195,10.211602,195195,10.325976,-1.113809e-02
11PR85,196350,10.043303,196350,10.096469,-5.279644e-03
11PR171/2,197505,9.976166,197505,10.022187,-4.602515e-03
11PR86,198660,9.526064,198660,9.696220,-1.770453e-02
11PR173/2,199815,9.474086,199815,9.520671,-4.904972e-03
11PR87,200970,9.769778,200970,9.815846,-4.704261e-03
11PR175/2,202125,9.475020,202125,9.465241,1.032593e-03
11PR88,203490,9.433536,203490,9.621093,-1.968682e-02
11PR177/2,204435,9.636996,204435,9.631218,5.998325e-04
11PR89,205590,9.513021,205590,9.573920,-6.381217e-03
11PR179/2,207480,9.830574,207480,9.839615,-9.192683e-04
11PR90,208845,9.960760,208845,9.912456,4.861182e-03
11PR181/2,209055,9.375229,209055,9.517888,-1.510196e-02
13PR7,210210,10.112352,210210,10.325427,-2.085183e-02
11PR183/2,211575,9.679683,211365,9.625360,5.627860e-03
11PR92,212520,9.909827,212520,9.915609,-5.832598e-04
11PR185/2,213675,9.763521,213675,9.735287,2.895918e-03
11PR93,214830,9.694257,214830,9.791201,-9.950552e-03
11PR187/2,215985,10.120296,215985,10.095778,2.425630e-03
11PR94,217140,9.669040,217140,9.675082,-6.247097e-04
11PR189/2,218295,9.584691,218295,9.464719,1.259610e-02
11PR95,219450,9.972499,219450,10.021431,-4.894664e-03
11PR191/2,220605,9.681749,220605,9.514727,1.740175e-02
11PR96,221760,9.464542,221760,9.464613,-7.574559e-06
11PR193/2,222915,9.518735,223860,9.530736,-1.259930e-03
11PR97,224070,9.642852,224070,9.564172,8.192869e-03
13PR15/2,225225,10.386511,225225,10.324921,5.947503e-03
11PR98,226380,9.517374,226380,9.464475,5.573649e-03
11PR197/2,227535,9.543793,227535,9.512977,3.234169e-03
11PR99,229425,9.326458,228690,9.464409,-1.468300e-02
11PR199/2,229845,9.513749,229845,9.512418,1.398863e-04
11PR100,232050,10.035155,232050,9.911716,1.237697e-02
11PR201/2,232155,9.673694,232155,9.609912,6.615125e-03
11PR101,233415,9.988605,233415,9.838793,1.511190e-02
11PR203/2,234465,9.904145,234465,9.814771,9.064893e-03
11PR102,235620,10.006261,235620,10.095156,-8.844799e-03
11PR205/2,236775,9.696311,236775,9.706848,-1.086081e-03
11PR103,237930,9.615567,237930,9.557850,6.020494e-03
11PR207/2,239085,9.851214,239085,9.914786,-6.432446e-03
13PR8,240240,10.373704,240240,10.324452,4.759072e-03
11PR209/2,241395,10.115740,241395,10.020758,9.433954e-03
11PR105,242550,9.507377,242550,9.464019,4.570915e-03
11PR211/2,244335,9.436526,243705,9.509270,-7.679148e-03
11PR106,244860,9.572942,244860,9.649523,-7.967866e-03
11PR213/2,246015,9.602910,246015,9.601082,1.903073e-04
11PR107,247170,9.447924,247170,9.554027,-1.116772e-02
11PR215/2,248325,9.614912,248325,9.694690,-8.263031e-03
11PR108,249480,9.525514,249480,9.463832,6.496468e-03
11PR217/2,250635,9.811819,250635,9.790140,2.211952e-03
11PR109,252525,9.688881,252525,9.557162,1.368809e-02
11PR219/2,252945,9.538312,253890,9.612053,-7.701273e-03
11PR110,254100,9.445794,254100,9.463712,-1.895126e-03
17PR/2,255255,10.988793,255255,11.012285,-2.135456e-03
13PR9,270270,10.226055,270270,10.323613,-9.494890e-03
13PR19/2,285285,10.849216,285285,10.930481,-7.462572e-03
13PR10,300300,10.240623,300300,10.322874,-7.999758e-03
13PR21/2,315315,10.316683,315315,10.322537,-5.672957e-04
13PR11,330330,10.393438,330330,10.322220,6.875825e-03
13PR23/2,345345,10.823075,345345,10.813437,8.909163e-04
13PR12,373065,10.606476,373065,10.685683,-7.439997e-03
13PR25/2,375375,10.254650,375375,10.321356,-6.483903e-03
13PR13,390390,10.231377,390390,10.321096,-8.730727e-03
13PR27/2,405405,10.260722,405405,10.320846,-5.842557e-03
13PR14,420420,10.366435,420420,10.320606,4.430659e-03
13PR29/2,435435,10.808231,435435,10.702613,9.819997e-03
13PR15,451605,10.436300,451605,10.571319,-1.285450e-02
13PR31/2,465465,10.580979,465465,10.675806,-8.922100e-03
13PR16,480480,10.362928,480480,10.319741,4.176077e-03
13PR33/2,504735,10.409483,504735,10.492863,-7.978079e-03
17PR,510510,11.026899,510510,11.007313,1.777829e-03
13PR35/2,533715,10.416925,533715,10.378040,3.739837e-03
13PR18,540540,10.269105,540540,10.318994,-4.846449e-03
13PR37/2,555555,10.602533,555555,10.613646,-1.047625e-03
13PR19,570570,10.952643,570570,10.925636,2.468771e-03
13PR39/2,596505,10.294235,585585,10.318495,-2.353918e-03
13PR20,608685,10.472163,608685,10.436856,3.377188e-03
13PR41/2,615615,10.612046,615615,10.582754,2.764062e-03
13PR21,636405,10.435571,636405,10.385420,4.817388e-03
13PR43/2,645645,10.621106,645645,10.569550,4.865946e-03
13PR22,660660,10.350167,660660,10.317754,3.136617e-03
13PR45/2,680295,10.361632,680295,10.359432,2.123260e-04
13PR23,690690,10.755350,690690,10.808794,-4.956685e-03
13PR47/2,705705,10.426595,705705,10.546630,-1.144660e-02
13PR24,726495,10.308325,726495,10.376136,-6.556654e-03
13PR49/2,746130,10.671802,746130,10.681152,-8.757009e-04
13PR25,750750,10.251097,750750,10.316985,-6.406776e-03
17PR3/2,765765,10.999099,765765,11.004658,-5.052155e-04
13PR26,780780,10.368641,780780,10.316751,5.017051e-03
13PR53/2,795795,10.541223,795795,10.518925,2.117521e-03
13PR27,810810,10.304168,810810,10.316529,-1.198825e-03
13PR55/2,825825,10.346428,825825,10.316421,2.904420e-03
13PR28,844305,10.393724,844305,10.333066,5.853113e-03
13PR57/2,855855,10.950614,855855,10.923047,2.520508e-03
13PR29,870870,10.618234,870870,10.698189,-7.501715e-03
13PR59/2,885885,10.480473,885885,10.496994,-1.575072e-03
13PR30,903210,10.547562,903210,10.566974,-1.838659e-03
13PR61/2,915915,10.513817,915915,10.490662,2.204789e-03
13PR31,930930,10.674738,930930,10.671439,3.091111e-04
13PR63/2,945945,10.247964,945945,10.315632,-6.581371e-03
13PR32,960960,10.287085,960960,10.315542,-2.762432e-03
13PR65/2,975975,10.325477,975975,10.315453,9.712887e-04
13PR33,990990,10.305419,990990,10.315366,-9.646976e-04
13PR67/2,1009470,10.533132,1009470,10.488626,4.234223e-03
17PR2,1021020,11.021382,1021020,11.002875,1.680596e-03
13PR69/2,1036035,10.762380,1036035,10.806309,-4.073426e-03
13PR35,1051050,10.288268,1051050,10.315032,-2.598025e-03
13PR71/2,1066065,10.427962,1066065,10.464444,-3.492351e-03
13PR36,1081080,10.323138,1081080,10.314873,8.009833e-04
13PR73/2,1096095,10.422884,1096095,10.460074,-3.561784e-03
13PR37,1111110,10.634232,1119195,10.678726,-4.175241e-03
13PR75/2,1138830,10.466797,1138830,10.458901,7.547600e-04
13PR38,1141140,10.959383,1141140,10.921309,3.480162e-03
13PR77/2,1156155,10.320161,1156155,10.314497,5.489570e-04
13PR39,1171170,10.342061,1171170,10.314425,2.675758e-03
13PR79/2,1186185,10.440871,1186185,10.448307,-7.119878e-04
13PR40,1201200,10.337389,1201200,10.314285,2.237494e-03
13PR81/2,1217370,10.371182,1217370,10.432765,-5.920338e-03
13PR41,1231230,10.509321,1231230,10.578614,-6.571851e-03
13PR83/2,1246245,10.429753,1246245,10.441416,-1.117625e-03
13PR42,1272810,10.412302,1272810,10.381377,2.974440e-03
17PR5/2,1276275,11.043507,1276275,11.001547,3.806758e-03
13PR43,1291290,10.502082,1291290,10.565445,-6.015278e-03
13PR87/2,1306305,10.627386,1306305,10.695817,-6.418482e-03
13PR44,1322685,10.478311,1322685,10.483629,-5.074168e-04
13PR89/2,1336335,10.392350,1336335,10.432247,-3.831767e-03
13PR45,1354815,10.541310,1354815,10.564644,-2.211147e-03
13PR91/2,1366365,10.375962,1366365,10.313579,6.030461e-03
13PR46,1381380,10.830114,1381380,10.804639,2.355023e-03
13PR93/2,1396395,10.618802,1396395,10.669097,-4.725260e-03
13PR47,1411410,10.606386,1411410,10.542590,6.033046e-03
13PR95/2,1426425,10.880402,1426425,10.920013,-3.634020e-03
13PR48,1452990,10.410006,1452990,10.372179,3.640322e-03
13PR97/2,1456455,10.423028,1456455,10.421794,1.183987e-04
13PR49,1471470,10.291009,1471470,10.313179,-2.151959e-03
13PR99/2,1492260,10.660100,1492260,10.677095,-1.593011e-03
13PR50,1514205,10.444819,1514205,10.486353,-3.968642e-03
13PR101/2,1516515,10.391610,1516515,10.417189,-2.458487e-03
17PR3,1531530,10.911058,1531530,11.000495,-8.163542e-03
13PR103/2,1546545,10.440663,1546545,10.415020,2.459036e-03
13PR52,1561560,10.299589,1561560,10.312861,-1.287791e-03
13PR105/2,1576575,10.340241,1576575,10.312810,2.656358e-03
13PR53,1591590,10.517162,1591590,10.514971,2.083850e-04
13PR107/2,1606605,10.386320,1606605,10.410926,-2.366272e-03
13PR54,1621620,10.277321,1621620,10.312661,-3.432717e-03
13PR109/2,1636635,10.445347,1636635,10.408991,3.486579e-03
13PR55,1651650,10.300552,1651650,10.312564,-1.165453e-03
13PR111/2,1666665,10.646756,1666665,10.607159,3.726045e-03
13PR56,1681680,10.324904,1688610,10.329216,-4.174654e-04
13PR113/2,1708245,10.457128,1708245,10.456675,4.331780e-05
13PR57,1711710,10.891427,1711710,10.918986,-2.527200e-03
13PR115/2,1726725,10.854782,1726725,10.803394,4.745424e-03
13PR58,1741740,10.645655,1741740,10.694221,-4.551671e-03
13PR117/2,1763580,10.420863,1763580,10.482068,-5.856147e-03
13PR59,1771770,10.461626,1771770,10.493111,-3.005063e-03
17PR7/2,1786785,11.017322,1786785,10.999628,1.607303e-03
13PR60,1806420,10.502773,1806420,10.563077,-5.725215e-03
13PR121/2,1826055,10.432310,1826055,10.430567,1.670747e-04
13PR61,1831830,10.469816,1831830,10.486802,-1.621026e-03
13PR123/2,1846845,10.591260,1846845,10.576389,1.405074e-03
13PR62,1865325,10.692602,1865325,10.675878,1.565247e-03
13PR125/2,1887270,10.277793,1876875,10.311896,-3.312641e-03
13PR63,1891890,10.339637,1891890,10.311855,2.690605e-03
13PR127/2,1906905,10.380434,1906905,10.394308,-1.335740e-03
13PR64,1921920,10.273907,1921920,10.311773,-3.678901e-03
13PR129/2,1936935,10.499537,1936935,10.563239,-6.048757e-03
13PR65,1951950,10.300478,1951950,10.311694,-1.088250e-03
13PR131/2,1966965,10.450061,1966965,10.391589,5.611077e-03
13PR66,1981980,10.330011,1981980,10.311615,1.782455e-03
13PR133/2,1996995,10.904198,1996995,10.918140,-1.277696e-03
13PR67,2012010,10.472543,2018940,10.484823,-1.171871e-03
13PR135/2,2027025,10.334879,2040885,10.353297,-1.780455e-03
17PR4,2042040,11.036389,2042040,10.998893,3.403259e-03
13PR137/2,2057055,10.384211,2057055,10.387806,-3.460685e-04
13PR69,2072070,10.805614,2072070,10.802406,2.969610e-04
13PR139/2,2087085,10.430932,2087085,10.386616,4.257531e-03
13PR70,2102100,10.284755,2102100,10.311314,-2.579049e-03
13PR141/2,2117115,10.494377,2117115,10.540418,-4.377611e-03
13PR71,2132130,10.457275,2132130,10.460681,-3.256160e-04
13PR143/2,2147145,10.320896,2147145,10.311207,9.392432e-04
13PR72,2162160,10.288540,2162160,10.311171,-2.197226e-03
13PR145/2,2177175,10.658869,2177175,10.693030,-3.199805e-03
13PR73,2192190,10.453470,2204475,10.480902,-2.620826e-03
13PR147/2,2207205,10.304683,2207205,10.311067,-6.193663e-04
13PR74,2222220,10.622445,2222220,10.605633,1.583894e-03
13PR149/2,2238390,10.682244,2238390,10.674914,6.864846e-04
13PR75,2258025,10.597085,2258025,10.561906,3.325187e-03
13PR151/2,2277660,10.450425,2277660,10.455176,-4.545854e-04
13PR76,2282280,10.950591,2282280,10.917422,3.033579e-03
17PR9/2,2297295,10.993740,2297295,10.998256,-4.107640e-04
13PR77,2312310,10.332900,2312310,10.310833,2.137928e-03
13PR155/2,2327325,10.635097,2327325,10.666345,-2.933867e-03
13PR78,2342340,10.308031,2342340,10.310768,-2.654917e-04
13PR157/2,2357355,10.382456,2357355,10.377257,5.009048e-04
13PR79,2372370,10.436121,2372370,10.444609,-8.130674e-04
13PR159/2,2387385,10.481667,2387385,10.512843,-2.969860e-03
13PR80,2415105,10.317553,2415105,10.339990,-2.172284e-03
13PR161/2,2417415,10.848812,2417415,10.801592,4.362125e-03
13PR81,2434740,10.439245,2434740,10.429087,9.735087e-04
13PR163/2,2447445,10.350323,2447445,10.374590,-2.341818e-03
13PR82,2462460,10.519163,2462460,10.574891,-5.283741e-03
13PR165/2,2477475,10.298519,2477475,10.310488,-1.161532e-03
13PR83,2492490,10.440886,2492490,10.437748,3.005733e-04
13PR167/2,2507505,10.336269,2507505,10.372916,-3.539179e-03
13PR84,2523675,10.555232,2523675,10.483680,6.801872e-03
13PR169/2,2545620,10.404740,2545620,10.377741,2.598240e-03
17PR5,2552550,10.990122,2552550,10.997696,-6.889370e-04
13PR171/2,2567565,10.927081,2567565,10.916800,9.412724e-04
13PR86,2582580,10.555780,2582580,10.561753,-5.656485e-04
13PR173/2,2611455,10.649748,2611455,10.674118,-2.285679e-03
13PR87,2612610,10.665395,2612610,10.692086,-2.499444e-03
13PR175/2,2627625,10.287385,2627625,10.310197,-2.214991e-03
13PR88,2645370,10.513061,2645370,10.479978,3.151766e-03
13PR177/2,2657655,10.515490,2657655,10.491021,2.329696e-03
13PR89,2672670,10.448972,2672670,10.428621,1.949574e-03
13PR179/2,2687685,10.373355,2687685,10.368335,4.840001e-04
13PR90,2709630,10.531578,2709630,10.560978,-2.787772e-03
13PR181/2,2717715,10.373315,2717715,10.367629,5.482528e-04
13PR91,2732730,10.330420,2732730,10.310004,1.978188e-03
13PR183/2,2747745,10.487651,2747745,10.484723,2.792064e-04
13PR92,2762760,10.764456,2762760,10.800901,-3.379960e-03
13PR185/2,2777775,10.572399,2777775,10.604494,-3.031091e-03
13PR93,2792790,10.664870,2792790,10.665412,-5.084884e-05
17PR11/2,2807805,11.026623,2807805,10.997197,2.672217e-03
13PR94,2822820,10.524421,2822820,10.538954,-1.379855e-03
13PR189/2,2847075,10.459202,2847075,10.454057,4.920716e-04
13PR95,2852850,10.928454,2852850,10.916253,1.117062e-03
13PR191/2,2867865,10.356545,2867865,10.364318,-7.502555e-04
13PR96,2882880,10.248443,2882880,10.309743,-5.963594e-03
13PR193/2,2897895,10.355880,2905980,10.368617,-1.229190e-03
13PR97,2912910,10.357723,2912910,10.418216,-5.823431e-03
13PR195/2,2927925,10.312033,2927925,10.309668,2.293147e-04
13PR98,2942940,10.281846,2942940,10.309643,-2.699917e-03
13PR197/2,2957955,10.369046,2957955,10.362489,6.326189e-04
13PR99,2984520,10.632571,2984520,10.673443,-3.836627e-03
13PR199/2,2987985,10.368039,2987985,10.361903,5.920181e-04
13PR100,3003000,10.291427,3003000,10.309546,-1.759027e-03
13PR201/2,3028410,10.495771,3028410,10.482774,1.239098e-03
13PR101,3043425,10.432756,3043425,10.427981,4.578295e-04
13PR203/2,3048045,10.631139,3048045,10.691306,-5.643591e-03
17PR6,3063060,10.976011,3063060,10.996747,-1.887426e-03
13PR205/2,3078075,10.606222,3078075,10.573771,3.064309e-03
13PR103,3093090,10.413728,3093090,10.411476,2.162581e-04
13PR207/2,3108105,10.807899,3108105,10.800303,7.030747e-04
13PR104,3123120,10.248170,3123120,10.309357,-5.952708e-03
13PR209/2,3138135,10.916772,3138135,10.915765,9.220733e-05
13PR105,3161235,10.562500,3161235,10.560213,2.166133e-04
13PR211/2,3168165,10.373595,3182025,10.376648,-2.942819e-04
13PR106,3183180,10.527833,3183180,10.511408,1.561413e-03
13PR213/2,3198195,10.513056,3198195,10.458652,5.188351e-03
13PR107,3213210,10.372664,3213210,10.407403,-3.343531e-03
13PR215/2,3228225,10.514264,3228225,10.560642,-4.401235e-03
13PR108,3247860,10.321276,3243240,10.309176,1.173043e-03
13PR217/2,3258255,10.632892,3258255,10.664642,-2.981570e-03
13PR109,3273270,10.421478,3273270,10.405479,1.536413e-03
13PR219/2,3288285,10.467330,3288285,10.454309,1.244770e-03
13PR110,3303300,10.297571,3303300,10.309088,-1.117794e-03
17PR13/2,3318315,11.012949,3318315,10.996338,1.509467e-03
13PR111,3333330,10.550614,3333330,10.603589,-5.008503e-03
13PR223/2,3357585,10.696223,3357585,10.672858,2.186767e-03
13PR112,3377220,10.313880,3377220,10.325745,-1.149733e-03
13PR225/2,3378375,10.330092,3378375,10.308981,2.045658e-03
13PR113,3393390,10.445844,3393390,10.401834,4.222032e-03
13PR227/2,3416490,10.413463,3416490,10.453168,-3.805666e-03
13PR114,3423420,10.875278,3423420,10.915325,-3.675703e-03
13PR229/2,3438435,10.399029,3438435,10.354311,4.309499e-03
13PR115,3453450,10.765139,3453450,10.799776,-3.212308e-03
13PR231/2,3468465,10.247681,3468465,10.308857,-5.951957e-03
13PR116,3483480,10.703115,3483480,10.690645,1.165767e-03
13PR233/2,3498495,10.351246,3498495,10.353443,-2.121539e-04
13PR117,3527160,10.503005,3527160,10.478569,2.329349e-03
13PR235/2,3528525,10.546638,3528525,10.537859,8.326839e-04
13PR118,3543540,10.484501,3543540,10.489611,-4.872788e-04
13PR237/2,3558555,10.470675,3558555,10.442615,2.683502e-03
17PR7,3573570,11.047450,3573570,10.995963,4.671421e-03
13PR239/2,3588585,10.353998,3588585,10.352192,1.744377e-04
13PR120,3612840,10.550401,3612840,10.559563,-8.679779e-04
13PR241/2,3618615,10.347228,3632475,10.367545,-1.961577e-03
13PR121,3633630,10.288517,3633630,10.308637,-1.953632e-03
13PR243/2,3652110,10.420645,3652110,10.427103,-6.195230e-04
13PR122,3663660,10.472942,3663660,10.483320,-9.905107e-04
13PR245/2,3678675,10.294933,3678675,10.308579,-1.324658e-03
13PR123,3693690,10.587972,3693690,10.572882,1.426164e-03
13PR247/2,3708705,10.902911,3708705,10.914926,-1.101343e-03
13PR124,3723720,10.698513,3730650,10.672343,2.449065e-03
13PR249/2,3738735,10.470568,3738735,10.435769,3.329087e-03
13PR125,3753750,10.359482,3753750,10.308485,4.934947e-03
13PR251/2,3768765,10.356264,3768765,10.349865,6.180808e-04
13PR126,3783780,10.307245,3783780,10.308447,-1.166480e-04
13PR253/2,3798795,10.766849,3798795,10.799306,-3.010017e-03
13PR127,3813810,10.398620,3813810,10.390878,7.448492e-04
17PR15/2,3828825,10.973156,3828825,10.995618,-2.044935e-03
13PR128,3843840,10.340503,3843840,10.308374,3.111983e-03
13PR257/2,3858855,10.291263,3858855,10.348780,-5.573384e-03
13PR129,3873870,10.552452,3873870,10.559760,-6.922884e-04
13PR259/2,3888885,10.520863,3888885,10.602843,-7.761911e-03
13PR130,3903900,10.309408,3903900,10.308301,1.073058e-04
13PR261/2,3918915,10.681603,3918915,10.690072,-7.924985e-04
13PR131,3933930,10.402587,3933930,10.388175,1.386403e-03
13PR263/2,3948945,10.326406,3948945,10.347743,-2.064122e-03
13PR132,3968055,10.495440,3968055,10.478008,1.662240e-03
13PR265/2,3978975,10.494102,3978975,10.510335,-1.545630e-03
13PR133,3993990,10.893006,3993990,10.914560,-1.976744e-03
13PR267/2,4009005,10.414502,4009005,10.426663,-1.166983e-03
13PR134,4037880,10.495796,4037880,10.481391,1.373450e-03
13PR269/2,4039035,10.320639,4039035,10.346751,-2.526827e-03
13PR135,4064445,10.557211,4064445,10.559000,-1.694348e-04
13PR271/2,4069065,10.350307,4081770,10.349913,3.811361e-05
17PR8,4084080,10.942511,4084080,10.995298,-4.812458e-03
13PR273/2,4103715,10.663774,4103715,10.671884,-7.602053e-04
13PR137,4114110,10.395676,4114110,10.384414,1.083919e-03
13PR275/2,4129125,10.314724,4129125,10.308041,6.480586e-04
13PR138,4144140,10.791172,4144140,10.798883,-7.143132e-04
13PR277/2,4159155,10.320586,4159155,10.345492,-2.410247e-03
13PR139,4174170,10.382523,4174170,10.383232,-6.826720e-05
13PR279/2,4189185,10.684966,4189185,10.663422,2.018292e-03
13PR140,4204200,10.308764,4204200,10.307958,7.819866e-05
13PR281/2,4219215,10.327187,4219215,10.344888,-1.712549e-03
13PR141,4234230,10.549177,4234230,10.536991,1.155885e-03
13PR283/2,4260795,10.425283,4260795,10.426378,-1.050525e-04
13PR142,4264260,10.438249,4264260,10.457283,-1.821818e-03
13PR285/2,4279275,10.941666,4279275,10.914223,2.511285e-03
13PR143,4294290,10.301348,4294290,10.307861,-6.320631e-04
13PR287/2,4309305,10.567129,4309305,10.572149,-4.749368e-04
13PR144,4324320,10.265495,4324320,10.307829,-4.115387e-03
17PR17/2,4339335,10.968831,4339335,10.995000,-2.382951e-03
13PR145,4354350,10.696809,4354350,10.689567,6.771919e-04
13PR291/2,4369365,10.366075,4369365,10.416284,-4.831894e-03
13PR146,4384380,10.457907,4384380,10.452945,4.745144e-04
13PR293/2,4408950,10.489622,4408950,10.477515,1.154886e-03
13PR147,4414410,10.314158,4414410,10.307734,6.229904e-04
13PR295/2,4429425,10.466496,4429425,10.488556,-2.105463e-03
13PR148,4444440,10.586526,4444440,10.602209,-1.480348e-03
13PR297/2,4459455,10.285768,4459455,10.307688,-2.128815e-03
13PR149,4476780,10.655170,4476780,10.671470,-1.528654e-03
13PR299/2,4489485,10.808306,4489485,10.798498,9.078363e-04
13PR150,4516050,10.578518,4516050,10.558504,1.893782e-03
13PR301/2,4519515,10.525330,4519515,10.559032,-3.196869e-03
13PR151,4542615,10.482914,4542615,10.480841,1.978434e-04
13PR303/2,4555320,10.437256,4555320,10.451812,-1.393641e-03
13PR152,4564560,10.902882,4564560,10.913910,-1.010961e-03
13PR305/2,4579575,10.497038,4579575,10.482271,1.407730e-03
17PR9,4594590,11.013391,4594590,10.994722,1.696561e-03
13PR307/2,4614225,10.327417,4609605,10.341332,-1.346462e-03
13PR154,4624620,10.313539,4624620,10.307522,5.835917e-04
13PR309/2,4639635,10.385469,4639635,10.409562,-2.317146e-03
13PR155,4654650,10.684694,4654650,10.662924,2.039639e-03
13PR311/2,4669665,10.337256,4669665,10.340836,-3.462563e-04
13PR156,4684680,10.323337,4684680,10.307464,1.538778e-03
13PR313/2,4699695,10.315135,4699695,10.340592,-2.464868e-03
13PR157,4714710,10.403343,4714710,10.373934,2.830828e-03
13PR315/2,4729725,10.314079,4729725,10.307420,6.458425e-04
13PR158,4744740,10.428123,4744740,10.441268,-1.259751e-03
13PR317/2,4762065,10.338118,4762065,10.349204,-1.071802e-03
13PR159,4774770,10.484377,4774770,10.509483,-2.391736e-03
13PR319/2,4789785,10.688939,4789785,10.689117,-1.665727e-05
13PR160,4804800,10.336307,4804800,10.307349,2.805526e-03
13PR321/2,4819815,10.347396,4819815,10.405500,-5.599585e-03
13PR161,4834830,10.814107,4834830,10.798146,1.477073e-03
19PR/2,4849845,11.627998,4849845,11.641194,-1.134144e-03
17PR10,5105100,10.973033,5105100,10.994214,-1.928481e-03
17PR21/2,5360355,10.996228,5360355,10.993982,2.043118e-04
17PR11,5615610,11.017141,5615610,10.993762,2.124357e-03
17PR23/2,5870865,11.544510,5870865,11.517055,2.380996e-03
17PR12,6126120,10.958300,6126120,10.993353,-3.193706e-03
17PR25/2,6561555,11.429827,6561555,11.431832,-1.754405e-04
17PR13,6636630,10.980666,6636630,10.992982,-1.120987e-03
17PR27/2,6891885,10.959842,6891885,10.992808,-3.003443e-03
17PR14,7147140,10.983079,7147140,10.992642,-8.702878e-04
17PR29/2,7402395,11.421215,7402395,11.399611,1.893389e-03
17PR15,7657650,10.989580,7657650,10.992328,-2.500547e-04
17PR31/2,7912905,11.339395,7912905,11.371221,-2.802756e-03
17PR16,8273265,11.322354,8273265,11.315274,6.255435e-04
17PR33/2,8580495,11.190130,8580495,11.176554,1.213951e-03
17PR17,8843835,11.289899,8843835,11.287098,2.480764e-04
17PR35/2,8933925,10.957271,8933925,10.991638,-3.131572e-03
17PR18,9189180,10.992908,9189180,10.991513,1.268735e-04
17PR37/2,9444435,11.317320,9444435,11.305432,1.050959e-03
19PR,9699690,11.630432,9699690,11.637821,-6.351573e-04
17PR39/2,10015005,11.155608,10015005,11.194675,-3.495863e-03
17PR20,10210200,11.003764,10210200,10.991051,1.155993e-03
17PR41/2,10465455,11.244673,10465455,11.272763,-2.494959e-03
17PR21,10818885,11.060392,10818885,11.062636,-2.028095e-04
17PR43/2,10975965,11.253567,10975965,11.258805,-4.653415e-04
17PR22,11231220,10.966411,11231220,10.990639,-2.206870e-03
17PR45/2,11696685,11.173512,11696685,11.189387,-1.419819e-03
17PR23,11741730,11.511897,11741730,11.513803,-1.655524e-04
17PR47/2,11996985,11.237135,11996985,11.234587,2.267641e-04
17PR24,12267255,11.167478,12267255,11.175535,-7.212582e-04
17PR49/2,12507495,10.987818,12507495,10.990179,-2.149313e-04
17PR25,12777765,11.086489,12777765,11.102233,-1.419106e-03
17PR51/2,13123110,11.414736,13123110,11.428652,-1.218393e-03
17PR26,13408395,11.176059,13408395,11.151502,2.199710e-03
17PR53/2,13528515,11.207255,13528515,11.205336,1.712413e-04
17PR27,13783770,10.980382,13783770,10.989770,-8.546141e-04
17PR55/2,14159145,11.066472,14159145,11.070168,-3.339748e-04
17PR28,14294280,10.981946,14294280,10.989618,-6.984210e-04
19PR3/2,14549535,11.637951,14549535,11.635988,1.686255e-04
17PR29,14804790,11.411347,14804790,11.396490,1.302796e-03
17PR59/2,15060045,11.190898,15060045,11.182198,7.776850e-04
17PR30,15315300,10.991030,15315300,10.989332,1.545234e-04
17PR61/2,15570555,11.180379,15570555,11.175523,4.344678e-04
17PR31,15825810,11.343107,15825810,11.368135,-2.204020e-03
17PR63/2,16231215,11.033044,16231215,11.032701,3.115780e-05
17PR32,16546530,11.304061,16546530,11.312221,-7.215439e-04
17PR65/2,16831815,11.102506,16831815,11.099514,2.695268e-04
17PR33,16846830,10.997293,16846830,10.988941,7.597300e-04
17PR67/2,17160990,11.148404,17160990,11.173552,-2.253280e-03
17PR34,17402385,11.064404,17402385,11.092890,-2.571296e-03
17PR69/2,17612595,11.493928,17612595,11.512034,-1.574073e-03
17PR35,17867850,10.983606,17867850,10.988702,-4.638539e-04
17PR71/2,18123105,11.139464,18123105,11.147900,-7.570479e-04
17PR36,18378360,10.992607,18378360,10.988588,3.656817e-04
17PR73/2,18633615,11.146809,18633615,11.143300,3.148625e-04
17PR37,18888870,11.284817,18888870,11.302434,-1.559894e-03
17PR75/2,19144125,10.989423,19144125,10.988424,9.095068e-05
19PR2,19399380,11.637040,19399380,11.634745,1.972096e-04
17PR77/2,19684665,11.433380,19684665,11.426921,5.651098e-04
17PR39,20030010,11.195070,20030010,11.191728,2.985599e-04
17PR79/2,20165145,11.137979,20165145,11.130920,6.340026e-04
17PR40,20420400,11.006165,20420400,10.988166,1.636753e-03
17PR81/2,20825805,11.078348,20825805,11.060916,1.574702e-03
17PR41,20930910,11.285177,20930910,11.269813,1.362359e-03
17PR83/2,21411390,11.167475,21411390,11.163893,3.207569e-04
17PR42,21637770,11.079970,21637770,11.059752,1.826374e-03
17PR85/2,21696675,10.992578,21696675,10.987925,4.233370e-04
17PR43,21951930,11.255802,21951930,11.255876,-6.579696e-06
17PR87/2,22207185,11.393636,22207185,11.394790,-1.012742e-04
17PR44,22537515,11.043919,22537515,11.048632,-4.266714e-04
17PR89/2,22717695,11.107330,22717695,11.114040,-6.039079e-04
17PR45,23130030,11.024840,23130030,11.032248,-6.717061e-04
17PR91/2,23393370,11.174980,23393370,11.186500,-1.030374e-03
17PR46,23483460,11.486236,23483460,11.510834,-2.139180e-03
17PR93/2,23738715,11.372495,23738715,11.366454,5.314177e-04
17PR47,23993970,11.233337,23993970,11.231697,1.459495e-04
19PR5/2,24249225,11.623139,24249225,11.633812,-9.178117e-04
17PR48,24534510,11.183659,24534510,11.172669,9.831544e-04
17PR97/2,24819795,11.300211,24819795,11.310557,-9.151393e-04
17PR49,25014990,10.972521,25014990,10.987368,-1.352214e-03
17PR99/2,25390365,11.038092,25390365,11.031883,5.626676e-04
17PR50,25741485,11.181523,25741485,11.171917,8.595089e-04
17PR101/2,25780755,11.089493,25780755,11.098233,-7.878897e-04
17PR51,26246220,11.416522,26246220,11.425746,-8.076467e-04
17PR103/2,26531505,11.288856,26531505,11.282434,5.690371e-04
17PR52,26546520,10.992259,26546520,10.987138,4.659446e-04
17PR105/2,26816790,11.144339,26816790,11.148674,-3.889165e-04
17PR53,27057030,11.197148,27057030,11.202497,-4.776370e-04
17PR107/2,27312285,11.094115,27312285,11.091667,2.206566e-04
17PR54,27567540,10.996778,27672645,11.020994,-2.199619e-03
17PR109/2,27822795,11.100708,27822795,11.089640,9.976176e-04
17PR55,28318290,11.066609,28318290,11.067380,-6.969281e-05
17PR111/2,28333305,11.287233,28333305,11.300799,-1.201152e-03
17PR56,28813785,11.002661,28813785,11.016200,-1.229840e-03
17PR113/2,28843815,11.076913,28843815,11.085800,-8.019930e-04
19PR3,29099070,11.629674,29099070,11.633068,-2.918022e-04
17PR115/2,29354325,11.486360,29354325,11.509932,-2.050084e-03
17PR58,29609580,11.386975,29609580,11.393636,-5.848017e-04
17PR117/2,30045015,11.172481,30045015,11.190122,-1.577694e-03
17PR59,30120090,11.194690,30120090,11.179404,1.366408e-03
17PR119/2,30525495,10.998449,30525495,11.009686,-1.021106e-03
17PR60,30630600,10.988402,30630600,10.986592,1.647518e-04
17PR121/2,31096065,11.008504,31096065,11.007674,7.538184e-05
17PR61,31141110,11.166577,31141110,11.172742,-5.518906e-04
17PR123/2,31396365,11.272451,31396365,11.268203,3.768923e-04
17PR62,31651620,11.377826,31651620,11.365312,1.100540e-03
17PR125/2,32117085,11.173848,32117085,11.162304,1.033714e-03
17PR63,32237205,10.996091,32237205,11.003865,-7.067687e-04
17PR127/2,32417385,11.065730,32417385,11.074269,-7.713650e-04
17PR64,32807775,11.414559,32807775,11.424863,-9.022567e-04
17PR129/2,33093060,11.303059,33093060,11.309427,-5.632110e-04
17PR65,33183150,10.995275,33183150,10.986290,8.174878e-04
17PR131/2,33663630,11.102094,33663630,11.096779,4.788117e-04
17PR66,33693660,10.970222,33693660,10.986233,-1.458426e-03
19PR7/2,33948915,11.611884,33948915,11.632452,-1.769771e-03
17PR67,34321980,11.182398,34321980,11.170805,1.037222e-03
17PR135/2,34695045,11.038587,34695045,11.030692,7.154326e-04
17PR68,34804770,11.084692,34804770,11.090168,-4.939008e-04
17PR137/2,35090055,11.196593,35090055,11.184925,1.042723e-03
17PR69,35225190,11.519068,35225190,11.509213,8.558816e-04
17PR139/2,35480445,11.059158,35480445,11.066230,-6.392774e-04
17PR70,35735700,11.001206,35735700,10.986014,1.381951e-03
17PR141/2,35990955,11.239765,35990955,11.230120,8.584112e-04
17PR71,36246210,11.150990,36246210,11.145178,5.213371e-04
17PR143/2,36501465,10.999240,36606570,11.001311,-1.882698e-04
17PR72,36801765,11.163891,36801765,11.171105,-6.459361e-04
17PR145/2,37011975,11.397390,37011975,11.392768,4.055874e-04
17PR73,37267230,11.114583,37267230,11.140589,-2.337089e-03
17PR147/2,37522485,10.969539,37522485,10.985833,-1.484252e-03
17PR74,37777740,11.303883,37777740,11.299688,3.711378e-04
17PR149/2,38032995,11.066460,38228190,11.072756,-5.687004e-04
17PR75,38333295,11.085784,38333295,11.097854,-1.088178e-03
17PR151/2,38543505,11.075325,38543505,11.059464,1.433140e-03
19PR4,38798760,11.618670,38798760,11.631928,-1.140461e-03
17PR153/2,39054015,10.989149,39054015,10.985686,3.152133e-04
17PR77,39369330,11.414888,39369330,11.424159,-8.118973e-04
17PR155/2,39564525,11.366297,39564525,11.364453,1.621953e-04
17PR78,40060020,11.192024,40060020,11.189029,2.676424e-04
17PR157/2,40225185,11.138139,40225185,11.147130,-8.068882e-04
17PR79,40330290,11.123830,40330290,11.128238,-3.961600e-04
17PR159/2,40585545,11.194928,40585545,11.200948,-5.375383e-04
17PR80,40840800,10.979752,40840800,10.985522,-5.253848e-04
17PR161/2,41096055,11.491087,41096055,11.508618,-1.524469e-03
17PR81,41366325,11.298352,41366325,11.308577,-9.046519e-04
17PR163/2,41651610,11.052215,41651610,11.058262,-5.469525e-04
17PR82,41861820,11.273048,41861820,11.267109,5.269236e-04
17PR165/2,42222180,11.215180,42222180,11.216186,-8.970029e-05
17PR83,42372330,11.123269,42372330,11.121010,2.031722e-04
17PR167/2,42822780,11.161436,42822780,11.161223,1.905149e-05
17PR84,42902475,11.160165,42902475,11.169970,-8.781515e-04
17PR169/2,43275540,11.049828,43275540,11.057110,-6.588466e-04
17PR85,43393350,10.981900,43393350,10.985301,-3.096435e-04
19PR9/2,43648605,11.628117,43648605,11.631473,-2.885365e-04
17PR86,43903860,11.247189,43903860,11.253192,-5.335447e-04
17PR173/2,44219175,11.270664,44219175,11.280475,-8.700723e-04
17PR87,44414370,11.393828,44414370,11.392077,1.537275e-04
17PR175/2,44669625,10.992373,44669625,10.985196,6.531068e-04
17PR88,45075030,11.051678,45075030,11.046006,5.133633e-04
17PR177/2,45180135,11.185887,45180135,11.177877,7.163186e-04
17PR89,45435390,11.115432,45435390,11.111401,3.627148e-04
17PR179/2,45930885,11.417719,45930885,11.423576,-5.128737e-04
17PR90,45945900,10.983072,45945900,10.985095,-1.841237e-04
17PR181/2,46201155,11.050224,46201155,11.046444,3.422045e-04
17PR91,46456410,10.985933,46456410,10.985055,7.990720e-05
17PR183/2,46786740,11.187475,46786740,11.183853,3.238225e-04
17PR92,46966920,11.502287,46966920,11.508111,-5.062381e-04
17PR185/2,47222175,11.300661,47222175,11.298853,1.599857e-04
17PR93,47477430,11.367426,47477430,11.363769,3.218009e-04
17PR187/2,47732685,10.995065,47732685,10.984957,9.197407e-04
17PR94,47987940,11.217584,47987940,11.229048,-1.021478e-03
17PR189/2,48333285,10.995936,48243195,10.984919,1.002394e-03
19PR5,48498450,11.629194,48498450,11.631071,-1.613885e-04
17PR191/2,48753705,11.037282,48753705,11.043003,-5.181790e-04
17PR96,49069020,11.183561,49069020,11.170041,1.209635e-03
17PR193/2,49264215,11.041890,49264215,11.042357,-4.228987e-05
17PR97,49639590,11.311022,49639590,11.307900,2.760132e-04
17PR195/2,49774725,10.979304,49774725,10.984808,-5.011566e-04
17PR98,50075025,11.183699,50075025,11.188208,-4.031297e-04
17PR197/2,50495445,11.106156,50495445,11.095284,9.794068e-04
17PR99,50780730,11.033073,50780730,11.029299,3.420847e-04
17PR199/2,50795745,11.036699,50795745,11.040495,-3.438825e-04
17PR100,51111060,11.091825,51111060,11.096802,-4.486055e-04
17PR201/2,51482970,11.161606,51482970,11.169304,-6.894041e-04
17PR101,51561510,11.087070,51561510,11.095638,-7.725613e-04
17PR203/2,51816765,11.380619,51816765,11.391504,-9.559874e-04
17PR102,52207155,11.091852,52207155,11.088680,2.860518e-04
17PR205/2,52492440,11.417896,52492440,11.423080,-4.539526e-04
17PR103,52777725,11.216447,52777725,11.215368,9.618571e-05
17PR207/2,52837785,11.512177,52837785,11.507671,3.914639e-04
17PR104,53093040,10.979741,53093040,10.984578,-4.404188e-04
19PR11/2,53348295,11.637369,53348295,11.630712,5.722311e-04
17PR105,53633580,11.145179,53633580,11.146080,-8.081912e-05
17PR211/2,54094425,11.069626,54094425,11.056306,1.203953e-03
17PR106,54114060,11.205888,54114060,11.199893,5.351208e-04
17PR213/2,54369315,11.145731,54369315,11.143690,1.831434e-04
17PR107,54624570,11.091511,54624570,11.089092,2.181239e-04
17PR215/2,54879825,11.245437,54879825,11.252375,-6.168040e-04
17PR108,55345290,11.026367,55345290,11.018439,7.192915e-04
17PR217/2,55390335,11.361781,55390335,11.363202,-1.250289e-04
17PR109,55645590,11.075608,55645590,11.087070,-1.034436e-03
17PR219/2,55900845,11.121004,55900845,11.139106,-1.626402e-03
17PR110,56156100,10.986435,56156100,10.984380,1.870454e-04
17PR221/2,56636580,11.060632,56636580,11.064822,-3.787394e-04
17PR111,56666610,11.312239,56666610,11.298187,1.243007e-03
17PR223/2,56921865,11.031964,56921865,11.034036,-1.877567e-04
17PR112,57342285,11.062314,57342285,11.071287,-8.107900e-04
17PR225/2,57627570,11.009743,57627570,11.013659,-3.556172e-04
17PR113,57912855,11.296723,57912855,11.307339,-9.392666e-04
17PR227/2,57942885,11.028558,57942885,11.033089,-4.108261e-04
19PR6,58198140,11.645824,58198140,11.630388,1.326358e-03
17PR229/2,58483425,11.179098,58483425,11.183048,-3.532568e-04
17PR115,58708650,11.507460,58708650,11.507283,1.537536e-05
17PR231/2,59053995,11.413617,59053995,11.422649,-7.909831e-04
17PR116,59219160,11.385208,59219160,11.391016,-5.100503e-04
17PR233/2,59474415,11.021531,59474415,11.031730,-9.248783e-04
17PR117,59729670,10.978437,59729670,10.984164,-5.215320e-04
17PR235/2,59984925,11.213081,59984925,11.228241,-1.351108e-03
17PR118,60240180,11.189593,60240180,11.176838,1.140523e-03
17PR237/2,60495435,11.114184,60495435,11.126771,-1.131801e-03
17PR119,60765705,11.069348,60765705,11.061358,7.220909e-04
17PR239/2,61005945,11.033078,61005945,11.030437,2.394197e-04
17PR120,61336275,11.165330,61336275,11.169241,-3.502284e-04
17PR241/2,61516455,11.033345,61516455,11.030020,3.014418e-04
17PR121,61906845,11.268145,61906845,11.279249,-9.849343e-04
17PR243/2,62192130,11.012899,62192130,11.005158,7.031574e-04
17PR122,62282220,11.146052,62282220,11.170188,-2.163057e-03
17PR245/2,62537475,10.993966,62537475,10.984004,9.065224e-04
17PR123,62792730,11.261787,62792730,11.265631,-3.412606e-04
19PR13/2,63047985,11.622422,63047985,11.630092,-6.597653e-04
17PR124,63303240,11.363757,63303240,11.362719,9.131904e-05
17PR249/2,63558495,11.116567,63558495,11.119552,-2.685253e-04
17PR125,63888825,11.091176,63888825,11.096011,-4.358011e-04
17PR251/2,64234170,11.152506,64234170,11.159762,-6.503848e-04
17PR126,64474410,10.999858,64474410,11.001361,-1.366633e-04
17PR253/2,64579515,11.510067,64579515,11.506935,2.721171e-04
17PR127,64834770,11.068522,64834770,11.071750,-2.916188e-04
17PR255/2,65090025,10.983745,65090025,10.983866,-1.096159e-05
17PR128,65345280,10.981519,65345280,10.983852,-2.124389e-04
17PR257/2,65615550,11.430806,65615550,11.422268,7.471424e-04
17PR129,65855790,11.258726,65855790,11.251723,6.221689e-04
17PR259/2,66111045,11.301532,66186120,11.306861,-4.714488e-04
17PR130,66366300,10.982421,66366300,10.983799,-1.254080e-04
17PR261/2,66621555,11.390815,66621555,11.390592,1.955279e-05
17PR131,67041975,11.134596,67041975,11.145290,-9.599000e-04
17PR263/2,67327260,11.092487,67327260,11.094267,-1.604237e-04
17PR132,67492425,11.048647,67492425,11.046866,1.612092e-04
17PR265/2,67642575,11.206227,67642575,11.199100,6.362076e-04
19PR7,67897830,11.624854,67897830,11.629821,-4.271683e-04
17PR267/2,68153085,11.101070,68153085,11.109957,-8.002251e-04
17PR134,68643960,11.178735,68643960,11.168282,9.354896e-04
17PR269/2,68663595,11.006314,68663595,11.024819,-1.679906e-03
17PR135,68918850,10.982935,68918850,10.983669,-6.683236e-05
17PR271/2,69390090,11.041064,69390090,11.028204,1.165409e-03
17PR136,69609540,11.081483,69609540,11.087667,-5.578717e-04
17PR273/2,69684615,10.996300,69684615,10.983631,1.152760e-03
17PR137,70105035,11.187405,70105035,11.187010,3.529031e-05
17PR275/2,70195125,10.979595,70195125,10.983606,-3.652200e-04
17PR138,70450380,11.512577,70450380,11.506622,5.174003e-04
17PR277/2,70750680,11.280972,70750680,11.278776,1.946742e-04
17PR139,70960890,11.064343,70960890,11.063741,5.440236e-05
17PR279/2,71216145,11.353664,71216145,11.362300,-7.603411e-04
17PR140,71471400,10.986045,71471400,10.983544,2.276483e-04
17PR281/2,71726655,11.015055,71726655,11.022899,-7.119327e-04
17PR141,72177105,11.415374,72177105,11.421928,-5.739391e-04
17PR283/2,72237165,11.002486,72237165,11.022595,-1.826004e-03
17PR142,72492420,11.139984,72492420,11.142677,-2.416785e-04
19PR15/2,72747675,11.632123,72747675,11.629571,2.194578e-04
17PR143,73213140,11.002267,73213140,10.998845,3.110925e-04
17PR287/2,73258185,11.266265,73258185,11.265087,1.045654e-04
17PR144,73603530,11.174792,73603530,11.168602,5.540188e-04
17PR289/2,73888815,11.207004,73888815,11.214175,-6.396586e-04
17PR145,74023950,11.385576,74023950,11.390218,-4.075880e-04
17PR291/2,74459385,11.311586,74459385,11.306446,4.544852e-04
17PR146,74534460,11.149851,74534460,11.138097,1.054785e-03
17PR293/2,74939865,11.163208,74939865,11.159225,3.568894e-04
17PR147,75044970,10.991554,75044970,10.983378,7.441525e-04
17PR295/2,75300225,11.165465,75300225,11.176057,-9.481360e-04
17PR148,75555480,11.288308,75555480,11.297165,-7.843228e-04
17PR297/2,75810735,10.986319,75810735,10.983343,2.708508e-04
17PR149,76065990,11.060063,76065990,11.058048,1.821982e-04
17PR299/2,76321245,11.499902,76321245,11.506336,-5.593127e-04
17PR150,76666590,11.080937,76666590,11.095380,-1.302510e-03
17PR301/2,76831755,11.268004,76831755,11.251183,1.493898e-03
17PR151,77224455,11.170817,77224455,11.167874,2.634980e-04
17PR303/2,77342265,11.090578,77342265,11.094218,-3.281022e-04
19PR8,77597520,11.636855,77597520,11.629339,6.460937e-04
17PR305/2,77852775,11.159490,77852775,11.169410,-8.885221e-04
17PR153,78108030,10.983970,78108030,10.983242,6.630427e-05
17PR307/2,78363285,11.018082,78363285,11.019242,-1.052179e-04
17PR154,78738660,11.402609,78738660,11.421621,-1.665879e-03
17PR309/2,78873795,11.084826,78873795,11.091954,-6.428264e-04
17PR155,79129050,11.356791,79129050,11.361929,-4.523433e-04
17PR311/2,79594515,11.266607,79594515,11.278365,-1.043058e-03
17PR156,79639560,10.984441,79639560,10.983177,1.151604e-04
17PR313/2,80120040,11.192340,80120040,11.186548,5.176298e-04
17PR157,80150070,11.053541,80150070,11.054014,-4.276457e-05
17PR315/2,80450370,11.146235,80450370,11.144659,1.413950e-04
17PR158,80660580,11.125601,80660580,11.125772,-1.530872e-05
17PR317/2,81020940,11.076418,81020940,11.060366,1.450283e-03
17PR159,81171090,11.193528,81171090,11.198467,-4.412166e-04
17PR319/2,81426345,11.381460,81426345,11.389883,-7.398246e-04
17PR160,81876795,11.185129,81876795,11.181872,2.912469e-04
17PR321/2,81936855,11.083723,81936855,11.087681,-3.571168e-04
17PR161,82192110,11.487784,82192110,11.506074,-1.590847e-03
19PR17/2,82447365,11.630461,82447365,11.629122,1.151586e-04
17PR162,82732650,11.309302,82732650,11.306079,2.850237e-04
17PR325/2,83017935,11.026600,83017935,11.017040,8.673768e-04
17PR163,83303220,11.052899,83303220,11.055821,-2.643355e-04
17PR327/2,83468385,11.070748,83468385,11.085664,-1.346410e-03
17PR164,83723640,11.250671,83723640,11.264624,-1.239450e-03
17PR329/2,83978895,11.213605,83978895,11.227065,-1.199555e-03
17PR165,84444360,11.209188,84444360,11.213714,-4.036899e-04
17PR331/2,84489405,11.019020,84489405,11.016361,2.413700e-04
17PR166,84744660,11.121591,84744660,11.118560,2.725512e-04
17PR333/2,84999915,11.292286,84999915,11.296756,-3.957583e-04
17PR167,85300215,11.421958,85300215,11.421341,5.405524e-05
17PR335/2,85645560,11.163673,85645560,11.158767,4.395496e-04
17PR168,85870785,11.178605,85870785,11.168073,9.425715e-04
17PR337/2,86020935,11.028641,86020935,11.015702,1.173873e-03
17PR169,86441355,11.002527,86441355,11.012267,-8.848868e-04
17PR339/2,86531445,11.082788,86531445,11.081843,8.532152e-05
17PR170,87011925,11.090908,87011925,11.086905,3.610663e-04
17PR341/2,87041955,11.359577,87041955,11.361598,-1.779186e-04
19PR9,87297210,11.630051,87297210,11.628919,9.730525e-05
17PR343/2,87552465,10.982292,87552465,10.982859,-5.157716e-05
17PR172,87807720,11.259081,87807720,11.250723,7.425769e-04
17PR345/2,88062975,11.516968,88062975,11.505831,9.674445e-04
17PR173,88438350,11.278692,88438350,11.278002,6.111002e-05
17PR347/2,88573485,11.016426,88573485,11.014654,1.608564e-04
17PR174,88828740,11.383423,88828740,11.389581,-5.407973e-04
17PR349/2,89099010,11.044096,89099010,11.049768,-5.134964e-04
17PR175,89444355,11.094390,89444355,11.094857,-4.209426e-05
17PR351/2,89594505,10.988670,89594505,10.982782,5.360401e-04
17PR176,89849760,10.978641,89849760,10.982772,-3.762508e-04
17PR353/2,90135045,11.189896,90135045,11.186146,3.352023e-04
17PR177,90360270,11.175001,90360270,11.175433,-3.872319e-05
17PR355/2,90615525,11.147784,90615525,11.141914,5.266586e-04
17PR178,91005915,11.298511,91005915,11.305751,-6.406297e-04
17PR357/2,91126035,10.996614,91126035,10.982725,1.263799e-03
17PR179,91381290,11.048624,91381290,11.044765,3.492891e-04
17PR359/2,91861770,11.423922,91861770,11.421084,2.485226e-04
17PR180,91891800,10.974721,91891800,10.982698,-7.265745e-04
19PR19/2,92147055,11.623276,92147055,11.628729,-4.690142e-04
17PR181,92402310,11.037144,92402310,11.044035,-6.241007e-04
17PR363/2,92657565,10.975127,92657565,10.982670,-6.870872e-04
17PR182,92912820,10.969112,92912820,10.982661,-1.234453e-03
17PR365/2,93168075,11.142278,93168075,11.137337,4.435436e-04
17PR183,93573480,11.169688,93573480,11.181418,-1.049604e-03
17PR367/2,93858765,11.134621,93858765,11.144137,-8.542281e-04
17PR184,93933840,11.502697,93933840,11.505607,-2.529487e-04
17PR369/2,94189095,11.265749,94189095,11.264221,1.356123e-04
17PR185,94444350,11.300727,94444350,11.296395,3.833320e-04
17PR371/2,94699605,11.193008,94699605,11.197943,-4.408084e-04
17PR186,94954860,11.353074,94954860,11.361299,-7.241873e-04
17PR373/2,95210115,11.007340,95210115,11.012183,-4.398097e-04
17PR187,95570475,11.052129,95570475,11.069534,-1.573528e-03
17PR375/2,95720625,10.978408,95720625,10.982562,-3.783576e-04
17PR188,95975880,11.221784,95975880,11.226610,-4.299711e-04
17PR377/2,96231135,11.378816,96231135,11.389306,-9.214279e-04
17PR189,96711615,11.004410,96711615,10.999989,4.018324e-04
17PR379/2,96741645,11.012269,96741645,11.011659,5.545151e-05
19PR10,96996900,11.629483,96996900,11.628549,8.028796e-05
17PR381/2,97282185,11.279632,97282185,11.277678,1.732361e-04
17PR191,97507410,11.035786,97507410,11.040610,-4.370424e-04
17PR383/2,97762665,11.013771,97762665,11.011318,2.227006e-04
17PR192,98138040,11.160239,98138040,11.167622,-6.613782e-04
17PR385/2,98423325,11.414675,98423325,11.420846,-5.405465e-04
17PR193,98528430,11.033180,98528430,11.039967,-6.149626e-04
17PR387/2,98783685,11.249486,98783685,11.250323,-7.439085e-05
17PR194,99279180,11.302141,99279180,11.305455,-2.931696e-04
17PR389/2,99294195,11.013741,99294195,11.010820,2.652911e-04
17PR195,99549450,10.973397,99549450,10.982433,-8.231154e-04
17PR391/2,99804705,11.505154,99804705,11.505397,-2.111553e-05
17PR196,100150050,11.185594,100150050,11.185791,-1.767168e-05
17PR393/2,100315215,11.066270,100315215,11.067543,-1.150457e-04
17PR197,100570470,11.053355,100570470,11.038719,1.324920e-03
17PR395/2,100825725,11.130684,100825725,11.125020,5.090470e-04
17PR198,101276175,11.057202,101276175,11.059618,-2.184609e-04
17PR397/2,101561460,11.018893,101561460,11.026920,-7.282925e-04
17PR199,101591490,11.034511,101591490,11.038114,-3.264976e-04
19PR21/2,101846745,11.632581,101846745,11.628379,3.612396e-04
17PR200,102222120,11.086505,102222120,11.094411,-7.128534e-04
17PR401/2,102357255,11.012090,102357255,11.009866,2.019639e-04
17PR201,102612510,11.142286,102612510,11.151292,-8.079591e-04
17PR403/2,102867765,11.356405,102867765,11.361026,-4.068409e-04
17PR202,103123020,11.083743,103123020,11.093250,-8.573246e-04
17PR405/2,103378275,10.976682,103378275,10.982309,-5.125564e-04
17PR203,103633530,11.382912,103633530,11.389053,-5.393544e-04
17PR407/2,103888785,11.298044,103888785,11.296073,1.744737e-04
17PR204,104144040,10.983465,104144040,10.982285,1.074163e-04
17PR409/2,104414310,11.067450,104414310,11.086296,-1.701401e-03
17PR205,104654550,11.262372,104654550,11.263866,-1.326533e-04
17PR411/2,104984880,11.420923,104984880,11.420626,2.599386e-05
17PR206,105270165,11.168020,105270165,11.181024,-1.163642e-03
17PR413/2,105555450,11.201697,105555450,11.212960,-1.005029e-03
17PR207,105675570,11.503430,105675570,11.505201,-1.539335e-04
17PR415/2,106126020,11.276606,106126020,11.277385,-6.902814e-05
17PR208,106186080,10.983720,106186080,10.982222,1.364057e-04
17PR417/2,106441335,11.066834,106441335,11.062376,4.029651e-04
19PR11,106696590,11.612129,106696590,11.628218,-1.384543e-03
17PR419/2,107056950,11.149740,107056950,11.158018,-7.421454e-04
17PR210,107267160,11.151149,107267160,11.143691,6.689970e-04
17PR421/2,107552445,11.306161,107552445,11.305185,8.635664e-05
17PR211,107717610,11.027672,107717610,11.034721,-6.390232e-04
17PR423/2,107972865,11.224174,107972865,11.226215,-1.818784e-04
17PR212,108228120,11.196235,108228120,11.197496,-1.126476e-04
17PR425/2,108693585,10.992275,108693585,10.988605,3.338911e-04
17PR213,108738630,11.141619,108738630,11.141306,2.811929e-05
17PR427/2,108993885,11.164876,108993885,11.168274,-3.043494e-04
17PR214,109249140,11.091432,109249140,11.086721,4.248749e-04
17PR429/2,109504395,10.984090,109504395,10.982121,1.792153e-04
17PR215,109759650,11.246117,109759650,11.249970,-3.425894e-04
17PR431/2,110165055,11.186684,110165055,11.185474,1.081836e-04
17PR216,110405295,11.159501,110405295,11.167230,-6.923898e-04
17PR433/2,110525415,11.016583,110690580,11.016086,4.510121e-05
17PR217,110780670,11.365273,110780670,11.360776,3.957380e-04
17PR435/2,111035925,11.395830,111035925,11.388820,6.153792e-04
17PR218,111291180,11.093713,111291180,11.084705,8.123078e-04
