START,n_0,C_min,Npred_0,Cpred_min,n_1,C_max,Npred_1,Cpred_max,n_geom,C_avg,Cpred_avg,Align,CpredAlign
4,4,0.000000,4,2.640647,4,0.00000000,4,2.64064726,4,0.000000000,2.640647263,37.491820,0.000000
5,5,0.000000,5,3.520863,5,0.00000000,5,3.52086302,5,0.000000000,3.520863018,19.747448,0.000000
6,6,0.000000,6,5.281295,6,0.00000000,6,5.28129453,6,0.000000000,5.281294527,14.403679,0.000000
7,7,0.000000,7,3.168777,7,0.00000000,7,3.16877672,7,0.000000000,3.168776716,11.939414,0.000000
8,8,0.000000,8,2.640647,8,0.00000000,8,2.64064726,8,0.000000000,2.640647263,10.554433,0.000000
9,9,0.000000,9,5.281295,9,0.00000000,9,5.28129453,9,0.000000000,5.281294527,9.682480,0.000000
10,10,0.000000,10,3.520863,10,0.00000000,10,3.52086302,10,0.000000000,3.520863018,9.092098,0.000000
11,11,0.000000,11,2.934053,11,0.00000000,11,2.93405251,11,0.000000000,2.934052515,8.671934,0.000000
12,12,0.000000,12,5.281295,12,0.00000000,12,5.28129453,12,0.000000000,5.281294527,8.362064,0.000000
13,13,0.000000,13,2.880706,13,0.00000000,13,2.88070611,13,0.000000000,2.880706106,8.127488,0.000000
14,14,0.000000,14,3.168777,14,0.00000000,14,3.16877672,14,0.000000000,3.168776716,7.946446,0.000000
(5#)/2,29,0.000000,16,2.640647,15,0.00000000,15,7.04172604,21,0.000000000,3.933772196,7.692647,0.000000
(5#),44,0.000000,32,2.640647,30,0.00000000,30,7.04172604,36,0.000000000,4.005637825,7.323440,0.000000
(5#)3/2,59,0.000000,59,2.686974,45,0.00000000,45,7.04172604,52,0.000000000,3.937627745,7.776756,0.000000
(5#)2,74,0.000000,64,2.640840,72,36.57974619,60,7.04172604,67,2.438649746,3.983869252,7.876622,0.000000
(5#)5/2,89,0.000000,89,2.671000,75,0.00000000,75,7.04172604,82,0.000000000,3.990671141,8.368469,0.000000
(5#)3,104,0.000000,103,2.666792,102,42.78074705,90,7.04196219,97,2.852049803,3.967481316,8.630521,0.000000
(7#)/2,119,0.000000,113,2.664437,108,43.84470566,105,8.45007124,112,2.922980377,4.052023579,8.810850,0.000000
(5#)4,134,0.000000,128,2.640687,129,23.61777661,120,7.04184952,127,1.574518440,3.985841560,9.070939,0.000000
(5#)9/2,149,0.000000,149,2.658726,138,24.27782888,135,7.04210540,142,1.618521925,3.969279749,9.415622,0.000000
(5#)5,164,0.000000,163,2.657143,150,25.10646605,150,7.04180096,157,1.673764403,3.950675942,9.634016,0.000000
(5#)11/2,179,0.000000,179,2.655642,165,26.07067918,165,7.82440930,172,1.738045279,4.027912359,9.873601,0.000000
(5#)6,193,0.000000,193,2.654537,180,26.96680086,180,7.04177595,187,4.259635042,3.968690131,10.075264,0.000000
(5#)13/2,209,0.000000,199,2.654112,198,18.64384546,195,7.68206527,202,3.716834973,4.019787889,10.159579,0.000000
(7#),224,0.000000,223,2.652643,210,0.00000000,210,8.45028395,217,0.000000000,4.016410156,10.485242,0.000000
(5#)15/2,239,0.000000,239,2.651829,236,19.90230533,231,7.04184085,232,7.877342769,4.010256757,10.692920,0.000000
(5#)8,253,0.000000,251,2.651288,254,20.44138052,240,7.04185793,247,2.697754391,3.974029223,10.844190,0.000000
(5#)17/2,269,0.000000,256,2.640690,267,15.60867379,255,7.51127287,262,3.110465293,3.972689460,10.906149,0.000000
(5#)9,284,0.000000,283,2.650114,282,15.91555770,270,7.04182772,277,6.320274160,3.993680870,11.230644,0.000000
(5#)19/2,299,0.000000,293,2.649786,285,0.00000000,285,7.45613636,292,0.000000000,4.033496185,11.346799,0.000000
(5#)10,313,0.000000,313,2.649193,314,16.52775985,300,7.04180665,307,4.393902308,3.943674623,11.573144,0.000000
(7#)3/2,329,0.000000,317,2.649084,315,16.54604598,315,8.45024503,322,1.103069732,4.027659457,11.617507,0.000000
(5#)11,344,0.000000,337,2.648577,342,13.61800653,330,7.82430953,337,1.808383359,4.017557265,11.835078,0.000000
(5#)23/2,359,0.000000,359,2.648085,356,13.80592444,345,7.37717055,352,4.583358059,4.003788017,12.066746,0.000000
(5#)12,374,0.000000,373,2.647802,370,13.98780712,360,7.04185204,367,1.859026735,3.978963737,12.210300,0.000000
(5#)25/2,389,0.000000,389,2.647535,381,14.12674577,375,7.04182478,382,4.393821749,3.961634269,12.370919,0.000000
(5#)13,404,0.000000,401,2.647325,403,11.99574662,390,7.68199827,397,3.184186111,4.026900094,12.489097,0.000000
(5#)27/2,419,0.000000,419,2.647034,415,12.11338064,405,7.04188176,412,2.415508057,3.966753606,12.662888,0.000000
(7#)2,434,0.000000,433,2.646825,432,12.27526304,420,8.45017909,427,4.072869284,4.047018908,12.795322,0.000000
(5#)29/2,449,0.000000,449,2.646601,446,12.40463044,435,7.30266881,442,5.761243891,3.976527806,12.943898,0.000000
(5#)15,463,0.000000,463,2.646419,462,21.51151802,462,7.04185737,457,6.434584597,4.038689357,13.071587,0.000000
(5#)31/2,479,0.000000,479,2.646224,473,10.83841600,465,7.28466324,472,1.441125324,3.954043599,13.215000,0.000000
(5#)16,494,0.000000,491,2.646086,493,10.98466115,480,7.04184685,487,2.918628011,3.998303449,13.320873,0.000000
(5#)33/2,509,0.000000,509,2.645891,506,11.07707397,495,7.82425160,502,3.679610150,3.995467306,13.477094,0.000000
(5#)17,524,0.000000,512,2.640687,522,9.78960091,510,7.51128732,517,1.952697894,3.961081913,13.502839,0.000000
(7#)5/2,539,0.000000,538,2.650573,525,0.00000000,525,8.45024155,532,0.000000000,4.065597459,13.722616,0.000000
(5#)18,554,0.000000,547,2.645541,552,9.96522223,540,7.04181946,547,1.988829275,3.987646894,13.797345,0.000000
(5#)37/2,569,0.000000,569,2.645349,567,10.05003903,555,7.24304752,562,4.009890269,4.000425466,13.977247,0.000000
(5#)19,584,0.000000,577,2.645283,570,20.13355041,570,7.45603313,577,4.486209299,3.964564991,14.041725,0.000000
(5#)39/2,599,0.000000,599,2.645110,597,9.07924542,585,7.68200524,592,3.623083204,4.030959689,14.216564,0.000000
(5#)20,614,0.000000,613,2.645007,610,18.28109146,600,7.04184273,607,7.300527489,3.977838545,14.326005,0.000000
(5#)41/2,629,0.000000,619,2.644964,625,9.20992140,615,7.22238622,622,3.674762727,4.006432032,14.372490,0.000000
(7#)3,643,0.000000,643,2.644817,639,9.27341457,630,8.45019716,637,2.968143027,3.998616154,14.556006,0.000000
(5#)43/2,659,0.000000,659,2.644714,651,16.78843487,645,7.21361163,652,6.715880927,3.975591241,14.676273,0.000000
(5#)22,674,0.000000,673,2.644628,669,8.46504525,660,7.82424541,667,3.380550667,4.057539090,14.780199,0.000000
(5#)45/2,689,0.000000,683,2.644569,687,8.53427826,675,7.04184645,682,3.404534603,3.939563501,14.853707,0.000000
(5#)23,704,0.000000,701,2.644467,700,8.58333071,690,7.37713652,697,1.713659203,4.044937963,14.984546,0.000000
(5#)47/2,719,0.000000,719,2.644370,718,7.86362764,705,7.19832083,712,2.091383242,3.986686070,15.113551,0.000000
(5#)24,734,0.000000,733,2.644297,733,7.91315117,720,7.04183942,727,2.632458454,3.934542530,15.212663,0.000000
(7#)7/2,749,0.000000,743,2.644248,748,7.96182221,735,8.45019133,742,4.235090484,4.079031980,15.282821,0.000000
(5#)25,764,0.000000,761,2.644161,750,15.93649791,750,7.04182980,757,4.792866343,3.969732962,15.407805,0.000000
(5#)51/2,779,0.000000,773,2.644119,765,16.03198221,765,7.51127231,772,2.586993791,4.004396863,15.490225,0.000000
(5#)26,794,0.000000,787,2.644056,792,7.42496163,780,7.68198691,787,1.481414497,3.995352051,15.585493,0.000000
(5#)53/2,808,0.000000,809,2.643962,809,7.47228719,795,7.17991776,802,2.484849324,3.995663723,15.733328,0.000000
(5#)27,823,0.000000,823,2.643904,819,14.99946403,810,7.04181384,817,5.497422603,3.985241305,15.826251,0.000000
(5#)55/2,839,0.000000,839,2.643841,825,15.03212468,825,7.82425937,832,3.937011553,3.981223576,15.931384,0.000000
(7#)4,854,0.000000,853,2.643788,851,7.00216563,840,8.45020403,847,2.795803870,4.024529459,16.022470,0.000000
(5#)57/2,866,0.000000,863,2.643751,858,14.03836201,855,7.45605045,862,4.685398995,4.037470626,16.087025,0.000000
(5#)29,883,0.000000,883,2.643679,870,21.14423093,870,7.30263706,877,5.649258923,3.995993732,16.214904,0.000000
(5#)59/2,898,0.000000,887,2.643666,897,13.20776018,885,7.16535894,892,2.740783772,3.970982644,16.240287,0.000000
(5#)30,914,0.000000,911,2.643595,913,6.63826972,900,7.04182133,907,0.884532702,4.001974391,16.391267,0.000000
(5#)61/2,929,0.000000,929,2.643537,924,13.32323102,915,7.16119240,922,2.662524937,3.991036253,16.503061,0.000000
(5#)31,943,0.000000,941,2.643499,933,13.36108163,930,7.28463599,937,4.013608037,3.960875060,16.576923,0.000000
(7#)9/2,958,0.000000,953,2.643463,959,6.73435146,945,8.45019787,952,2.687985501,4.061373050,16.650265,0.000000
(5#)32,973,0.000000,971,2.643410,962,12.58222921,960,7.04183440,967,3.359811782,3.984135419,16.759322,0.000000
(5#)65/2,989,0.000000,983,2.643375,987,12.67639332,975,7.68199054,982,4.218734794,4.025167166,16.831405,0.000000
(5#)33,1004,0.000000,997,2.643336,1003,6.36779686,990,7.82425269,997,2.966966350,3.967411732,16.914886,0.000000
(5#)67/2,1019,0.000000,1019,2.643277,1005,12.74293688,1005,7.15015407,1012,4.254467133,3.974772716,17.044764,0.000000
(5#)34,1033,0.000000,1024,2.640683,1026,18.02713307,1020,7.51127582,1027,6.141823064,4.029405739,17.074063,0.000000
(5#)69/2,1049,0.000000,1049,2.643210,1035,18.07257740,1035,7.37716209,1042,6.034547266,3.953081602,17.219382,0.000000
(7#)5,1064,0.000000,1063,2.643175,1056,12.11820851,1050,8.45017836,1057,4.442676505,4.045597144,17.299920,0.000000
(5#)71/2,1079,0.000000,1069,2.643161,1078,12.19009305,1065,7.14388543,1072,3.653126492,4.010883722,17.334255,0.000000
(5#)36,1093,0.000000,1093,2.643105,1092,11.51546920,1080,7.04181003,1087,3.139030000,4.011122617,17.470535,0.000000
(5#)73/2,1109,0.000000,1109,2.643068,1107,11.56042673,1095,7.14100449,1102,6.156990457,3.953677548,17.560464,0.000000
(5#)37,1124,0.000000,1123,2.643038,1113,17.36739543,1110,7.24302135,1117,3.861686709,4.032452781,17.638561,0.000000
(5#)75/2,1139,0.000000,1129,2.643025,1138,5.82585384,1125,7.04181832,1132,1.551906121,3.969555454,17.671865,0.000000
(5#)38,1154,0.000000,1153,2.642982,1146,5.83745876,1140,7.45604545,1147,1.534517792,3.927751675,17.804105,0.000000
(11#)/2,1259,0.000000,1259,2.642782,1215,11.21011047,1155,9.38911241,1206,3.279993454,4.006264489,18.370544,0.000000
(7#)6,1363,0.000000,1361,2.642625,1290,20.51997516,1260,8.45018431,1311,3.591487838,3.997231373,18.890980,0.000000
(7#)13/2,1463,0.000000,1459,2.642495,1467,14.49772179,1365,9.21837971,1416,3.779381830,4.000410415,19.370846,0.000000
(7#)7,1574,0.000000,1571,2.642366,1470,14.50584733,1470,8.45016941,1521,4.162392578,3.999448827,19.897679,0.000000
(7#)15/2,1679,0.000000,1669,2.642268,1590,18.11295148,1575,8.45018512,1626,4.285610519,4.000423550,20.341656,0.000000
(7#)8,1784,0.000000,1783,2.642162,1683,12.73387709,1680,8.45017417,1731,3.471270159,3.997962446,20.840117,0.000000
(7#)17/2,1888,0.000000,1889,2.642079,1887,11.77096142,1785,9.01351726,1836,3.149426344,4.003938349,21.287808,0.000000
(7#)9,1994,0.000000,1993,2.642006,1890,11.77592006,1890,8.45017767,1941,2.857426111,3.995060894,21.713559,0.000000
(7#)19/2,2095,0.000000,2048,2.640679,1995,14.89952835,1995,8.94724497,2046,4.361611265,3.999301145,21.933686,0.000000
(7#)10,2204,0.000000,2203,2.641881,2121,14.22306186,2145,8.53552775,2151,3.263296367,4.000192823,22.536761,0.000000
(7#)21/2,2309,0.000000,2309,2.641826,2289,10.25891822,2205,8.45017839,2256,3.951147138,3.995229475,22.935579,0.000000
(11#),2401,0.000000,2411,2.641774,2364,13.40967530,2310,9.38907879,2361,5.137592441,4.004952857,23.309756,0.000000
(7#)23/2,2519,0.000000,2503,2.641735,2429,9.85389529,2415,8.85255865,2466,2.662032081,3.999492805,23.639697,0.000000
(7#)12,2623,0.000000,2621,2.641687,2550,9.46553253,2520,8.45017337,2571,2.636480485,4.001849237,24.053067,0.000000
(7#)25/2,2729,0.000000,2729,2.641647,2685,18.24524188,2625,8.45017202,2676,6.295377651,3.993809084,24.422340,0.000000
(7#)13,2834,0.000000,2833,2.641612,2730,14.90491529,2730,9.21836303,2782,4.323128465,4.003485714,24.770258,0.000000
(7#)27/2,2938,0.000000,2939,2.641576,2933,11.33169069,2835,8.45017398,2887,3.392633231,4.000256878,25.117561,0.000000
(7#)14,3038,0.000000,3041,2.641546,3030,10.93810258,2940,8.45016836,2992,3.136202755,3.999763937,25.445177,0.000000
(7#)29/2,3149,0.000000,3137,2.641520,3045,10.95158310,3045,8.76313650,3097,2.547715389,4.000376696,25.747930,0.000000
(7#)15,3253,0.000000,3253,2.641490,3210,13.03797987,3150,8.45017025,3202,3.431180549,3.998226242,26.106894,0.000000
(7#)31/2,3332,0.000000,3359,2.641465,3345,15.19772946,3255,8.74155435,3307,4.489718065,3.999935140,26.428677,0.000000
(7#)16,3461,0.000000,3463,2.641441,3360,12.67874370,3360,8.45016454,3412,3.225839824,3.992372424,26.738892,0.000000
(11#)3/2,3551,0.000000,3559,2.641419,3498,12.33050545,3465,9.38907865,3517,4.755350100,4.007123757,27.020633,0.000000
(7#)17,3656,0.000000,3673,2.641396,3582,17.04756134,3570,9.01351072,3622,4.677109688,4.002754971,27.349712,0.000000
(7#)35/2,3772,0.000000,3779,2.641376,3747,11.67442783,3675,8.45016547,3727,3.684829994,3.994662580,27.650589,0.000000
(7#)18,3874,0.000000,3881,2.641358,3870,11.37404711,3780,8.45016784,3832,3.795364227,3.999135541,27.935669,0.000000
(7#)37/2,3988,0.000000,3989,2.641340,3885,11.38470212,3885,8.69160032,3937,4.152011526,3.996215455,28.232970,0.000000
(7#)19,4087,0.000000,4093,2.641321,4050,13.14237709,3990,8.94723156,4042,3.794931263,4.008093514,28.515016,0.000000
(7#)39/2,4183,0.000000,4096,2.640676,4155,10.84739879,4095,9.21835905,4147,3.777840913,4.000343790,28.523092,0.000000
(7#)20,4292,0.000000,4297,2.641291,4215,10.71730373,4290,8.53552117,4252,4.133502510,4.000686175,29.056797,0.000000
(7#)41/2,4408,0.000000,4409,2.641276,4305,10.45008937,4305,8.66683476,4357,3.029972346,3.998053978,29.348116,0.000000
(7#)21,4511,0.000000,4513,2.641262,4452,12.27454393,4410,8.45016055,4462,3.610071382,3.998123449,29.614929,0.000000
(7#)43/2,4607,0.000000,4603,2.641249,4515,12.13970154,4515,8.65626675,4567,3.762205448,3.996247113,29.843052,0.000000
(11#)2,4724,0.000000,4723,2.641235,4620,13.84490628,4620,9.38906879,4672,3.921371538,4.002432182,30.143354,0.000000
(7#)45/2,4828,0.000000,4817,2.641224,4731,9.80871426,4725,8.45016133,4777,3.172583921,4.000284919,30.375612,0.000000
(7#)23,4912,0.000000,4933,2.641211,4860,9.60794917,4830,8.85255186,4882,3.374633794,3.999386213,30.658748,0.000000
(7#)47/2,5039,0.000000,5039,2.641200,4980,11.29469949,4935,8.63794393,4987,5.332555999,4.002775134,30.914225,0.000000
(7#)24,5141,0.000000,5119,2.641191,5040,11.18128865,5040,8.45015965,5092,3.706213710,3.994823354,31.105048,0.000000
(7#)49/2,5248,0.000000,5237,2.641179,5235,9.05272352,5145,8.45016363,5197,3.147662118,4.005298520,31.383481,0.000000
(7#)25,5353,0.000000,5351,2.641169,5256,8.95068785,5250,8.45016082,5302,2.974223952,3.992028233,31.649151,0.000000
(7#)51/2,5452,0.000000,5449,2.641160,5415,12.31786230,5355,9.01350432,5407,4.388705294,4.005793451,31.875007,0.000000
(7#)26,5564,0.000000,5563,2.641150,5460,15.68107844,5460,9.21835842,5512,4.414439763,3.998802427,32.134887,0.000000
(7#)53/2,5669,0.000000,5669,2.641142,5610,10.27816646,5565,8.61585079,5617,4.047938641,4.002438328,32.373863,0.000000
(7#)27,5749,0.000000,5749,2.641134,5670,10.18643016,5670,8.45015882,5722,4.297384958,3.995633090,32.552567,0.000000
(11#)5/2,5878,0.000000,5879,2.641124,5820,11.69039262,5775,9.38906924,5827,4.855702010,4.002023527,32.840009,0.000000
(7#)28,5981,0.000000,5981,2.641117,5883,8.27904527,5880,8.45015984,5932,3.024589175,4.000722549,33.063054,0.000000
(7#)57/2,6053,0.000000,6089,2.641109,6060,8.06965766,5985,8.94722758,6037,3.045947688,3.996652424,33.296906,0.000000
(7#)29,6193,0.000000,6173,2.641103,6132,14.41149333,6090,8.76312969,6142,4.143894926,4.001405276,33.477187,0.000000
(7#)59/2,6208,1.572694,6299,2.641095,6270,12.61020131,6195,8.59840873,6247,4.910412141,3.999108551,33.745048,0.000000
(7#)30,6377,0.000000,6397,2.641087,6300,14.05705203,6300,8.45015806,6352,4.544921624,4.002614240,33.951313,0.000000
(7#)61/2,6503,0.000000,6491,2.641082,6471,9.14876830,6405,8.59338423,6457,2.861461045,3.995303273,34.147501,0.000000
(7#)31,6599,0.000000,6607,2.641074,6510,9.16130195,6510,8.74154375,6562,3.086324584,4.004270213,34.387421,0.000000
(7#)63/2,6692,0.000000,6719,2.641068,6636,10.52645836,6615,8.45015854,6667,3.892658558,3.997056146,34.616838,0.000000
(7#)32,6814,0.000000,6823,2.641062,6741,11.84323253,6720,8.45015979,6772,4.402532222,3.997635637,34.827956,0.000000
(7#)65/2,6883,0.000000,6917,2.641057,6870,16.04885619,6825,9.21835567,6877,4.475183040,3.999550785,35.017227,0.000000
(11#)3,7021,0.000000,7027,2.641050,6963,10.14916719,6930,9.38906372,6982,4.194095871,4.004542973,35.236893,0.000000
(7#)67/2,7111,0.000000,7129,2.641045,7035,10.07945187,7035,8.58015939,7087,3.462323737,4.002235173,35.438867,0.000000
(7#)34,7244,0.000000,7243,2.641039,7143,8.51306926,7140,9.01350203,7192,3.210227533,3.997490140,35.662695,0.000000
(7#)69/2,7346,0.000000,7349,2.641034,7290,7.00069381,7245,8.85254624,7297,2.882401808,4.001147115,35.869052,0.000000
(7#)35,7451,0.000000,7451,2.641029,7446,9.59300907,7350,8.45015591,7402,3.017601237,3.999248696,36.066052,0.000000
(7#)71/2,7552,0.000000,7559,2.641024,7455,9.59560880,7455,8.57262459,7507,4.583949183,3.997626027,36.273001,0.000000
(7#)36,7664,0.000000,7649,2.641019,7590,14.88297064,7560,8.45015669,7612,5.587630009,4.002883881,36.444195,0.000000
(7#)73/2,7769,0.000000,7759,2.641014,7665,10.75665821,7665,8.56917263,7717,3.660461419,3.998897390,36.651908,0.000000
(7#)37,7867,0.000000,7873,2.641010,7791,9.29028240,7770,8.69159049,7822,3.687582440,3.999405840,36.865440,0.000000
(7#)75/2,7954,0.000000,7963,2.641006,7935,7.86567169,7875,8.45015707,7927,3.209420407,3.995706335,37.032797,0.000000
(7#)38,8083,0.000000,8081,2.641001,7980,9.11408137,7980,8.94722333,8032,3.352186643,3.998947117,37.250624,0.000000
(11#)7/2,8152,0.000000,8179,2.640997,8166,10.22227154,8085,9.38906417,8137,3.829732179,4.004425211,37.430180,0.000000
(7#)39,8288,0.000000,8192,2.640674,8190,11.50755010,8190,9.21835208,8242,3.982502111,4.002492670,37.453908,0.000000
(7#)79/2,8390,0.000000,8389,2.640989,8370,8.78601396,8295,8.55989804,8347,3.635114068,4.001358949,37.810928,0.000000
(7#)40,8504,0.000000,8501,2.640985,8445,11.23222604,8400,8.45015674,8452,3.184830924,3.998215610,38.011812,0.000000
(7#)81/2,8594,0.000000,8609,2.640981,8568,9.86554292,8580,8.53551058,8557,3.621168287,3.995733250,38.204124,0.000000
(7#)41,8699,0.000000,8713,2.640977,8637,9.80927310,8610,8.66682549,8662,4.843149979,4.002173723,38.388039,0.000000
(7#)83/2,8794,0.000000,8819,2.640973,8730,13.32082610,8715,8.55447997,8767,4.958622106,4.000353702,38.574232,0.000000
(7#)42,8899,0.000000,8923,2.640970,8835,13.16238528,8820,8.45015550,8872,4.170486956,3.997010411,38.755697,0.000000
(7#)85/2,9023,0.000000,9029,2.640966,8931,9.52639652,8925,9.01349889,8977,3.660152691,4.004609506,38.939438,0.000000
(7#)43,9059,0.000000,9133,2.640963,9075,9.42432317,9030,8.65625748,9082,4.015778408,3.996843433,39.118541,0.000000
(7#)87/2,9203,0.000000,9239,2.640960,9180,10.48048809,9135,8.76312455,9187,3.880852686,3.997378624,39.299919,0.000000
(11#)4,9283,0.000000,9343,2.640956,9330,12.67772054,9240,9.38906041,9292,4.672226737,4.002794014,39.476745,0.000000
(7#)89/2,9439,0.000000,9439,2.640953,9405,10.31968866,9345,8.54728463,9397,4.703925020,4.001493260,39.638994,0.000000
(7#)45,9463,0.000000,9551,2.640950,9540,10.14343827,9450,8.45015497,9502,4.265423570,3.996509080,39.827121,0.000000
(7#)91/2,9619,0.000000,9649,2.640947,9576,10.15177875,9555,9.21835058,9607,3.769840353,4.003776854,39.990723,0.000000
(7#)46,9752,0.000000,9749,2.640945,9750,9.99054941,9660,8.85254158,9712,4.222330645,3.997327514,40.156707,0.000000
(7#)93/2,9851,0.000000,9859,2.640942,9810,12.14707384,9765,8.74153992,9817,4.359307476,4.006406283,40.338193,0.000000
(7#)47,9967,0.000000,9973,2.640938,9870,8.78851969,9870,8.63793511,9922,3.590975489,3.992191574,40.525087,0.000000
(7#)95/2,10078,0.000000,10079,2.640935,10050,9.73631104,9975,8.94722152,10027,3.633114330,4.004684311,40.697796,0.000000
(7#)48,10174,0.000000,10181,2.640933,10155,9.69652444,10080,8.45015446,10132,3.788819514,3.997363788,40.863031,0.000000
(7#)97/2,10276,0.000000,10289,2.640930,10218,10.72051461,10185,8.53910320,10237,4.380039205,3.999516149,41.036980,0.000000
(7#)49,10369,0.000000,10391,2.640928,10350,9.55512122,10290,8.45015294,10342,3.990818073,3.996883377,41.200329,0.000000
(11#)9/2,10447,0.000000,10499,2.640925,10395,9.50505384,10395,9.38906082,10447,3.509779177,4.004970678,41.372312,0.000000
(7#)50,10592,0.000000,10601,2.640922,10593,9.37034976,10500,8.45015347,10552,3.489027663,3.999020498,41.533834,0.000000
(7#)101/2,10697,1.030851,10709,2.640920,10620,8.33377595,10605,8.53550832,10657,3.404699353,3.997003822,41.703913,0.000000
(7#)51,10805,0.000000,10799,2.640918,10785,10.26525637,10710,9.01349759,10762,3.839854484,4.004434125,41.844914,0.000000
(7#)103/2,10907,0.000000,10909,2.640915,10845,8.17336977,10815,8.53381864,10867,3.332157486,3.995230626,42.016359,0.000000
(7#)52,10994,0.000000,11003,2.640913,10920,11.18885524,10920,9.21834824,10972,3.722130189,4.006159859,42.162102,0.000000
(7#)105/2,11084,0.000000,11119,2.640910,11115,9.03004887,11025,8.45015424,11077,3.522815599,3.997204448,42.340999,0.000000
(7#)53,11201,0.993514,11213,2.640908,11145,8.98334810,11130,8.61584234,11182,3.703904121,4.004844571,42.485203,0.000000
(7#)107/2,11260,0.000000,11329,2.640906,11235,8.94743964,11235,8.53063049,11287,3.603166558,3.995364935,42.662228,0.000000
(7#)54,11393,0.000000,11443,2.640904,11355,7.88133695,11340,8.45015354,11392,3.557833017,3.999995365,42.835216,0.000000
(7#)109/2,11533,0.000000,11549,2.640902,11493,8.79013684,11445,8.52912672,11497,3.085533373,3.995712532,42.995202,0.000000
(11#)5,11650,0.000000,11633,2.640900,11550,8.75055611,11550,9.38905800,11602,3.221179240,4.000421368,43.121402,0.000000
(7#)111/2,11746,0.000000,11743,2.640898,11655,8.67114943,11655,8.69158675,11707,3.316689241,4.003964890,43.285895,0.000000
(7#)56,11797,0.955455,11863,2.640895,11760,12.48042507,11760,8.45015267,11812,4.066890216,3.997188824,43.464363,0.000000
(7#)113/2,11959,0.947934,11969,2.640893,11865,10.46601760,11865,8.52627996,11917,4.455955882,3.997936086,43.621173,0.000000
(7#)57,11977,0.000000,12073,2.640892,11970,12.25963711,11970,8.94722095,12022,4.171502094,3.997909081,43.774271,0.000000
(7#)115/2,12178,0.000000,12163,2.640890,12075,11.27734211,12075,8.85254114,12127,4.118083181,4.004925387,43.906166,0.000000
(7#)58,12234,0.927594,12281,2.640887,12270,9.28173593,12180,8.76312044,12232,3.913059658,4.000860246,44.078271,0.000000
(7#)117/2,12319,0.000000,12379,2.640886,12285,10.21255951,12285,9.21834726,12337,4.297947734,4.000394662,44.220504,0.000000
(7#)59,12422,0.916212,12491,2.640884,12390,15.64773947,12390,8.59840058,12442,4.795076506,3.997360431,44.382289,0.000000
(7#)119/2,12539,0.913327,12589,2.640882,12540,10.96011164,12495,9.01349557,12547,4.841113831,4.007522423,44.523186,0.000000
(7#)60,12704,0.000000,12703,2.640881,12600,10.91522665,12600,8.45015108,12652,4.334716948,3.990852951,44.686319,0.000000
(11#)11/2,12758,0.000000,12809,2.640879,12705,10.82397479,12705,9.38905836,12757,4.196292621,4.004709500,44.837271,0.000000
(7#)61,12878,0.891080,12911,2.640877,12810,11.62894357,12810,8.59337442,12862,4.083223051,4.000391807,44.981869,0.000000
(7#)123/2,12944,0.000000,13009,2.640875,13008,10.61010309,12915,8.66682188,12967,4.106981741,3.995835548,45.120197,0.000000
(7#)62,13057,0.880540,13121,2.640874,13110,11.45680276,13020,8.74153649,13072,4.242629895,4.005139431,45.277575,0.000000
(7#)125/2,13189,0.873843,13229,2.640872,13125,9.64925601,13125,8.45015175,13177,3.846738997,3.999371509,45.428624,0.000000
(7#)63,13321,0.000000,13331,2.640871,13320,9.53968927,13230,8.45015079,13282,3.698309627,3.998121569,45.570649,0.000000
(7#)127/2,13435,0.000000,13421,2.640869,13377,7.77484175,13335,8.51775337,13387,3.306123450,3.998514523,45.695463,0.000000
(7#)64,13451,0.000000,13537,2.640867,13530,8.57732608,13440,8.45015120,13492,3.520231631,4.001359861,45.855646,0.000000
(7#)129/2,13606,0.000000,13649,2.640866,13545,12.86898654,13545,8.65625227,13597,4.021779491,3.992445995,46.009580,0.000000
(7#)65,13666,0.000000,13751,2.640864,13689,8.51767158,13650,9.21834719,13702,4.159371501,4.008024280,46.149157,0.000000
(7#)131/2,13789,0.000000,13859,2.640863,13755,9.33507762,13755,8.51565647,13807,4.261699924,3.997318760,46.296316,0.000000
(11#)6,13963,0.000000,13963,2.640862,13881,10.95114154,13860,9.38905611,13912,3.854420632,4.001842714,46.437420,0.000000
(7#)133/2,14044,0.000000,14057,2.640860,14040,10.82693597,13965,8.94721955,14017,3.194797945,4.001225246,46.564453,0.000000
(7#)67,14174,0.000000,14173,2.640858,14103,7.46849823,14070,8.58015321,14122,2.772829776,3.999011696,46.720565,0.000000
(7#)135/2,14279,0.000000,14251,2.640858,14199,7.44526602,14175,8.45015072,14227,3.071165412,3.999570853,46.825135,0.000000
(7#)68,14342,0.000000,14369,2.640856,14355,9.81646941,14280,9.01349469,14332,3.262855815,4.001194719,46.982727,0.000000
(7#)137/2,14464,0.812082,14489,2.640855,14475,9.74652917,14385,8.51274481,14437,3.663187654,3.999905264,47.142250,0.000000
(7#)69,14524,0.812784,14593,2.640853,14520,11.37832028,14490,8.85253833,14542,4.531067774,3.999795920,47.279908,0.000000
(7#)139/2,14671,1.607645,14699,2.640852,14610,11.29305971,14595,8.51183140,14647,4.780209274,4.000328560,47.419650,0.000000
(7#)70,14797,0.798284,14797,2.640851,14760,10.41738396,14700,8.45015060,14752,4.662409571,3.996116726,47.548347,0.000000
(7#)141/2,14866,0.000000,14897,2.640849,14805,9.58049205,14805,8.63793156,14857,4.106035865,4.002169288,47.679180,0.000000
(7#)71,14923,0.000000,15013,2.640848,14952,10.31096233,14910,8.57261553,14962,4.232170310,3.993842284,47.830334,0.000000
(13#)/2,16169,0.000000,16141,2.640836,15345,11.66128231,15015,10.24260702,15581,4.246893119,4.000451008,49.267401,0.000000
(11#)7,17201,0.000000,16384,2.640672,16590,10.20664308,16170,9.38905458,16737,3.654057388,3.999714641,49.569576,0.000000
(11#)15/2,18233,0.000000,18461,2.640815,17589,11.15926326,17325,9.38905487,17893,4.205591718,4.000045686,52.056271,0.000000
(11#)8,19073,0.000000,19609,2.640806,19320,11.00144104,18480,9.38905330,19048,3.425795231,3.999597339,53.364043,0.000000
(11#)17/2,20684,0.000000,20789,2.640798,20235,13.06659574,19635,10.01499047,20204,4.034092614,4.000310385,54.664533,0.000000
(11#)9,21089,0.602626,21943,2.640791,21270,11.36592355,20790,9.38905220,21359,4.243921728,4.000059756,55.897177,0.000000
(11#)19/2,22999,0.000000,23099,2.640785,22425,10.89611515,21945,9.94134964,22515,4.074545511,3.999807224,57.096279,0.000000
(11#)10,23987,0.543918,24251,2.640780,23790,11.49581256,23205,9.83289815,23670,4.191807967,4.000181997,58.258446,0.000000
(11#)21/2,25351,0.000000,25409,2.640775,25305,11.45051536,24255,9.38905146,24825,3.431039607,3.999831031,59.396107,0.000000
(11#)11,26197,0.000000,26561,2.640770,26025,10.69283632,25935,9.76059606,25981,4.067772874,4.000154274,60.499606,0.000000
(11#)23/2,27557,0.486188,27701,2.640766,26565,13.00402176,26565,9.83614823,27136,3.774606650,3.999949307,61.565711,0.000000
(11#)12,28742,0.469457,28871,2.640762,28215,10.50134908,27720,9.38905038,28291,4.161974938,4.000113931,62.634807,0.000000
(11#)25/2,29473,0.460476,30029,2.640758,28980,10.74308612,28875,9.38904981,29446,3.736364128,3.999414653,63.669484,0.000000
(13#),30728,0.000000,31183,2.640755,30870,10.19870921,30030,10.24259959,30602,3.814228862,4.000552904,64.678764,0.000000
(11#)27/2,31897,0.431897,32327,2.640752,32130,11.15549677,31395,9.65730784,31757,3.890050145,4.000231496,65.659023,0.000000
(11#)14,33382,0.832924,32768,2.640670,32760,11.42315057,32340,9.38904894,32912,4.480247751,3.999487771,66.031750,0.000000
(11#)29/2,34303,0.815372,34649,2.640746,33915,11.51954330,33495,9.73679101,34067,4.078821188,4.000258859,67.591080,0.000000
(11#)15,35197,0.399250,35803,2.640743,34965,10.42434246,34650,9.38904832,35222,3.745720273,4.000070272,68.524571,0.000000
(11#)31/2,35909,0.392206,36947,2.640741,36270,10.12655648,35805,9.71280816,36377,4.023428827,3.999920508,69.433635,0.000000
(11#)16,37811,0.376607,38113,2.640739,37050,11.48832843,36960,9.38904775,37533,3.922060127,4.000093166,70.344254,0.000000
(11#)33/2,38296,0.744936,39251,2.640737,38745,10.70019379,38115,9.38904734,38688,3.854692935,3.999506749,71.218225,0.000000
(11#)17,40072,0.358872,40423,2.640735,39585,11.96840024,39270,10.01498370,39843,3.822710646,4.000226058,72.103743,0.000000
(11#)35/2,40649,0.709480,41579,2.640733,41496,10.46927606,41055,9.44269845,40998,4.018836194,4.000133991,72.963337,0.000000
(11#)18,42719,1.022669,42727,2.640731,42315,13.39148046,42315,9.53621033,42153,4.626528918,3.999954413,73.803970,0.000000
(11#)37/2,43718,0.668698,43889,2.640729,42945,10.51498755,42735,9.65730485,43308,3.685657370,4.000108125,74.642204,0.000000
(11#)19,44959,0.654013,45013,2.640728,44940,9.80941530,43890,9.94134311,44463,3.886019733,3.999643316,75.441406,0.000000
(13#)3/2,45427,0.648808,46199,2.640726,45045,9.14641446,45045,10.24259557,45618,3.650813392,4.000204237,76.272796,0.000000
(11#)20,46738,0.633492,47353,2.640725,47124,10.06862362,46410,9.83289177,46773,3.803050651,3.999983522,77.070482,0.000000
(11#)41/2,47456,0.938788,48497,2.640723,48195,10.80894047,47355,9.62979029,47929,3.956841551,4.000733637,77.850700,0.000000
(11#)21,49451,1.210661,49663,2.640722,49335,11.22282503,48510,9.38904544,49084,4.205102692,3.999554812,78.635506,0.000000
(11#)43/2,50279,0.895705,50789,2.640721,49665,12.05383241,49665,9.61804666,50239,3.954903296,4.000067762,79.383767,0.000000
(11#)22,51647,1.168933,51973,2.640720,51870,11.34981876,51870,9.76058992,51394,4.009793041,3.999849147,80.160732,0.000000
(11#)45/2,52748,0.860885,53129,2.640719,52290,10.40242898,51975,9.38904516,52549,3.940814026,3.999895103,80.909930,0.000000
(11#)23,53831,0.564426,54277,2.640718,54180,10.39249205,53130,9.83614207,53704,3.963901393,4.000364214,81.645069,0.000000
(11#)47/2,54902,0.833841,55439,2.640716,55275,9.94885321,54285,9.59769024,54859,3.933224439,3.999951895,82.380466,0.000000
(11#)24,55948,1.093936,56591,2.640715,55965,11.48696711,55965,9.45470217,56014,4.272269885,3.999939772,83.101165,0.000000
(11#)49/2,56807,1.080910,57737,2.640714,56595,11.92221239,56595,9.38904446,57169,4.425639340,3.999963266,83.810104,0.000000
(11#)25,58711,1.314818,58901,2.640713,58590,10.80101266,58695,9.44317157,58324,4.146976573,4.000010750,84.522258,0.000000
(11#)51/2,59737,0.777811,60041,2.640713,58905,11.53959820,58905,10.01498041,59479,3.982170636,3.999691519,85.212225,0.000000
(13#)2,61169,1.017560,61211,2.640712,60840,9.96366388,60060,10.24259317,60634,3.625068709,4.000081078,85.912860,0.000000
(11#)53/2,61934,0.755400,62351,2.640711,61845,9.32381252,61215,9.57314272,61789,3.685310303,4.000135963,86.588445,0.000000
(11#)27,62687,0.997035,63521,2.640710,62895,10.94043472,62790,9.65730201,62944,3.918715979,4.000144327,87.274748,0.000000
(11#)55/2,63892,0.736071,64679,2.640709,64050,10.28897269,64155,9.42318546,64099,3.846628741,4.000225626,87.947168,0.000000
(11#)28,64811,0.970351,65536,2.640668,65730,9.58609875,64680,9.38904317,65254,3.824655381,3.999809889,88.440533,0.000000
(11#)57/2,66889,0.945069,66977,2.640708,66165,10.49593236,65835,9.94133991,66409,4.063350845,3.999881991,89.262130,0.000000
(11#)29,67768,1.169565,68141,2.640707,67830,10.05041004,66990,9.73678523,67565,3.997325848,4.000124145,89.918691,0.000000
(11#)59/2,69208,0.919209,69263,2.640706,68385,9.51611980,68145,9.55376303,68720,3.601575934,4.000042324,90.545724,0.000000
(11#)30,69623,1.143896,70451,2.640706,69510,9.38584672,69615,9.83288834,69875,3.843694934,4.000154813,91.203558,0.000000
(11#)61/2,70592,0.904079,71597,2.640705,71085,11.24372551,70455,9.54817904,71030,4.327754395,3.999969322,91.832355,0.000000
(11#)31,72712,1.323713,72763,2.640704,71820,11.14396579,71610,9.71280248,72185,4.163249480,4.000110068,92.466449,0.000000
(11#)63/2,72959,1.100855,73907,2.640704,73185,10.53704614,72765,9.38904247,73340,3.929898120,3.999905516,93.083150,0.000000
(11#)32,74843,1.508492,75041,2.640703,73920,10.01092722,73920,9.38904242,74495,4.008183936,4.000000069,93.689282,0.000000
(13#)5/2,75814,1.066288,76213,2.640703,75075,10.52923776,75075,10.24259153,75650,3.918307726,3.999822719,94.310436,0.000000
(11#)33,77311,1.259536,77383,2.640702,76860,9.91360578,76230,9.38904218,76805,4.010658780,4.000232075,94.925294,0.000000
(11#)67/2,78506,1.243398,78539,2.640702,78435,9.53897123,77805,9.76058687,77960,3.958401533,3.999553851,95.527777,0.000000
(11#)34,79616,1.228462,79693,2.640701,78540,10.35400418,78540,10.01497809,79115,3.880042982,4.000228325,96.124357,0.000000
(11#)69/2,79841,1.226120,80849,2.640701,79800,10.22493277,79695,9.83613901,80270,4.211443200,4.000541595,96.717212,0.000000
(11#)35,81974,1.000079,82003,2.640700,80955,10.50920526,80850,9.38904174,81425,4.280734033,3.999747412,97.304395,0.000000
(11#)71/2,82526,1.193130,83137,2.640700,82215,9.97481270,82005,9.52511464,82580,3.957566218,3.999858974,97.876978,0.000000
(11#)36,83548,0.984221,84313,2.640699,83160,10.27473603,83160,9.38904153,83735,3.789509912,3.999802088,98.466237,0.000000
(11#)73/2,84904,0.971388,85469,2.640699,84525,9.75034444,84630,9.53620495,84890,3.850815728,4.000310910,99.041072,0.000000
(11#)37,85597,0.578866,86599,2.640698,85680,9.83504704,85470,9.65729965,86045,3.870795646,4.000297222,99.598850,0.000000
(11#)75/2,87623,1.135333,87767,2.640698,86625,9.74480536,86625,9.38904117,87200,3.801296870,3.999537998,100.171184,0.000000
(11#)38,87784,1.134043,88919,2.640697,88665,9.74609920,87780,9.94133766,88355,3.929900300,4.000466621,100.731578,0.000000
(11#)77/2,89399,1.117304,90089,2.640697,89250,9.88078813,88935,9.38904098,89510,4.036524646,3.999302161,101.296647,0.000000
(13#)3,90274,1.292785,91243,2.640697,90090,10.91565775,90090,10.24259011,90665,4.128851391,4.000586436,101.850040,0.000000
(11#)79/2,91589,1.277044,92399,2.640696,91770,10.57010616,91245,9.51097638,91820,4.154401079,4.000318065,102.400537,0.000000
(11#)40,93497,1.256200,93553,2.640696,92430,10.14058292,92820,9.83288622,92975,4.181691523,3.999697365,102.946309,0.000000
(11#)81/2,94313,1.603292,94709,2.640696,94185,10.87894820,94185,9.65729888,94130,4.245448433,4.000084778,103.489320,0.000000
(11#)41,95813,1.054625,95857,2.640695,95550,10.40024290,94710,9.62978520,95285,4.113650776,3.999931740,104.024971,0.000000
(11#)83/2,96532,1.223013,97007,2.640695,96915,10.44863139,95865,9.50495451,96440,3.896413348,4.000697881,104.558023,0.000000
(11#)42,97841,0.691337,98143,2.640694,97140,9.21509322,97020,9.38904040,97595,3.761011689,3.999166307,105.081178,0.000000
(11#)85/2,98737,1.029221,99317,2.640694,98175,9.99761765,98175,10.01497628,98750,3.847667397,3.999892781,105.618340,0.000000
(11#)43,99524,1.022027,100483,2.640694,99330,10.40715856,99330,9.61804121,99905,4.008944981,3.999976695,106.148391,0.000000
(11#)87/2,101249,1.175517,101627,2.640693,101010,10.09725842,100485,9.73678252,101060,4.114055834,4.000357564,106.665158,0.000000
(11#)44,101746,1.004000,102793,2.640693,102555,9.63980345,101745,9.54368306,102215,3.943113076,4.000077641,107.188576,0.000000
(11#)89/2,103219,1.322858,103919,2.640693,102795,10.11726062,103740,9.76058475,103370,3.885022059,4.000168348,107.690945,0.000000
(11#)45,104957,1.304833,105097,2.640693,104475,9.32937625,103950,9.38903990,104525,3.779735276,3.999456545,108.213315,0.000000
(13#)7/2,105883,1.294965,106243,2.640692,105105,11.72489579,105105,10.24258904,105680,4.019690375,4.000025191,108.718411,0.000000
(11#)46,107336,1.120188,107377,2.640692,106260,10.49000073,106260,9.83613688,106835,3.847870034,4.000210313,109.215273,0.000000
(11#)93/2,107846,1.275180,108557,2.640692,107640,9.74316860,107415,9.71279979,107990,4.000475245,4.000124251,109.729233,0.000000
(11#)47,108826,1.107665,109721,2.640691,109410,10.24073698,108570,9.59768492,109145,3.892135285,4.000042553,110.233219,0.000000
(11#)95/2,110443,1.250731,110879,2.640691,109725,11.00176418,109725,9.94133610,110300,3.980090654,4.000256954,110.731696,0.000000
(11#)48,111278,1.242987,112031,2.640691,110880,9.50474325,111930,9.45469697,111456,3.862160128,3.999730412,111.224754,0.000000
(11#)97/2,112696,1.076360,113189,2.640691,112035,10.04172378,112035,9.48787150,112611,3.905577027,4.000284205,111.717577,0.000000
(11#)49,113326,1.224349,114343,2.640690,113190,9.95703323,113190,9.38903931,113766,3.868106464,3.999984129,112.205944,0.000000
(11#)99/2,114859,1.362106,115499,2.640690,114345,9.87388852,114345,9.38903936,114921,3.906427701,3.999897382,112.692446,0.000000
(11#)50,116029,1.350922,116639,2.640690,115500,10.54549617,116025,9.83288473,116076,4.005979250,4.000182566,113.169597,0.000000
(11#)101/2,117032,1.341075,117809,2.640690,116655,9.86148181,116655,9.48387800,117231,3.968696302,3.999690923,113.656644,0.000000
(11#)51,118553,0.884418,118931,2.640689,118545,9.72848614,117810,10.01497497,118386,3.910289082,4.000478716,114.121216,0.000000
(11#)103/2,120103,1.750092,120103,2.640689,119805,9.79329905,118965,9.48199986,119541,4.054615162,3.999462354,114.603924,0.000000
(13#)4,121229,1.446856,121271,2.640689,120120,11.37587447,120120,10.24258789,120696,4.163919725,4.000078281,115.082413,0.000000
(11#)105/2,122041,1.439387,122401,2.640689,122115,10.49759702,121275,9.38903895,121851,4.189496218,4.000299163,115.542928,0.000000
(11#)53,122926,1.287589,123583,2.640689,122850,10.30499597,122430,9.57313757,123006,4.116792566,3.999986261,116.022139,0.000000
(11#)107/2,124379,1.274901,124739,2.640688,124215,10.49636490,123585,9.47845823,124161,4.025111720,3.999897094,116.488377,0.000000
(11#)54,125339,1.266793,125887,2.640688,124950,10.16010925,125580,9.65729691,125316,3.905389403,4.000255791,116.949043,0.000000
(11#)109/2,126839,1.254624,127037,2.640688,126945,9.61044864,126945,9.53620222,126471,3.936344619,3.999962678,117.408201,0.000000
(11#)55,128204,1.519351,128203,2.640688,127575,10.26378476,127050,9.38903866,127626,4.029437206,3.999703718,117.871419,0.000000
(11#)111/2,128281,1.518748,129347,2.640687,129090,9.20076180,128205,9.65729681,128781,4.054586212,3.999995954,118.323652,0.000000
(11#)56,129898,1.503232,130513,2.640687,129675,10.39830832,129675,9.76058340,129936,4.021095485,4.000416160,118.782323,0.000000
(11#)113/2,131162,1.491008,131072,2.640667,130515,9.66286503,130515,9.47362437,131091,3.974112399,3.999837642,119.001420,0.000000
(11#)57,132766,1.207699,132817,2.640687,131670,10.26818146,131670,9.94133479,132246,3.878180672,4.000050693,119.682074,0.000000
(11#)115/2,133618,1.201478,133979,2.640687,132825,10.59659942,132825,9.83613538,133401,3.932193156,4.000306217,120.132601,0.000000
(11#)58,135106,1.454504,135131,2.640687,133980,9.72183871,133980,9.73678046,134556,4.115635295,3.999441121,120.577135,0.000000
(13#)9/2,135844,1.448298,136277,2.640686,136080,10.77925863,135135,10.24258713,135711,4.110058008,4.000475493,121.017292,0.000000
(11#)59,136558,1.179906,137443,2.640686,136290,10.76687792,136290,9.55375815,136866,4.175953135,3.999423498,121.463047,0.000000
(11#)119/2,138454,1.555009,138599,2.640686,137445,10.43108090,137445,10.01497396,138021,4.110765168,4.000404858,121.902933,0.000000
(11#)60,139189,1.419481,139753,2.640686,139230,11.22220425,139230,9.83288348,139176,4.026284540,4.000370643,122.340051,0.000000
(11#)121/2,140876,1.660363,140909,2.640686,140595,9.72556013,139755,9.38903798,140331,4.057421869,3.999919571,122.775942,0.000000
(11#)61,141307,1.401825,142061,2.640685,141015,9.69953705,140910,9.54817419,141486,3.937214540,3.999607901,123.208375,0.000000
(11#)123/2,142897,1.388741,143197,2.640685,142065,9.64165281,142065,9.62978243,142641,3.816754724,4.000036422,123.632918,0.000000
(11#)62,143551,1.132045,144349,2.640685,143220,9.32510100,143220,9.71279777,143796,3.768750438,4.000093048,124.061556,0.000000
(11#)125/2,145228,1.369822,145517,2.640685,145320,9.08759840,144690,9.39907947,144951,3.771546649,4.000446126,124.494232,0.000000
(11#)63,146522,1.359880,146683,2.640685,145530,10.44569852,145530,9.38903774,146106,3.872931676,3.999925237,124.924269,0.000000
(11#)127/2,147626,1.597298,147827,2.640685,147315,9.84739273,146685,9.46414996,147261,4.093199726,3.999971922,125.344370,0.000000
(11#)64,148292,1.346161,148991,2.640685,148890,10.00294528,147840,9.38903763,148416,4.106886091,4.000312884,125.769987,0.000000
(11#)129/2,148997,1.706559,150131,2.640684,148995,10.72691538,148995,9.61803859,149571,4.233393771,3.999326862,126.185062,0.000000
(13#)5,151108,1.686683,151303,2.640684,150150,11.14289096,150150,10.24258640,150726,4.325749380,4.000257130,126.609987,0.000000
(11#)131/2,152336,1.555812,152459,2.640684,151410,10.10636432,151515,9.48170850,151881,4.146798599,4.000160586,127.027343,0.000000
(11#)66,153464,1.665664,153611,2.640684,153510,10.22818468,152460,9.38903743,153036,4.114456051,3.999755954,127.441530,0.000000
(11#)133/2,154618,1.537087,154769,2.640684,153615,10.45852532,153615,9.94133379,154191,3.914329548,4.000170646,127.856159,0.000000
(11#)67,154793,1.535471,155921,2.640684,154980,9.91121090,155610,9.76058214,155346,3.911693834,4.000210021,128.266952,0.000000
(11#)135/2,156113,1.524414,157061,2.640684,156975,9.92361213,156975,9.65729551,156501,3.824088160,4.000033254,128.671829,0.000000
(11#)68,157993,1.277286,158233,2.640683,157080,9.56663403,157080,10.01497305,157656,3.854084081,3.999687848,129.086391,0.000000
(11#)137/2,159253,1.614709,159389,2.640683,158235,9.97244244,158340,9.55974697,158811,3.888761362,3.999917364,129.493646,0.000000
(11#)69,159724,1.150695,160541,2.640683,159390,10.37342601,159390,9.83613414,159966,3.850077285,4.000253779,129.897882,0.000000
(11#)139/2,161068,1.371225,161683,2.640683,161070,9.59859401,160545,9.45757029,161121,3.936232836,4.000031076,130.297040,0.000000
(11#)70,162824,1.585018,162853,2.640683,161700,9.68071228,162435,9.83288252,162276,3.938176524,4.000339756,130.704383,0.000000
(11#)141/2,163694,1.465620,163997,2.640683,163170,9.60784482,162855,9.59768235,163431,3.794473952,3.999927212,131.101123,0.000000
(11#)71,164888,1.456572,165161,2.640683,164220,9.55812075,164010,9.52510995,164586,3.851504118,3.999424712,131.503243,0.000000
(13#)11/2,166016,1.336714,166319,2.640683,165165,9.62353481,165165,10.24258580,165741,3.754790640,4.000444251,131.901749,0.000000
(11#)72,166697,1.443529,167471,2.640682,166320,10.12422452,166320,9.38903686,166896,3.648004492,3.999927775,132.296682,0.000000
(11#)145/2,167894,1.434779,168629,2.640682,167475,9.84490797,167475,9.73677900,168051,3.863522657,3.999979164,132.692173,0.000000
(11#)73,169534,1.642535,169783,2.640682,169260,10.30602110,169575,9.54367973,169206,3.935379620,4.000357923,133.084817,0.000000
(11#)147/2,170647,1.524337,170927,2.640682,170625,9.90798120,169785,9.38903680,170361,3.937743417,4.000000600,133.472615,0.000000
(11#)74,170974,1.304544,172093,2.640682,171600,9.75349678,170940,9.65729487,171516,4.093832658,4.000219357,133.866409,0.000000
(11#)149/2,173161,1.398438,173249,2.640682,173145,10.00405379,172095,9.45290771,172671,3.966579998,3.999862144,134.255382,0.000000
(11#)75,173764,1.394090,174389,2.640682,173355,9.45761505,173250,9.38903670,173826,4.013113280,3.999616944,134.637580,0.000000
(11#)151/2,174562,1.495857,175543,2.640682,174405,9.08729733,174405,9.45205030,174981,3.934761108,4.000108626,135.023077,0.000000
(11#)76,175822,1.592931,176713,2.640681,175560,9.88813454,175560,9.94133288,176136,3.968411916,4.000231115,135.412502,0.000000
(11#)153/2,177698,1.789604,177841,2.640681,176715,10.36306997,176715,10.01497231,177291,4.140094439,3.999820710,135.786611,0.000000
(11#)77,178733,1.676290,179021,2.640681,177870,10.72774883,177870,9.38903653,178446,4.131863064,4.000099859,136.176575,0.000000
(11#)155/2,179483,1.461488,180179,2.640681,179025,10.25169109,179025,9.71279634,179601,3.991675139,3.999646629,136.557900,0.000000
(13#)6,180679,1.764656,181303,2.640681,180180,10.19697307,180180,10.24258521,180756,4.142241347,4.000289151,136.926745,0.000000
(11#)157/2,182426,1.750719,182489,2.640681,181335,10.34988494,181545,9.76058116,181911,4.030836378,4.000024821,137.314579,0.000000
(11#)79,183247,1.744061,183637,2.640681,183540,9.42776690,182490,9.51097190,183066,3.967612935,4.000018092,137.688671,0.000000
(11#)159/2,184117,1.737535,184777,2.640681,184275,10.10947488,183645,9.57313505,184221,4.221447998,4.000422852,138.058889,0.000000
(11#)80,185534,1.726527,185951,2.640681,185130,9.86824860,185640,9.83288155,185376,4.125429270,3.999993037,138.438841,0.000000
(11#)161/2,187081,1.613274,187091,2.640681,185955,10.33805975,185955,9.83613318,186531,4.106673745,4.000028817,138.806533,0.000000
(11#)81,188093,1.606465,188261,2.640680,187110,10.28488674,187110,9.38903620,187686,4.104256720,3.999789234,139.182626,0.000000
(11#)163/2,188693,1.301507,189407,2.640680,189210,10.18877801,188370,9.65729435,188841,3.982315968,4.000166615,139.549763,0.000000
(11#)82,190331,1.391815,190573,2.640680,189735,9.76724961,189420,9.62978064,189996,3.991825575,3.999952517,139.922059,0.000000
(11#)165/2,191591,1.186300,191717,2.640680,191100,9.70997974,190575,9.38903606,191151,4.041537029,4.000028175,140.286118,0.000000
(11#)83,192611,1.476278,192883,2.640680,191835,9.67720774,191730,9.50495007,192306,3.982175683,4.000162845,140.655955,0.000000
(11#)167/2,193181,1.276245,194027,2.640680,193830,9.59443402,192885,9.44593923,193461,3.956416176,4.000265010,141.017625,0.000000
(11#)84,194126,1.368717,195193,2.640680,194040,9.97793432,194040,9.38903597,194616,3.999951399,3.999135391,141.385048,0.000000
(13#)13/2,196073,1.357534,196337,2.640680,195510,9.72065663,195195,10.24258463,195771,3.981968316,3.999961784,141.744371,0.000000
(11#)85,196736,1.740119,197479,2.640680,196350,10.75175688,196350,10.01497162,196926,3.919564274,4.000439074,142.101923,0.000000
(11#)171/2,198593,1.534679,198659,2.640680,197505,10.31041113,197505,9.94133215,198081,3.904481865,4.000289875,142.470184,0.000000
(11#)86,199193,1.530998,199813,2.640680,199290,9.18376798,198660,9.61803669,199236,3.954750099,3.999926438,142.829172,0.000000
(11#)173/2,200443,1.618472,200929,2.640679,199920,10.01776272,199815,9.44394249,200391,3.916904233,3.999699956,143.175260,0.000000
(11#)87,201766,1.514750,202121,2.640679,201810,9.46452438,200970,9.73677781,201546,3.817955598,4.000485626,143.543754,0.000000
(11#)175/2,203023,1.506731,203279,2.640679,202125,9.45195262,202125,9.38903577,202701,3.845008171,3.999788767,143.900599,0.000000
(11#)88,203821,1.595892,204431,2.640679,203490,9.39986326,203490,9.54367864,203856,3.919254600,3.999925678,144.254491,0.000000
(11#)177/2,204691,1.683543,205589,2.640679,204435,10.11183746,204435,9.55375562,205011,4.031211570,4.000258519,144.609126,0.000000
(11#)89,205684,1.677010,206699,2.640679,206115,10.41560588,205590,9.49695555,206166,4.072998783,4.000206046,144.948035,0.000000
(11#)179/2,207472,1.849861,207877,2.640679,207570,10.35363031,207480,9.76058029,207321,4.262347957,3.999798975,145.306617,0.000000
(11#)90,207931,1.661886,209039,2.640679,207900,10.98664807,208845,9.83288085,208476,4.307303780,3.999862083,145.659239,0.000000
(11#)181/2,209518,1.651241,210209,2.640679,209160,9.82798556,209055,9.44148827,209631,4.141401993,3.999738176,146.013205,0.000000
(13#)7,210802,1.825388,211349,2.640679,210210,10.61139749,210210,10.24258414,210786,4.101450223,4.000414782,146.357057,0.000000
(11#)183/2,212302,1.814278,212507,2.640679,211470,9.73833954,211365,9.54817168,211941,4.023111988,4.000071457,146.705300,0.000000
(11#)92,213607,1.444165,213659,2.640679,212520,9.33665036,212520,9.83613232,213096,3.835538147,4.000066958,147.050709,0.000000
(11#)185/2,214411,1.349477,214817,2.640678,214305,8.73112662,213675,9.65729358,214251,3.743609281,3.999822429,147.396889,0.000000
(11#)93,215564,1.701688,215983,2.640678,215460,9.14008671,214830,9.71279517,215406,3.729899554,4.000005689,147.744429,0.000000
(11#)187/2,216803,1.604578,217121,2.640678,215985,9.65861929,215985,10.01497104,216561,3.934523092,4.000025659,148.082634,0.000000
(11#)94,217163,1.335145,218287,2.640678,217875,10.11969816,217140,9.59768049,217716,3.939096455,4.000183674,148.428154,0.000000
(11#)189/2,219386,1.677181,219437,2.640678,219240,9.71461502,218295,9.38903529,218871,3.985254774,3.999800187,148.767944,0.000000
(11#)95,219701,1.498799,220589,2.640678,219765,10.57717865,219450,9.94133138,220026,4.099686434,4.000380636,149.107348,0.000000
(11#)191/2,220852,1.580026,221747,2.640678,220605,9.66516256,220605,9.43871266,221181,4.081234908,3.999790572,149.447543,0.000000
(11#)96,221818,1.661763,222913,2.640678,221760,10.31998522,221760,9.38903521,222336,4.135298680,4.000077965,149.789105,0.000000
(11#)193/2,223556,1.650533,224069,2.640678,222915,10.44947725,223860,9.45469271,223491,3.997846446,4.000296057,150.126774,0.000000
(11#)97,224377,1.645862,225223,2.640678,224595,10.21162492,224070,9.48786709,224646,3.977895741,3.999591663,150.462908,0.000000
(13#)15/2,225304,1.553632,226379,2.640678,225225,12.00021920,225225,10.24258374,225801,4.066303859,4.000033100,150.798680,0.000000
(11#)98,226874,1.630675,227533,2.640678,226380,10.65959442,226380,9.38903508,226956,4.179661807,4.000225347,151.132935,0.000000
(11#)197/2,228322,1.792552,228677,2.640678,227535,10.01517954,227535,9.43718393,228111,4.173082931,4.000103757,151.463379,0.000000
(11#)99,229709,1.868233,229841,2.640678,228690,9.63195346,228690,9.38903502,229266,4.064175787,4.000127132,151.798672,0.000000
(11#)199/2,230642,1.777551,230999,2.640678,230685,9.81642400,229845,9.43669504,230421,3.991831411,4.000015684,152.131315,0.000000
(11#)100,232093,1.515489,232153,2.640677,231420,9.79159659,232050,9.83288020,231576,4.011697749,3.999819116,152.461901,0.000000
(11#)201/2,232436,1.597862,233297,2.640677,232155,9.59586383,232155,9.53348160,232731,3.851674705,3.999978370,152.788736,0.000000
(11#)101,233978,1.421798,234463,2.640677,233415,10.30567803,233415,9.76057958,233886,3.643008715,3.999956651,153.120954,0.000000
(11#)203/2,235573,1.496850,235607,2.640677,234465,9.43330962,234465,9.73677687,235041,3.660164151,3.999870258,153.446025,0.000000
(11#)102,236057,1.411094,236773,2.640677,235620,9.06208984,235620,10.01497049,236196,3.720311112,4.000018778,153.776460,0.000000
(11#)205/2,237052,1.489059,237929,2.640677,237510,9.66102941,236775,9.62977926,237351,3.825587062,4.000395788,154.103182,0.000000
(11#)103,238837,1.561880,239081,2.640677,237930,9.64818823,237930,9.48199551,238506,3.897261757,3.999836447,154.427911,0.000000
(11#)207/2,239809,1.720045,240209,2.640677,239085,10.51263373,239085,9.83613162,239661,3.936233446,3.999701999,154.745045,0.000000
(13#)8,240301,1.799187,241393,2.640677,240240,10.71575646,240240,10.24258332,240816,4.039452717,4.000098259,155.077047,0.000000
(11#)209/2,242321,1.867591,242533,2.640677,241920,10.08203979,241395,9.94133082,241971,4.103827333,4.000598086,155.395870,0.000000
(11#)105,243094,1.700678,243703,2.640677,243390,9.87166954,242550,9.38903465,243126,4.099976873,3.999693423,155.722231,0.000000
(11#)211/2,244744,1.852001,244859,2.640677,244530,10.15493792,243705,9.43395822,244281,4.133798872,4.000208086,156.043845,0.000000
(11#)106,245783,1.925785,246011,2.640677,245385,10.28424162,244860,9.57313331,245436,4.173775046,4.000421109,156.363520,0.000000
(11#)213/2,247042,1.757603,247141,2.640677,246015,10.18420621,246015,9.52510751,246591,4.076174318,3.999650668,156.676296,0.000000
(11#)107,248077,1.751526,248323,2.640677,247170,9.42304507,247170,9.47845391,247746,4.136949272,3.999760974,157.002628,0.000000
(11#)215/2,249244,1.744747,249463,2.640677,248325,10.34092026,248325,9.61803540,248901,4.047067665,3.999914389,157.316560,0.000000
(11#)108,249901,1.820153,250619,2.640676,249795,9.97314526,249480,9.38903448,250056,4.040074257,4.000182470,157.634097,0.000000
(11#)217/2,251521,1.652601,251789,2.640676,251160,9.61328369,250635,9.71279431,251211,4.017679437,4.000612423,157.954664,0.000000
(11#)109,252869,1.645231,252937,2.640676,252525,10.74714312,252525,9.48170540,252366,3.997151262,3.999284970,158.268412,0.000000
(11#)219/2,254057,1.404860,254083,2.640676,252945,9.86936278,253890,9.53619797,253521,3.870950888,4.000433543,158.580837,0.000000
(11#)110,254717,1.557682,255253,2.640676,254940,9.49365288,254100,9.38903437,254676,3.986599228,3.999449530,158.899010,0.000000
(17#)/2,259801,1.302059,262144,2.640666,265650,10.60037827,255255,10.92542184,262655,4.001153509,4.000013972,160.756979,0.000000
(13#)9,284246,1.491357,285283,2.640675,271425,10.70395808,270270,10.24258254,277676,3.967793895,4.000018819,166.807497,0.000000
(13#)19/2,297257,1.436350,300299,2.640674,285285,10.47886819,285285,10.84508708,292696,3.841134191,4.000061933,170.591295,0.000000
(13#)10,308621,1.656639,315313,2.640674,300300,11.39163859,300300,10.24258193,307715,4.051309316,4.000005210,174.272511,0.000000
(13#)21/2,324752,1.777529,330329,2.640674,315315,10.99969826,315315,10.24258166,322735,4.158644344,4.000045341,177.859581,0.000000
(13#)11,342527,1.638995,345329,2.640673,338520,10.05348481,330330,10.24258137,337754,3.977338582,4.000009989,181.354929,0.000000
(13#)23/2,354983,1.708040,360337,2.640673,345345,10.96999501,345345,10.73032309,352772,4.009387700,4.000026863,184.770083,0.000000
(13#)12,368971,1.653108,375373,2.640672,373065,10.33491788,373065,10.60408349,367790,3.867573596,4.000015846,188.114565,0.000000
(13#)25/2,375916,1.627434,390389,2.640672,379995,10.28726375,375375,10.24258061,382808,4.003032839,4.000016981,191.382369,0.000000
(13#)13,400237,1.596723,405401,2.640672,390390,10.70842058,390390,10.24258038,397826,3.939388823,4.000046759,194.581415,0.000000
(13#)27/2,407656,1.572109,420419,2.640671,412335,10.43217669,405405,10.24258018,412844,3.981748323,4.000025968,197.717688,0.000000
(13#)14,432119,1.745992,435427,2.640671,420420,10.77175055,420420,10.24257996,427861,4.078126815,3.999992509,200.791385,0.000000
(13#)29/2,446041,1.748212,450431,2.640671,435435,11.05243947,435435,10.62193455,442878,4.018009056,4.000042144,203.807023,0.000000
(13#)15,456656,1.570909,465463,2.640671,464100,10.04902968,451605,10.49186986,457895,3.842873977,4.000037583,206.773839,0.000000
(13#)31/2,466373,1.823683,480463,2.640670,471240,10.93909054,465465,10.59577177,472912,4.102102115,4.000007662,209.682709,0.000000
(13#)16,488596,1.663318,495491,2.640670,482790,10.62684437,480480,10.24257920,487929,4.014390485,4.000034206,212.547775,0.000000
(13#)33/2,506279,1.701249,510481,2.640670,502425,10.58087771,504735,10.41472311,502946,3.982957509,4.000006832,215.358793,0.000000
(17#),515519,1.804316,524288,2.640665,510510,10.65564912,510510,10.92541743,517963,4.085205188,4.000044720,217.908435,0.000000
(13#)35/2,533284,1.669630,540539,2.640670,525525,10.64996107,533715,10.30110763,532979,3.942538435,4.000001930,220.862962,0.000000
(13#)18,546253,1.799450,555523,2.640669,554400,10.17761140,540540,10.24257853,547996,3.922997562,4.000040635,223.544556,0.000000
(13#)37/2,560548,1.680474,570569,2.640669,555555,10.96602802,555555,10.53522349,563012,3.964467014,4.000009926,226.197894,0.000000
(13#)19,584894,1.852520,585581,2.640669,570570,11.07476535,570570,10.84508285,578028,4.078806535,4.000047879,228.807527,0.000000
(13#)39/2,594974,1.749652,600577,2.640669,596505,10.66468703,585585,10.24257809,593044,4.029338683,4.000028260,231.378259,0.000000
(13#)20,608659,1.865364,615607,2.640669,600600,10.82924880,608685,10.36030868,608061,4.049583817,4.000017264,233.919990,0.000000
(13#)41/2,628151,1.707180,630613,2.640669,615615,10.34637276,615615,10.50520803,623077,3.905889788,4.000017038,236.424185,0.000000
(13#)21,633881,1.766052,645641,2.640669,638715,10.02727168,636405,10.30952259,638093,3.874594515,4.000042735,238.899756,0.000000
(13#)43/2,651082,1.902399,660659,2.640668,645645,10.46717903,645645,10.49239655,653109,3.981892796,4.000023414,241.342549,0.000000
(13#)22,669742,1.857311,675643,2.640668,660660,10.23028038,660660,10.24257743,668125,4.002062887,4.000008176,243.749885,0.000000
(13#)45/2,686087,1.886868,690689,2.640668,680295,10.72494126,680295,10.28412932,683141,4.025980170,4.000005066,246.138132,0.000000
(13#)23,691682,1.907405,705689,2.640668,690690,10.82133972,690690,10.73031898,698157,4.031080171,4.000056156,248.491071,0.000000
(13#)47/2,708556,1.868601,720703,2.640668,705705,10.92166253,705705,10.47018993,713172,4.018954183,4.000025059,250.819122,0.000000
(13#)24,729193,1.887521,735733,2.640668,726495,10.62265705,726495,10.30110595,728188,3.990320938,4.000025015,253.123386,0.000000
(13#)49/2,741308,1.735068,750749,2.640668,735735,10.09649070,746130,10.60407951,743204,3.883525485,4.000020714,255.400084,0.000000
(13#)25,751691,1.870376,765763,2.640668,750750,10.45435252,750750,10.24257676,758220,4.022296701,4.000016204,257.651859,0.000000
(17#)3/2,767434,1.745741,780733,2.640668,765765,10.83135532,765765,10.92541512,773236,4.048504531,4.000028193,259.873265,0.000000
(13#)26,784027,1.864601,795793,2.640668,780780,10.47297403,780780,10.24257657,788251,4.047843927,4.000005149,262.084787,0.000000
(13#)53/2,803039,1.679567,810809,2.640667,795795,10.57115585,795795,10.44341131,803267,3.998897243,4.000030138,264.267315,0.000000
(13#)27,816617,1.859072,825821,2.640667,820050,10.82483634,810810,10.24257636,818283,4.039155775,4.000036088,266.427415,0.000000
(13#)55/2,840799,1.954996,840839,2.640667,825825,10.32884655,825825,10.24257627,833298,3.989751492,4.000045574,268.567134,0.000000
(13#)28,841784,1.981407,855851,2.640667,844305,10.16365033,844305,10.25923077,848314,3.949565453,3.999997964,270.685346,0.000000
(13#)57/2,862409,1.940781,870853,2.640667,863940,10.32588181,855855,10.84508057,863329,4.043582604,4.000015186,272.782078,0.000000
(13#)29,881819,1.958695,885883,2.640667,870870,11.19075694,870870,10.62193068,878345,4.036867352,4.000014305,274.863139,0.000000
(13#)59/2,886177,1.977570,900869,2.640667,899745,10.56258008,885885,10.42227022,893360,3.985651763,4.000068820,276.919102,0.000000
(13#)30,903362,1.998623,915911,2.640667,903210,10.71463612,903210,10.49186602,908376,3.988154749,4.000008413,278.964154,0.000000
(13#)61/2,922183,1.989919,930911,2.640667,915915,10.79786993,915915,10.41617873,923391,4.008499944,4.000038428,280.985412,0.000000
(13#)31,942836,1.901318,945943,2.640667,930930,10.80518138,930930,10.59576793,938407,3.935632054,4.000000783,282.993320,0.000000
(13#)63/2,958553,1.950583,960941,2.640667,951405,10.22364470,945945,10.24257559,953422,3.930115704,4.000016818,284.979493,0.000000
(13#)32,975329,1.921880,975967,2.640667,960960,10.49009342,960960,10.24257551,968438,3.933810206,4.000051736,286.952570,0.000000
(13#)65/2,979361,1.915112,990989,2.640667,987525,10.10023907,975975,10.24257542,983453,3.913246141,4.000023701,288.908707,0.000000
(13#)33,997153,2.008311,1006003,2.640667,997815,10.59907882,990990,10.24257535,998469,4.033268190,4.000007823,290.847785,0.000000
(13#)67/2,1018432,1.996353,1021019,2.640667,1006005,10.84121046,1009470,10.41471937,1013484,4.094105403,4.000003572,292.771474,0.000000
(17#)2,1035908,2.038628,1036027,2.640666,1021020,11.16044006,1021020,10.92541355,1028500,3.989458858,4.000053594,294.678858,0.000000
(13#)69/2,1048748,1.923500,1048576,2.640664,1036035,10.45278692,1036035,10.73031681,1043515,3.889057314,4.000017780,296.262246,0.000000
(13#)35,1052782,1.893814,1066063,2.640666,1060290,10.01544137,1051050,10.24257505,1058530,3.912947355,4.000027145,298.451643,0.000000
(13#)71/2,1068703,1.961940,1081079,2.640666,1067430,10.23567579,1066065,10.39101810,1073546,3.987580777,4.000012189,300.316167,0.000000
(13#)36,1087124,1.887935,1096079,2.640666,1081080,10.78793091,1081080,10.24257492,1088561,4.060849584,4.000033201,302.164730,0.000000
(13#)73/2,1096406,2.009733,1111091,2.640666,1096095,10.72879852,1096095,10.38683647,1103576,4.076247825,4.000041930,304.001082,0.000000
(13#)37,1112632,1.783974,1126093,2.640666,1119195,11.20446381,1119195,10.60407738,1118592,4.037714047,3.999983481,305.822815,0.000000
(13#)75/2,1132022,1.911571,1141139,2.640666,1138830,10.68892906,1138830,10.38588640,1133607,3.940014921,4.000032125,307.636717,0.000000
(13#)38,1141223,2.094716,1156151,2.640666,1141140,10.77955240,1141140,10.84507904,1148622,4.036273223,4.000043304,309.433639,0.000000
(13#)77/2,1158967,2.088773,1171133,2.640666,1163085,10.36886098,1156155,10.24257459,1163638,4.110447553,4.000033829,311.214399,0.000000
(13#)39,1185263,1.985614,1186181,2.640666,1171170,11.03327488,1171170,10.24257453,1178653,4.117716213,4.000009900,312.990612,0.000000
(13#)79/2,1197767,2.072437,1201183,2.640666,1186185,10.40663940,1186185,10.37559492,1193668,3.998795279,4.000024127,314.749274,0.000000
(13#)40,1215982,2.004533,1216213,2.640666,1201200,10.12831777,1201200,10.24257439,1208684,3.922714181,4.000027669,316.499317,0.000000
(13#)81/2,1224277,1.890119,1231229,2.640666,1229865,10.23252089,1217370,10.36030508,1223699,3.908513573,4.000037105,318.236059,0.000000
(13#)41,1239556,1.951408,1246243,2.640666,1231230,10.26385968,1231230,10.50520439,1238714,3.945416173,4.000010310,319.961128,0.000000
(13#)83/2,1246396,2.043471,1261259,2.640666,1256640,10.62755688,1246245,10.36902576,1253730,4.035144625,4.000038675,321.675195,0.000000
(13#)42,1266623,2.015457,1276271,2.640666,1261260,10.37396671,1272810,10.30951905,1268745,4.047831282,3.999983265,323.377784,0.000000
(17#)5/2,1287179,1.987735,1291271,2.640666,1276275,11.08235145,1276275,10.92541238,1283760,3.986109316,4.000046319,325.068205,0.000000
(13#)43,1295134,2.055594,1306289,2.640666,1291290,10.14716671,1291290,10.49239293,1298775,3.965405497,3.999997592,326.750027,0.000000
(13#)87/2,1315543,2.086140,1321319,2.640666,1306305,10.22172330,1306305,10.62192859,1313791,3.954644888,4.000070783,328.422734,0.000000
(13#)44,1328168,2.030821,1336333,2.640666,1321320,10.23773806,1322685,10.41127516,1328806,3.968615978,4.000009577,330.083397,0.000000
(13#)89/2,1347901,1.967473,1351327,2.640666,1345890,10.55063371,1336335,10.36030463,1343821,3.959450697,4.000019043,331.731789,0.000000
(13#)45,1355734,1.976479,1366349,2.640665,1360590,10.52762305,1354815,10.49186398,1358836,3.983641979,4.000024074,333.373351,0.000000
(13#)91/2,1368904,2.090800,1381349,2.640665,1369095,10.37807610,1366365,10.24257378,1373851,4.024331999,4.000005661,335.002781,0.000000
(13#)46,1389772,2.008543,1396393,2.640665,1381380,11.15082434,1381380,10.73031533,1388867,4.028929017,4.000041619,336.627391,0.000000
(13#)93/2,1403137,2.046917,1411387,2.640665,1396395,10.20389951,1396395,10.59576588,1403882,3.959446488,4.000029996,338.237195,0.000000
(13#)47,1425958,2.054855,1426393,2.640665,1415505,11.08294835,1411410,10.47018638,1418897,3.996308367,4.000000991,339.839038,0.000000
(13#)95/2,1430789,2.138708,1441439,2.640665,1426425,10.57786404,1426425,10.84507790,1433912,4.017129737,4.000049802,341.436012,0.000000
(13#)48,1456303,2.124245,1456451,2.640665,1444170,10.57275899,1452990,10.30110247,1448928,4.061149979,4.000018299,343.020405,0.000000
(13#)97/2,1456694,2.035275,1471447,2.640665,1461075,10.43234609,1456455,10.35039004,1463943,4.023813073,4.000041550,344.594303,0.000000
(13#)49,1476056,2.082268,1486451,2.640665,1475565,10.15191366,1471470,10.24257343,1478958,4.046506957,4.000020353,346.160371,0.000000
(13#)99/2,1498487,2.193683,1501499,2.640665,1492260,10.79957702,1492260,10.60407595,1493973,4.072258286,4.000030266,347.722457,0.000000
(13#)50,1502582,2.067914,1516513,2.640665,1501500,10.27704077,1514205,10.41471738,1508988,4.006952825,3.999991263,349.272587,0.000000
(13#)101/2,1526111,2.057455,1531499,2.640665,1516515,10.58257256,1516515,10.34603362,1524004,3.948630719,4.000016230,350.811562,0.000000
(17#)3,1535824,2.046245,1546537,2.640665,1536150,10.80427215,1531530,10.92541145,1539019,3.923098550,4.000061516,352.347703,0.000000
(13#)103/2,1552246,2.144974,1561559,2.640665,1551165,10.26184559,1546545,10.34398481,1554034,3.953211132,4.000002484,353.874155,0.000000
(13#)52,1567109,2.094164,1576571,2.640665,1570800,10.16796320,1561560,10.24257315,1569049,3.934328668,4.000020750,355.391671,0.000000
(13#)105/2,1585568,2.106127,1591589,2.640665,1590435,9.83009079,1576575,10.24257310,1584064,3.951429398,4.000002215,356.901985,0.000000
(13#)53,1592347,2.098407,1606603,2.640665,1591590,10.51280060,1591590,10.44340782,1599079,3.953073907,4.000075956,358.404206,0.000000
(13#)107/2,1621577,2.065811,1621619,2.640665,1606605,10.50942819,1606605,10.34012133,1614095,4.009959895,3.999990731,359.899045,0.000000
(13#)54,1632791,2.053619,1636627,2.640665,1629705,10.23651941,1621620,10.24257297,1629110,3.995864302,4.000024255,361.385620,0.000000
(13#)109/2,1641506,2.124103,1651621,2.640665,1649340,10.24325285,1636635,10.33829792,1644125,4.009635208,4.000034124,362.863459,0.000000
(13#)55,1653053,2.095492,1666657,2.640665,1651650,10.43708462,1651650,10.24257289,1659140,3.993478427,4.000028821,364.338163,0.000000
(13#)111/2,1679198,2.083012,1681679,2.640665,1666665,10.52977318,1666665,10.53521778,1674155,4.022558351,4.000020137,365.804321,0.000000
(13#)56,1689113,2.150393,1696693,2.640665,1681680,10.43302821,1688610,10.25922737,1689170,4.011327556,4.000018882,367.262634,0.000000
(13#)113/2,1701709,2.059257,1711687,2.640665,1708245,10.27785110,1708245,10.38588445,1704185,3.950826663,4.000003164,368.712051,0.000000
(13#)57,1720819,2.131617,1726693,2.640665,1711710,10.73756359,1711710,10.84507700,1719201,3.969631992,4.000045424,370.155767,0.000000
(13#)115/2,1735414,2.055283,1741723,2.640665,1726725,10.96279143,1726725,10.73031425,1734216,3.941972199,4.000020986,371.595001,0.000000
(13#)58,1742492,2.093576,1756747,2.640665,1741740,10.41116077,1741740,10.62192718,1749231,3.950493719,4.000025760,373.026961,0.000000
(13#)117/2,1761943,2.133764,1771751,2.640665,1756755,10.24397417,1763580,10.41127378,1764246,3.988111835,4.000010152,374.450418,0.000000
(13#)59,1785341,2.094852,1786781,2.640665,1771770,10.66292657,1771770,10.42226682,1779261,3.984208791,4.000028459,375.869817,0.000000
(17#)7/2,1792828,2.146530,1801781,2.640665,1789515,10.54188728,1786785,10.92541070,1794276,4.031836055,4.000057815,377.279958,0.000000
(13#)60,1812164,2.156059,1816813,2.640665,1806420,10.94227195,1806420,10.49186260,1809291,4.028880801,3.999965604,378.686751,0.000000
(13#)121/2,1826464,2.170682,1831811,2.640665,1816815,10.68360335,1826055,10.36030315,1824307,4.026232488,4.000037508,380.084101,0.000000
(13#)61,1846462,2.164885,1846843,2.640665,1831830,10.65158575,1831830,10.41617533,1839322,4.045348333,4.000029064,381.478422,0.000000
(13#)123/2,1859489,1.979637,1861859,2.640665,1846845,10.51945450,1846845,10.50520244,1854337,4.048675731,4.000047929,382.865144,0.000000
(13#)62,1875931,2.035858,1876859,2.640665,1861860,11.06235944,1865325,10.60407488,1869352,4.053256253,4.000010940,384.244363,0.000000
(13#)125/2,1877296,1.977693,1891889,2.640665,1887270,10.43821994,1876875,10.24257231,1884367,4.040739181,4.000023248,385.620373,0.000000
(13#)63,1895332,2.046121,1906889,2.640665,1891890,10.41631922,1891890,10.24257226,1899382,4.023984084,4.000037992,386.987755,0.000000
(13#)127/2,1913854,2.127029,1921919,2.640665,1919190,10.62339766,1906905,10.32451281,1914397,4.033085648,3.999994738,388.352049,0.000000
(13#)64,1924204,2.214646,1936889,2.640664,1929585,10.12956194,1921920,10.24257219,1929412,4.025160097,4.000034517,389.705174,0.000000
(13#)129/2,1949657,2.162140,1951949,2.640664,1936935,10.52571125,1936935,10.49239099,1944428,3.962605378,4.000036086,391.060740,0.000000
(13#)65,1963592,2.094141,1966963,2.640664,1951950,10.18060301,1951950,10.24257213,1959443,3.950183835,4.000005727,392.406548,0.000000
(13#)131/2,1968059,2.172061,1981963,2.640664,1966965,10.75614284,1966965,10.32197187,1974458,3.973040430,4.000045645,393.745565,0.000000
(13#)66,1985792,2.182376,1996979,2.640664,1981980,10.27839192,1981980,10.24257205,1989473,4.002537427,3.999999012,395.080534,0.000000
(13#)133/2,1998058,2.211318,2012009,2.640664,1996995,11.03446794,1996995,10.84507626,2004488,4.066539945,4.000026948,396.411323,0.000000
(13#)67,2020861,2.229865,2027023,2.640664,2018940,10.61056541,2018940,10.41471604,2019503,4.047105139,4.000020953,397.735341,0.000000
(13#)135/2,2029831,2.154800,2042039,2.640664,2027025,10.57383781,2040885,10.28412394,2034518,4.023159076,4.000020572,399.054242,0.000403
(17#)4,2055437,2.105321,2057053,2.640664,2042040,10.94364720,2042040,10.92541004,2049533,3.970028732,4.000050101,400.367737,0.008395
(13#)137/2,2062322,2.138657,2072053,2.640664,2070705,10.25061581,2057055,10.31844279,2064548,3.958952664,3.999994187,401.674841,0.016297
(13#)69,2077606,2.216329,2087081,2.640664,2072070,10.50591997,2072070,10.73031337,2079563,3.979214911,4.000038380,402.979266,0.024135
(13#)139/2,2091464,2.190662,2097152,2.640663,2087085,10.89540775,2087085,10.31733512,2094579,3.981279104,4.000018964,403.850587,0.029342
(13#)70,2111114,2.005905,2117099,2.640664,2102100,10.11828518,2102100,10.24257179,2109594,3.996748543,4.000038144,405.569705,0.039555
(13#)141/2,2125304,2.186157,2132129,2.640664,2126670,10.31120478,2117115,10.47018446,2124609,4.028609652,4.000032426,406.859279,0.047161
(13#)71,2136149,2.061987,2147137,2.640664,2132130,10.41600714,2132130,10.39101479,2139624,4.025398386,4.000006019,408.142072,0.054682
(13#)143/2,2147606,2.128512,2162137,2.640664,2158065,10.66125575,2147145,10.24257170,2154639,4.020184610,4.000031198,409.419349,0.062125
(13#)72,2171504,2.171056,2177167,2.640664,2162160,9.95103170,2162160,10.24257166,2169654,3.996335664,4.000015920,410.694386,0.069510
(13#)145/2,2187044,2.195142,2192161,2.640664,2177175,10.54276534,2177175,10.62192614,2184669,3.965507409,4.000014901,411.961638,0.076807
(13#)73,2201393,2.083583,2207203,2.640664,2204475,10.54164931,2204475,10.41127276,2199684,3.951479266,4.000040649,413.228249,0.084058
(13#)147/2,2219171,2.167686,2222219,2.640664,2207205,10.43129766,2207205,10.24257157,2214699,3.946251600,3.999990067,414.488027,0.091227
(13#)74,2229893,2.207717,2237219,2.640664,2222220,10.43182629,2222220,10.53521644,2229714,3.990583145,4.000056075,415.741879,0.098321
(13#)149/2,2250184,2.239203,2252233,2.640664,2238390,10.84372138,2238390,10.60407403,2244729,4.031033532,4.000010723,416.992360,0.105355
(13#)75,2254159,2.247952,2267263,2.640664,2258025,10.70154327,2258025,10.49186157,2259745,4.028706808,4.000022046,418.239671,0.112330
(13#)151/2,2269648,2.234703,2282257,2.640664,2267265,10.44606576,2277660,10.38588313,2274760,4.017405539,4.000020151,419.479550,0.119225
(13#)76,2287477,2.183697,2297291,2.640664,2282280,10.74753823,2282280,10.84507562,2289775,3.985133021,4.000034124,420.718326,0.126075
(17#)9/2,2297546,2.020006,2312293,2.640664,2297295,10.90191129,2297295,10.92540949,2304790,3.935041989,4.000023603,421.950108,0.132847
(13#)77,2324848,2.023201,2327323,2.640664,2323230,10.09833162,2312310,10.24257137,2319805,3.914361382,4.000004946,423.179866,0.139571
(13#)155/2,2330698,2.195868,2342309,2.640664,2327325,10.50852305,2327325,10.59576346,2334820,3.939780276,4.000053497,424.401761,0.146215
(13#)78,2352356,2.166708,2357353,2.640664,2342340,10.08580510,2342340,10.24257131,2349835,3.947716526,4.000017970,425.624144,0.152824
(13#)157/2,2362397,2.123739,2372369,2.640664,2357355,10.31103662,2357355,10.30865239,2364850,3.985145880,4.000022685,426.840057,0.159363
(13#)79,2374888,2.183793,2387383,2.640664,2372370,10.45218633,2372370,10.37559166,2379865,3.986578370,3.999998968,428.051659,0.165843
(13#)159/2,2391553,2.170606,2402383,2.640664,2387385,10.68463514,2387385,10.44340596,2394880,3.997153479,4.000040167,429.258027,0.172260
(13#)80,2404177,2.206745,2417399,2.640664,2415105,10.29215181,2415105,10.27175229,2409895,3.978415297,4.000012707,430.461615,0.178627
(13#)161/2,2418436,2.218358,2432429,2.640664,2417415,10.63828989,2417415,10.73031266,2424910,3.992646605,4.000017518,431.662288,0.184946
(13#)81,2439559,2.167708,2447437,2.640664,2434740,10.32293673,2434740,10.36030184,2439925,3.971272629,4.000046834,432.857212,0.191200
(13#)163/2,2449693,2.069507,2462443,2.640664,2447445,10.23121739,2447445,10.30618957,2454941,3.978724638,4.000021001,434.048027,0.197400
(13#)82,2469433,2.201227,2477471,2.640664,2462460,10.30129081,2462460,10.50520112,2469956,3.989920865,4.000027028,435.236666,0.203557
(13#)165/2,2492383,2.150254,2492461,2.640664,2482935,10.26135445,2477475,10.24257107,2484971,4.002944820,4.000019829,436.418427,0.209645
(13#)83,2503348,2.175427,2507489,2.640664,2493645,10.62398884,2492490,10.36902253,2499986,3.991263126,4.000024999,437.599337,0.215698
(13#)167/2,2519329,2.174516,2522503,2.640664,2507505,10.46253835,2507505,10.30464720,2515001,3.989031665,4.000013761,438.775336,0.221695
(13#)84,2528516,2.211674,2537527,2.640664,2523675,10.81228413,2523675,10.41471504,2530016,4.001685420,4.000037837,439.948342,0.227645
(13#)169/2,2538527,2.215123,2552531,2.640664,2545620,10.52378909,2545620,10.30951586,2545031,4.036590509,3.999987997,441.116049,0.233539
(17#)5,2563973,2.206956,2567557,2.640664,2552550,10.80474962,2552550,10.92540900,2560046,4.030043021,4.000033855,442.281760,0.239392
(13#)171/2,2579207,2.195684,2582551,2.640664,2567565,10.81515250,2567565,10.84507508,2575061,3.999876818,4.000019846,443.441323,0.245186
(13#)86,2596786,2.279641,2597591,2.640664,2582580,10.80415040,2582580,10.49238968,2590076,4.021885663,4.000044949,444.600797,0.250949
(13#)173/2,2607107,2.282511,2612549,2.640664,2611455,10.83994062,2611455,10.60407333,2605091,4.030710409,3.999996827,445.750360,0.256636
(13#)87,2622397,2.207076,2627617,2.640664,2612610,10.73927545,2612610,10.62192531,2620106,4.027920013,4.000061154,446.904789,0.262318
(13#)175/2,2637112,2.217640,2642639,2.640664,2627625,10.35639393,2627625,10.24257081,2635121,3.984598568,4.000026179,448.052142,0.267937
(13#)88,2645171,2.243540,2657651,2.640664,2645370,10.39159764,2645370,10.41127194,2650136,4.016396562,3.999982623,449.195220,0.273508
(13#)177/2,2666101,2.196769,2672639,2.640664,2668575,10.70188728,2657655,10.42226498,2665151,4.033253611,4.000057683,450.332997,0.279026
(13#)89,2676151,2.231541,2687677,2.640664,2672670,10.66672377,2672670,10.36030143,2680166,4.035336880,4.000001701,451.471114,0.284519
(13#)179/2,2688646,2.212094,2702681,2.640664,2687685,10.41675136,2687685,10.30043834,2695182,3.983970026,4.000031495,452.603237,0.289957
(13#)90,2713981,2.183915,2717713,2.640664,2709630,9.97083006,2709630,10.49186075,2710197,3.972475660,4.000011910,453.734076,0.295362
(13#)181/2,2731523,2.171731,2732701,2.640664,2721180,10.51237058,2717715,10.29979173,2725212,3.996066777,4.000001546,454.858248,0.300710
(13#)91,2737006,2.137177,2747713,2.640664,2732730,10.08306381,2732730,10.24257064,2740227,3.970184182,4.000062887,455.980889,0.306026
(13#)183/2,2753578,2.197591,2762759,2.640664,2747745,10.57801378,2747745,10.41617351,2755242,3.946179155,4.000010820,457.102756,0.311312
(13#)92,2774302,2.254459,2777771,2.640664,2762760,10.60969863,2762760,10.73031205,2770257,3.994083188,4.000010326,458.218806,0.316547
(13#)185/2,2789569,2.243756,2792773,2.640664,2777775,10.62107662,2777775,10.53521544,2785272,4.044678307,4.000038431,459.330866,0.321739
(13#)93,2804299,2.193318,2807789,2.640664,2792790,10.95524227,2792790,10.59576263,2800287,4.077485971,4.000005373,460.440739,0.326896
(17#)11/2,2818276,2.284102,2822819,2.640664,2807805,11.24639704,2807805,10.92540856,2815302,4.057728621,4.000038364,461.548444,0.332020
(13#)94,2824306,2.239894,2837803,2.640664,2822820,10.58426715,2822820,10.47018317,2830317,4.052807426,4.000027056,462.649595,0.337090
(13#)189/2,2841166,2.188566,2852849,2.640664,2837835,10.40623860,2847075,10.38588215,2845332,4.038380853,4.000005858,463.752149,0.342143
(13#)95,2865007,2.192574,2867861,2.640664,2852850,10.99338895,2852850,10.84507460,2860347,3.984757252,4.000010681,464.849089,0.347147
(13#)191/2,2869586,2.159935,2882863,2.640664,2867865,10.10469273,2867865,10.29676393,2875362,3.970435088,4.000047235,465.942207,0.352112
(13#)96,2889301,2.274633,2897893,2.640664,2882880,10.16709421,2882880,10.24257041,2890377,3.945797555,4.000058614,467.034292,0.357050
(13#)193/2,2911721,2.210784,2912893,2.640664,2905980,9.91194854,2905980,10.30109935,2905392,3.939502109,3.999993387,468.121153,0.361942
(13#)97,2913832,2.228863,2927917,2.640664,2912910,10.40736333,2912910,10.35038689,2920407,3.950776859,4.000031893,469.206731,0.366806
(13#)195/2,2928017,2.229187,2942909,2.640664,2940630,10.15825503,2927925,10.24257034,2935422,3.971723389,4.000013353,470.287005,0.371626
(13#)98,2952199,2.242233,2957947,2.640664,2942940,10.16102205,2942940,10.24257032,2950437,3.981749234,4.000005514,471.367614,0.376425
(13#)197/2,2968153,2.231808,2972969,2.640664,2957955,10.47172889,2957955,10.29509630,2965452,3.993555507,4.000041183,472.444118,0.381186
(13#)99,2979682,2.224337,2987983,2.640664,2984520,10.46726133,2984520,10.60407274,2980468,3.976867938,4.000010192,473.517121,0.385910
(13#)199/2,2988283,2.180719,3002981,2.640664,2993445,10.17409674,2987985,10.29456300,2995483,3.976750123,4.000050359,474.586080,0.390596
(13#)100,3008938,2.139340,3018013,2.640664,3016650,10.18176226,3003000,10.24257023,3010498,3.971957369,4.000005200,475.654576,0.395260
(13#)201/2,3019858,2.226987,3033011,2.640663,3028410,10.26063654,3028410,10.41471423,3025513,3.964301977,4.000013998,476.717797,0.399879
(13#)101,3041608,2.241316,3048043,2.640663,3033030,10.36913537,3043425,10.36030087,3040528,3.990838434,4.000015192,477.780587,0.404479
(13#)203/2,3060964,2.191750,3063059,2.640663,3048045,10.44670797,3048045,10.62192462,3055543,3.971593511,4.000013137,478.839426,0.409041
(17#)6,3063694,2.227320,3078073,2.640663,3063060,10.85898710,3063060,10.92540816,3070558,3.995292375,4.000048735,479.895328,0.413572
(13#)205/2,3081739,2.299466,3093071,2.640663,3078075,10.49765120,3078075,10.50520013,3085573,4.012048314,4.000046600,480.947335,0.418067
(13#)103,3095308,2.281496,3108103,2.640663,3094245,10.59787734,3093090,10.34398170,3100588,4.015727742,3.999981831,481.998970,0.422541
(13#)207/2,3115402,2.222816,3123091,2.640663,3108105,10.98021149,3108105,10.73031153,3115603,4.039049724,4.000021018,483.044798,0.426973
(13#)104,3128803,2.260340,3138131,2.640663,3123120,10.16469140,3123120,10.24257007,3130618,4.017058634,4.000035670,484.091537,0.431389
(13#)209/2,3147163,2.185172,3153149,2.640663,3138135,11.04434868,3138135,10.84507417,3145633,4.023400260,4.000029745,485.134048,0.435770
(13#)105,3163168,2.329698,3168119,2.640663,3161235,11.20112666,3161235,10.49186008,3160648,4.062484255,4.000030330,486.170565,0.440107
(13#)211/2,3178369,2.338073,3183179,2.640663,3168165,10.37427834,3182025,10.30951489,3175663,4.059666098,4.000018835,487.210652,0.444442
(13#)106,3184942,2.261835,3198191,2.640663,3183180,10.81862335,3183180,10.44340470,3190678,4.083528431,4.000014569,488.244786,0.448734
(13#)213/2,3207779,2.292646,3213163,2.640663,3198195,11.02614268,3198195,10.39101301,3205693,4.069903739,4.000027130,489.273560,0.452987
(13#)107,3225197,2.290834,3228223,2.640663,3213210,10.78466215,3213210,10.34011823,3220708,4.067859223,4.000025750,490.305776,0.457237
(13#)215/2,3236348,2.266229,3243239,2.640663,3228225,10.72328587,3228225,10.49238871,3235723,4.069427245,4.000004983,491.332394,0.461446
(13#)108,3245399,2.287321,3258247,2.640663,3247860,10.44575592,3243240,10.24256991,3250738,4.023199747,4.000042942,492.355907,0.465627
(13#)217/2,3265187,2.257674,3273269,2.640663,3258255,10.37257391,3258255,10.59576196,3265753,3.999853223,4.000012997,493.377832,0.469784
(13#)109,3287294,2.165618,3288269,2.640663,3273270,10.74505798,3273270,10.33829482,3280768,3.988845428,4.000024641,494.395740,0.473908
(13#)219/2,3289226,2.225823,3303281,2.640663,3288285,10.08886754,3288285,10.38683140,3295783,3.976613626,4.000008397,495.411958,0.478009
(13#)110,3304094,2.252068,3318307,2.640663,3303300,10.09268516,3303300,10.24256983,3310798,3.950633559,4.000030376,496.426633,0.482088
(17#)13/2,3320662,2.207555,3333313,2.640663,3318315,10.96634431,3318315,10.92540780,3325814,3.956638675,4.000042480,497.437488,0.486136
(13#)111,3338372,2.180086,3348307,2.640663,3333330,10.28240376,3333330,10.53521465,3340829,3.963939301,4.000010843,498.445087,0.490154
(13#)223/2,3348887,2.243184,3363343,2.640663,3357585,10.57091623,3357585,10.60407223,3355844,3.996784907,4.000028910,499.453068,0.494159
(13#)112,3370529,2.179221,3378373,2.640663,3377220,10.20924151,3377220,10.25922433,3370859,3.997410928,3.999998244,500.458221,0.498137
(13#)225/2,3381344,2.258735,3393373,2.640663,3378375,10.23191134,3378375,10.24256974,3385874,4.022149958,4.000062378,501.458967,0.502083
(13#)113,3403934,2.194692,3408389,2.640663,3393390,10.62777034,3393390,10.33484512,3400889,4.029117134,4.000016984,502.458395,0.506008
(13#)227/2,3409631,2.276455,3423419,2.640663,3416490,10.79437204,3416490,10.38588136,3415904,4.035147802,3.999975153,503.456380,0.509913
(13#)114,3431089,2.281014,3438419,2.640663,3423420,10.70776257,3423420,10.84507378,3430919,3.982462828,4.000063141,504.450020,0.513786
(13#)229/2,3443459,2.231768,3453409,2.640663,3438435,10.23706997,3438435,10.28769112,3445934,3.957154507,3.999994896,505.440666,0.517632
(13#)115,3462722,2.229378,3468463,2.640663,3453450,10.40840553,3453450,10.73031106,3460949,3.936655685,4.000051852,506.433212,0.521472
(13#)231/2,3469519,2.217232,3483463,2.640663,3468465,9.86728574,3468465,10.24256963,3475964,3.903165963,4.000015119,507.419890,0.525274
(13#)116,3491869,2.138364,3498493,2.640663,3483480,10.13048281,3483480,10.62192404,3490979,3.875165725,4.000019702,508.406246,0.529061
(13#)233/2,3500254,2.192044,3513491,2.640663,3498495,9.97658112,3498495,10.28690972,3505994,3.857611110,4.000058189,509.388228,0.532818
(13#)117,3517952,2.182458,3528521,2.640663,3527160,10.10416097,3527160,10.41127070,3521009,3.884969300,3.999980049,510.370041,0.536559
(13#)235/2,3529576,2.200977,3543523,2.640663,3528525,10.39748285,3528525,10.47018221,3536024,3.910014696,4.000038034,511.347780,0.540272
(13#)118,3547982,2.281322,3558553,2.640663,3543540,10.45795496,3543540,10.42226374,3551039,3.960662694,4.000012281,512.325108,0.543969
(13#)237/2,3563267,2.297351,3573529,2.640663,3558555,10.40322510,3558555,10.37558991,3566054,4.001238391,4.000004675,513.296714,0.547632
(17#)7,3574687,2.291001,3588527,2.640663,3573570,11.06657009,3573570,10.92540747,3581069,4.031617178,4.000037312,514.267550,0.551278
(13#)239/2,3593059,2.305189,3603583,2.640663,3593205,10.34056916,3588585,10.28578708,3596084,4.015539082,4.000052843,515.239944,0.554916
(13#)120,3611617,2.302989,3618583,2.640663,3603600,10.39554332,3612840,10.49185951,3611099,4.018617100,3.999997746,516.206546,0.558520
(13#)241/2,3623707,2.280203,3633583,2.640663,3618615,10.18881268,3632475,10.30109841,3626114,4.035340523,4.000014307,517.170990,0.562103
(13#)121,3645338,2.340600,3648643,2.640663,3633630,10.38531163,3633630,10.24256944,3641129,4.056037049,4.000036369,518.137136,0.565680
(13#)243/2,3661204,2.283880,3663659,2.640663,3652110,10.64376408,3652110,10.36030010,3656144,4.051530923,4.000025075,519.098321,0.569225
(13#)122,3664922,2.321766,3678671,2.640663,3663660,10.75040719,3663660,10.41617227,3671159,4.040653482,4.000013924,520.057131,0.572750
(13#)245/2,3679408,2.313846,3693689,2.640663,3678675,10.52933854,3678675,10.24256938,3686174,4.014828788,4.000036112,521.014216,0.576255
(13#)123,3705358,2.299757,3708697,2.640663,3693690,10.61909369,3693690,10.50519935,3701189,4.025057847,4.000001138,521.968571,0.579738
(13#)247/2,3708823,2.266311,3723719,2.640663,3708705,11.00023476,3708705,10.84507343,3716204,4.027936889,4.000037345,522.921734,0.583205
(13#)124,3734708,2.284088,3738733,2.640663,3723720,10.52098900,3730650,10.60407177,3731219,4.012357606,4.000019911,523.872321,0.586650
(13#)249/2,3751247,2.259685,3753721,2.640663,3738735,10.06880729,3738735,10.36902079,3746234,3.997508016,4.000011999,524.819213,0.590070
(13#)125,3761897,2.285347,3768731,2.640663,3753750,10.22132440,3753750,10.24256930,3761250,4.005600569,4.000048640,525.765454,0.593475
(13#)251/2,3769772,2.288990,3783739,2.640663,3769920,10.32333961,3768765,10.28370410,3776265,4.013032321,4.000024945,526.709542,0.596862
(13#)126,3786152,2.179556,3798793,2.640663,3783780,10.31389091,3783780,10.24256927,3791280,3.986636084,4.000004626,527.654498,0.600239
(13#)253/2,3800009,2.273152,3813773,2.640663,3798795,10.83527454,3798795,10.73031065,3806295,3.986023765,4.000012387,528.592808,0.603582
(13#)127,3828641,2.281448,3828821,2.640663,3813810,10.38213694,3813810,10.32450979,3821310,3.980930771,4.000025649,529.533380,0.606921
(17#)15/2,3833054,2.271492,3843823,2.640663,3828825,11.01499164,3828825,10.92540717,3836325,4.018626318,4.000040668,530.469096,0.610231
(13#)128,3846649,2.318090,3858851,2.640663,3848460,10.32378387,3843840,10.24256920,3851340,4.018056235,4.000012248,531.404463,0.613529
(13#)257/2,3867847,2.314641,3873847,2.640663,3861585,10.15608442,3858855,10.28273613,3866355,4.024990247,4.000007909,532.335884,0.616802
(13#)129,3883408,2.276242,3888851,2.640663,3873870,10.63755681,3873870,10.49238793,3881370,4.011839701,4.000027353,533.265859,0.620059
(13#)259/2,3901036,2.244652,3903899,2.640663,3888885,10.41253980,3888885,10.53521399,3896385,4.008449244,4.000050310,534.196622,0.623308
(13#)130,3915676,2.244888,3918913,2.640663,3907365,10.41500959,3903900,10.24256914,3911400,3.986580037,3.999989189,535.123358,0.626532
(13#)261/2,3922939,2.248818,3933929,2.640663,3918915,10.54634492,3918915,10.62192354,3926415,3.982495886,4.000022212,536.048306,0.629740
(13#)131,3936271,2.159689,3948911,2.640663,3946635,10.14533670,3933930,10.32196887,3941430,3.977088138,4.000057123,536.969265,0.632922
(13#)263/2,3961351,2.229841,3963959,2.640663,3948945,10.49166574,3948945,10.28181266,3956445,3.966878860,4.000015331,537.892389,0.636102
(13#)132,3966103,2.272230,3978971,2.640663,3968055,10.38085501,3968055,10.41127021,3971460,3.984117788,4.000007264,538.811425,0.639258
(13#)265/2,3992036,2.311269,3993959,2.640663,3985905,10.55557410,3978975,10.44340375,3986475,4.008933244,4.000015618,539.727130,0.642391
(13#)133,4004722,2.260592,4009003,2.640663,3993990,10.95156577,3993990,10.84507311,4001490,3.988535896,4.000024274,540.644397,0.645520
(13#)267/2,4016021,2.247682,4024003,2.640663,4009005,10.24439933,4009005,10.36029971,4016505,3.986515884,4.000041808,541.557137,0.648623
(13#)134,4036906,2.222918,4039019,2.640663,4037880,10.67954245,4037880,10.41471302,4031520,4.018909214,4.000036649,542.469016,0.651713
(13#)269/2,4041164,2.294163,4054033,2.640663,4039035,10.14158640,4039035,10.28093068,4046535,4.018203930,4.000005427,543.378950,0.654787
(13#)135,4067738,2.281148,4069063,2.640663,4064445,10.62619629,4064445,10.49185902,4061550,4.022411000,4.000015983,544.288037,0.657848
(13#)271/2,4074142,2.270757,4084079,2.640663,4069065,10.38971689,4081770,10.28412096,4076565,3.997756893,4.000001892,545.194473,0.660890
(17#)8,4093013,2.297900,4099093,2.640663,4084080,11.08290066,4084080,10.92540689,4091580,4.001800362,4.000041881,546.098995,0.663916
(13#)273/2,4107721,2.240160,4114087,2.640663,4103715,10.63176853,4103715,10.60407137,4106595,3.987963425,4.000023726,547.000533,0.666923
(13#)137,4128346,2.230444,4129109,2.640663,4114110,10.22601572,4114110,10.31843981,4121610,3.988440119,4.000030875,547.901982,0.669920
(13#)275/2,4143077,2.302459,4144121,2.640663,4129125,10.20803048,4129125,10.24256891,4136625,4.000042404,4.000006471,548.801067,0.672899
(13#)138,4155764,2.253437,4159153,2.640663,4144140,10.59892727,4144140,10.73031027,4151640,3.995961817,4.000037329,549.699594,0.675868
(13#)277/2,4172087,2.267165,4174151,2.640663,4162620,10.53672756,4159155,10.27981459,4166655,3.986938938,4.000038222,550.594348,0.678815
(13#)139,4176296,2.243802,4189183,2.640663,4174170,10.48992808,4174170,10.31733214,4181670,3.981491745,3.999994869,551.489394,0.681753
(13#)279/2,4192121,2.236450,4194304,2.640662,4189185,10.81239511,4189185,10.59576088,4196685,4.011976392,4.000043992,551.793917,0.682750
(13#)140,4208426,2.342126,4219211,2.640663,4204200,10.42483161,4204200,10.24256884,4211700,4.013099275,4.000010666,553.272178,0.687579
(13#)281/2,4231454,2.232447,4234229,2.640663,4219215,10.47724916,4219215,10.27928054,4226715,3.973429278,4.000017327,554.161244,0.690470
(13#)141,4238504,2.299548,4249241,2.640663,4234230,10.31836268,4234230,10.47018145,4241730,3.975374995,4.000011771,555.048259,0.693347
(13#)283/2,4250639,2.258755,4264259,2.640663,4260795,10.36745367,4260795,10.36029946,4256745,3.958736874,4.000018389,555.933942,0.696210
(13#)142,4278179,2.246124,4279267,2.640663,4264260,10.59783827,4264260,10.39101181,4271760,3.953144404,4.000055478,556.817358,0.699057
(13#)285/2,4283894,2.166888,4294259,2.640663,4279275,10.66324889,4279275,10.84507281,4286775,3.937459528,4.000018843,557.698169,0.701887
(13#)143,4304087,2.241303,4309297,2.640663,4301220,10.19935222,4294290,10.24256875,4301790,3.943013543,4.000008242,558.580020,0.704712
(13#)287/2,4316324,2.256552,4324303,2.640663,4309305,10.44617657,4309305,10.50519871,4316805,3.953504674,4.000033434,559.458344,0.707517
(13#)144,4330688,2.256929,4339333,2.640663,4324320,10.04831270,4324320,10.24256872,4331820,3.940375935,4.000014424,560.336429,0.710312
(17#)17/2,4343501,2.161653,4354349,2.640663,4339335,10.54166752,4339335,10.92540663,4346836,3.947339934,4.000011342,561.212062,0.713092
(13#)145,4362716,2.249393,4369349,2.640663,4354350,10.64067859,4354350,10.62192309,4361851,3.995892474,4.000035589,562.085140,0.715855
(13#)291/2,4379369,2.282975,4384379,2.640663,4369365,10.23899145,4369365,10.35038520,4376866,4.015635074,3.999996914,562.958347,0.718610
(13#)146,4397986,2.220088,4399363,2.640663,4384380,10.56367794,4384380,10.38683020,4391881,4.028211194,4.000057705,563.827279,0.721344
(13#)293/2,4408687,2.303754,4414379,2.640663,4408950,10.70274345,4408950,10.41126978,4406896,4.032047918,4.000028122,564.696468,0.724071
(13#)147,4418434,2.340008,4429417,2.640663,4414410,10.22275522,4414410,10.24256864,4421911,4.062096614,3.999986613,565.565338,0.726788
(13#)295/2,4429549,2.307854,4444409,2.640663,4437510,10.56163449,4429425,10.42226281,4436926,4.066259381,4.000018723,566.429970,0.729484
(13#)148,4453481,2.303803,4459451,2.640663,4444440,10.70256676,4444440,10.53521343,4451941,4.039920702,4.000060241,567.295909,0.732177
(13#)297/2,4464067,2.366256,4474469,2.640663,4459455,10.38200177,4459455,10.24256860,4466956,4.035187840,4.000011371,568.158898,0.734852
(13#)149,4487918,2.328576,4489483,2.640663,4476780,10.62866093,4476780,10.60407101,4481971,4.038955326,3.999994781,569.020101,0.737514
(13#)299/2,4492633,2.339811,4504457,2.640663,4489485,10.97702878,4489485,10.73030994,4496986,4.021336197,4.000049747,569.877466,0.740157
(13#)150,4517633,2.295272,4519499,2.640663,4516050,10.55485205,4516050,10.49185858,4512001,4.004029976,4.000015200,570.737180,0.742799
(13#)301/2,4531763,2.289073,4534501,2.640663,4519515,10.34166839,4519515,10.49238729,4527016,3.991958155,4.000030518,571.593076,0.745422
(13#)151,4540013,2.272204,4549537,2.640663,4542615,10.50117337,4542615,10.41471254,4542031,3.993217623,4.000011091,572.449383,0.748038
(13#)303/2,4551473,2.313500,4564559,2.640663,4555320,10.59466995,4555320,10.38588017,4557046,3.979090165,4.000009052,573.303372,0.750640
(13#)152,4568327,2.338999,4579567,2.640663,4564560,10.63526656,4564560,10.84507254,4572061,3.971195226,4.000026423,574.155057,0.753228
(13#)305/2,4584319,2.299086,4594589,2.640663,4579575,10.48010839,4579575,10.41617135,4587076,3.968306573,4.000017957,575.006032,0.755806
(17#)9,4597532,2.280217,4609597,2.640663,4594590,10.97474157,4594590,10.92540638,4602091,3.986285322,4.000037109,575.854719,0.758369
(13#)307/2,4614388,2.357893,4624603,2.640663,4609605,10.25716150,4609605,10.27615066,4617106,4.017360817,4.000032378,576.701808,0.760921
(13#)154,4635076,2.329195,4639633,2.640663,4624620,10.52163363,4624620,10.24256845,4632121,4.014791724,4.000029276,577.548770,0.763465
(13#)309/2,4642766,2.338838,4654649,2.640663,4639635,10.42695098,4639635,10.34398001,4647136,4.005293430,4.000003989,578.393468,0.765996
(13#)155,4667111,2.282965,4669627,2.640663,4654650,10.60521541,4654650,10.59576044,4662151,4.011054070,4.000035733,579.234570,0.768508
(13#)311/2,4683493,2.295360,4684661,2.640663,4669665,10.39449471,4669665,10.27571589,4677166,4.005392630,4.000025753,580.077357,0.771018
(13#)156,4685866,2.300796,4699691,2.640663,4692765,10.16974405,4684680,10.24256840,4692181,3.993591016,4.000001908,580.918465,0.773517
(13#)313/2,4707958,2.284989,4714691,2.640663,4699695,10.20816450,4699695,10.27550269,4707196,3.988139953,4.000034969,581.756452,0.775999
(13#)157,4726327,2.290057,4729693,2.640663,4714710,10.30803546,4714710,10.30864946,4722211,3.983626252,4.000002562,582.593117,0.778471
(13#)315/2,4730806,2.256212,4744711,2.640663,4729725,10.52257606,4729725,10.24256836,4737226,4.007978533,4.000070619,583.429245,0.780934
(13#)158,4745044,2.326804,4759753,2.640663,4744740,10.45529675,4744740,10.37558872,4752241,3.989300776,3.999988479,584.265282,0.783390
(13#)317/2,4765414,2.267349,4774769,2.640663,4762065,10.35225281,4762065,10.28412034,4767256,3.980599148,3.999996549,585.098457,0.785831
(13#)159,4779979,2.337335,4789783,2.640663,4774770,10.15716843,4774770,10.44340300,4782271,3.980654161,4.000061609,585.930112,0.788261
(13#)319/2,4790801,2.339066,4804799,2.640663,4789785,10.76170704,4789785,10.62192270,4797286,3.987118790,4.000002707,586.760475,0.790680
(13#)160,4815091,2.347696,4819813,2.640663,4804800,10.19009246,4804800,10.24256830,4812301,3.986815650,4.000042394,587.589333,0.793089
(13#)321/2,4827454,2.298509,4834829,2.640663,4819815,10.51471812,4819815,10.34011656,4827316,4.025469557,3.999991083,588.416912,0.795487
(13#)161,4844596,2.316469,4849843,2.640663,4834830,10.88136291,4834830,10.73030962,4842331,4.021548841,4.000000189,589.242999,0.797875
(19#)/2,5042162,2.207042,5105063,2.640663,4849845,11.52765470,4849845,11.56807710,4975835,4.021384555,4.000023199,603.080295,0.836933
(17#)10,5145022,2.257707,5360353,2.640663,5222910,10.84861707,5105100,10.92540593,5231170,4.001722978,4.000022049,616.553784,0.873344
(17#)21/2,5549183,2.275124,5615609,2.640662,5360355,11.01295933,5360355,10.92540573,5486498,3.970353420,4.000023398,629.684581,0.907387
(17#)11,5771728,2.241475,5870857,2.640662,5615610,10.98852426,5615610,10.92540553,5741819,3.985652524,4.000019367,642.497734,0.939318
(17#)23/2,6046342,2.266022,6126091,2.640662,5870865,11.63540134,5870865,11.44566275,5997134,4.004344633,4.000024656,655.014022,0.969349
(17#)12,6148612,2.283989,6381371,2.640662,6216210,10.76238733,6126120,10.92540517,6252445,4.000629265,4.000020762,667.255167,0.997673
(17#)25/2,6400841,2.288785,6636611,2.640662,6561555,11.43451436,6561555,11.36150299,6507751,3.988141076,4.000023497,679.233971,1.024440
(17#)13,6693457,2.290983,6891883,2.640662,6846840,10.86480798,6636630,10.92540485,6763053,4.020360273,4.000021560,690.969122,1.049797
(17#)27/2,7027453,2.304305,7147139,2.640662,6906900,11.10395101,6891885,10.92540469,7018352,4.021502059,4.000021013,702.472259,1.073863
(17#)14,7238279,2.272039,7402363,2.640662,7147140,10.95576298,7147140,10.92540455,7273647,3.986983872,4.000020469,713.755342,1.096744
(17#)29/2,7406156,2.309152,7657613,2.640662,7402395,11.46870829,7402395,11.33004902,7528940,3.987391818,4.000022806,724.832464,1.118541
(17#)15,7828507,2.348231,7912889,2.640662,7702695,11.00187752,7657650,10.92540427,7784231,3.997960411,4.000020338,735.714115,1.139340
(17#)31/2,8053436,2.242582,8168117,2.640662,7912905,11.35407338,7912905,11.30214222,8039519,3.985973120,4.000024436,746.406860,1.159209
(17#)16,8315354,2.344825,8388608,2.640662,8273265,11.16785603,8273265,11.24673938,8294805,3.996521390,4.000020562,755.500753,1.175682
(17#)33/2,8448997,2.343191,8678669,2.640662,8580495,11.20511932,8580495,11.10902405,8550090,4.026810193,4.000021803,767.270709,1.196446
(17#)17,8751206,2.332049,8933917,2.640662,8843835,11.24970274,8843835,11.21903778,8805372,3.995526807,4.000021489,777.454562,1.213924
(17#)35/2,8989402,2.325343,9189157,2.640662,9129120,10.86578904,8933925,10.92540366,9060653,3.984999101,4.000021412,787.483126,1.230711
(17#)18,9372004,2.351153,9444403,2.640662,9189180,11.10085504,9189180,10.92540355,9315933,4.000553753,4.000021161,797.363539,1.246853
(17#)37/2,9530099,2.355128,9699667,2.640662,9444435,11.21879712,9444435,11.23755783,9571211,4.002632987,4.000020403,807.102383,1.262392
